{"type":"FeatureCollection","features":[{"type":"Feature","id":"11","properties":{"sido_code":"11","sido_name":"서울특별시","name_eng":"Seoul","kostat_code":"11","base_year":"2018"},"geometry":{"type":"Polygon","coordinates":[[[126.76619,37.55425],[126.76459,37.55546],[126.76728,37.55661],[126.77069,37.55722],[126.77556,37.56184],[126.77795,37.56013],[126.77708,37.56371],[126.77592,37.5652],[126.77701,37.56635],[126.78049,37.56795],[126.78238,37.57361],[126.78754,37.57554],[126.79131,37.5812],[126.79219,37.58016],[126.79371,37.58159],[126.79342,37.58451],[126.80054,37.58786],[126.80119,37.5894],[126.80032,37.59204],[126.79763,37.59479],[126.79705,37.59776],[126.79792,37.60002],[126.80257,37.60503],[126.81136,37.59897],[126.81753,37.59534],[126.82007,37.59243],[126.82762,37.58759],[126.83191,37.58572],[126.83714,37.58258],[126.85362,37.5718],[126.85362,37.57378],[126.85928,37.57526],[126.86342,37.57686],[126.87061,37.57801],[126.87628,37.57818],[126.87766,37.57977],[126.87671,37.58462],[126.87751,37.58627],[126.88005,37.58907],[126.88528,37.59391],[126.88732,37.59391],[126.88557,37.59149],[126.88579,37.58951],[126.88761,37.58869],[126.89145,37.58847],[126.89639,37.58874],[126.89966,37.58984],[126.89966,37.59138],[126.90119,37.59628],[126.90133,37.59936],[126.89995,37.60206],[126.90017,37.6031],[126.90213,37.60376],[126.90031,37.61119],[126.90184,37.61575],[126.90336,37.61883],[126.90525,37.61905],[126.90554,37.62065],[126.90714,37.62192],[126.90699,37.62395],[126.90859,37.62626],[126.90881,37.62907],[126.9062,37.63319],[126.9091,37.63435],[126.91121,37.63589],[126.91113,37.64101],[126.9123,37.64431],[126.90649,37.64772],[126.90482,37.64915],[126.91375,37.64475],[126.92428,37.64618],[126.92711,37.6481],[126.93154,37.6503],[126.93568,37.65118],[126.93742,37.65267],[126.93844,37.65476],[126.94207,37.65773],[126.94752,37.65916],[126.94788,37.65712],[126.95136,37.65492],[126.95405,37.65498],[126.9571,37.65283],[126.95841,37.64766],[126.95928,37.64211],[126.96335,37.63325],[126.95979,37.62978],[126.96705,37.63072],[126.973,37.63237],[126.9754,37.63171],[126.977,37.63297],[126.98419,37.63633],[126.98586,37.64062],[126.98383,37.64216],[126.98324,37.6437],[126.98513,37.64596],[126.98397,37.64959],[126.98252,37.65052],[126.98041,37.65377],[126.97969,37.65602],[126.98288,37.65646],[126.986,37.65894],[126.98731,37.66059],[126.98825,37.66439],[126.99225,37.66521],[126.99414,37.66703],[126.99356,37.6678],[126.99399,37.67489],[126.9929,37.6788],[126.99218,37.67963],[126.99406,37.68034],[126.99697,37.68265],[127.00459,37.68507],[127.00866,37.68447],[127.0083,37.69013],[127.00968,37.69338],[127.00968,37.69668],[127.01215,37.69739],[127.01389,37.69883],[127.01541,37.70147],[127.01984,37.70103],[127.02217,37.69971],[127.02529,37.6996],[127.02769,37.70092],[127.02928,37.69927],[127.02972,37.69629],[127.03241,37.69184],[127.03575,37.69239],[127.04112,37.6953],[127.04308,37.69525],[127.04511,37.69239],[127.0486,37.69404],[127.05063,37.6865],[127.0547,37.6887],[127.05964,37.69035],[127.0624,37.69305],[127.06341,37.69492],[127.06915,37.69371],[127.07264,37.69382],[127.07445,37.69503],[127.07823,37.69596],[127.08113,37.69613],[127.08382,37.69426],[127.08389,37.69178],[127.0852,37.69041],[127.09057,37.68958],[127.09304,37.68997],[127.09602,37.68909],[127.09646,37.68562],[127.0929,37.68155],[127.09195,37.67919],[127.09399,37.67561],[127.09646,37.66967],[127.09457,37.66615],[127.09544,37.66389],[127.09413,37.66329],[127.09123,37.65932],[127.09232,37.65547],[127.09399,37.65228],[127.09246,37.6497],[127.09457,37.64458],[127.09755,37.64398],[127.10285,37.64541],[127.10771,37.64497],[127.10931,37.64288],[127.11127,37.64238],[127.11178,37.64073],[127.11091,37.63825],[127.1125,37.63649],[127.11221,37.63264],[127.11163,37.63149],[127.10597,37.62731],[127.10408,37.62164],[127.10553,37.62037],[127.11127,37.62071],[127.11621,37.61894],[127.11722,37.61674],[127.11664,37.61603],[127.11737,37.61223],[127.11672,37.60882],[127.11802,37.60459],[127.1141,37.60013],[127.11686,37.59551],[127.11664,37.59402],[127.1133,37.59325],[127.11018,37.58742],[127.10895,37.58341],[127.10343,37.5806],[127.10118,37.57609],[127.10089,37.57378],[127.10168,37.5724],[127.10423,37.57141],[127.10118,37.56156],[127.10125,37.56046],[127.10495,37.55645],[127.10996,37.55832],[127.11294,37.55881],[127.11519,37.55678],[127.1173,37.55942],[127.12296,37.56349],[127.12863,37.56619],[127.13429,37.56795],[127.13763,37.56844],[127.14896,37.56844],[127.15687,37.57295],[127.16254,37.57675],[127.16675,37.57895],[127.17024,37.579],[127.1751,37.58027],[127.17713,37.5812],[127.1767,37.57906],[127.17539,37.57829],[127.17568,37.57482],[127.17779,37.57207],[127.17917,37.5691],[127.17946,37.56657],[127.18207,37.56041],[127.18135,37.55326],[127.18294,37.55023],[127.18273,37.54649],[127.17931,37.54655],[127.17568,37.54523],[127.17394,37.54561],[127.16515,37.54462],[127.16319,37.54501],[127.15673,37.53758],[127.156,37.53736],[127.15353,37.53367],[127.15317,37.52911],[127.14947,37.52504],[127.1478,37.52217],[127.14576,37.52195],[127.14482,37.51937],[127.14547,37.51607],[127.14213,37.51464],[127.13995,37.50864],[127.14148,37.50672],[127.14112,37.50545],[127.14547,37.50331],[127.14772,37.50319],[127.15085,37.50408],[127.15208,37.50297],[127.15658,37.50187],[127.15775,37.50319],[127.16138,37.50022],[127.15985,37.49571],[127.16,37.49439],[127.15738,37.48911],[127.14867,37.48405],[127.14758,37.48229],[127.14714,37.47723],[127.14438,37.47734],[127.14351,37.47393],[127.1364,37.47415],[127.13284,37.47464],[127.13276,37.46837],[127.1308,37.46771],[127.12667,37.46865],[127.12485,37.46953],[127.12521,37.46782],[127.12318,37.46601],[127.11744,37.46221],[127.11686,37.45863],[127.11548,37.45869],[127.11185,37.46166],[127.10619,37.46243],[127.10437,37.46215],[127.10394,37.46006],[127.09929,37.45665],[127.09355,37.45588],[127.08883,37.44978],[127.08818,37.44538],[127.08288,37.44218],[127.08019,37.44103],[127.07598,37.44213],[127.07227,37.44218],[127.0722,37.43938],[127.07387,37.4374],[127.06959,37.43063],[127.06567,37.42915],[127.06116,37.42997],[127.05347,37.42882],[127.04737,37.43069],[127.04642,37.433],[127.04112,37.43778],[127.03698,37.43828],[127.0356,37.43899],[127.03517,37.44092],[127.03662,37.44207],[127.03822,37.44499],[127.03778,37.44945],[127.03575,37.4522],[127.03713,37.45522],[127.03495,37.46017],[127.03459,37.46419],[127.03117,37.46562],[127.02994,37.46535],[127.02812,37.46061],[127.02638,37.45808],[127.02151,37.45621],[127.01454,37.45484],[127.01069,37.45577],[127.00924,37.4572],[127.00445,37.46408],[127.00488,37.46584],[127.00365,37.46771],[127.00271,37.46711],[126.99719,37.46722],[126.99632,37.46667],[126.9974,37.46369],[126.99675,37.46188],[126.99312,37.46127],[126.98862,37.45814],[126.98237,37.45594],[126.9746,37.4544],[126.97177,37.45176],[126.97054,37.44945],[126.96763,37.4484],[126.96429,37.44626],[126.96393,37.44521],[126.96465,37.44202],[126.96291,37.44026],[126.95899,37.4391],[126.94926,37.43822],[126.94817,37.43861],[126.94512,37.43707],[126.94025,37.43569],[126.93771,37.4374],[126.93786,37.4402],[126.9367,37.44169],[126.93052,37.44549],[126.93038,37.44736],[126.92842,37.45022],[126.92827,37.44934],[126.92399,37.4462],[126.92072,37.44152],[126.91869,37.43998],[126.91317,37.4391],[126.91121,37.43718],[126.91135,37.43619],[126.90939,37.43388],[126.90663,37.4336],[126.903,37.43404],[126.90184,37.43641],[126.89901,37.43872],[126.89959,37.44037],[126.89828,37.44323],[126.89581,37.44565],[126.89567,37.44829],[126.894,37.45269],[126.88978,37.45225],[126.88877,37.45478],[126.8863,37.45627],[126.88535,37.45951],[126.88623,37.46094],[126.88884,37.46094],[126.8871,37.46292],[126.88485,37.46254],[126.88289,37.46425],[126.88456,37.46568],[126.87802,37.47382],[126.87613,37.47684],[126.87337,37.48245],[126.87178,37.48499],[126.87243,37.48609],[126.87453,37.48537],[126.87671,37.48785],[126.87606,37.48906],[126.87308,37.48823],[126.87243,37.48933],[126.87395,37.49131],[126.8701,37.48972],[126.86938,37.49203],[126.86952,37.49434],[126.86764,37.49467],[126.86451,37.4912],[126.86161,37.49021],[126.85798,37.48609],[126.85653,37.4857],[126.85268,37.48179],[126.84701,37.4819],[126.846,37.4808],[126.84534,37.47382],[126.8428,37.47497],[126.83823,37.47536],[126.83459,37.47486],[126.83307,37.47723],[126.83176,37.47767],[126.82784,37.47596],[126.81942,37.47635],[126.81767,37.47321],[126.81462,37.47475],[126.81528,37.47635],[126.81826,37.47816],[126.81956,37.48031],[126.82131,37.4862],[126.82319,37.48752],[126.8208,37.49054],[126.81455,37.49318],[126.81303,37.49637],[126.81412,37.49786],[126.81608,37.49764],[126.81964,37.49923],[126.8216,37.50215],[126.82254,37.50567],[126.82225,37.50771],[126.82624,37.50875],[126.82697,37.5104],[126.82421,37.51051],[126.82457,37.51805],[126.82552,37.51986],[126.8261,37.52432],[126.82813,37.52581],[126.8282,37.52905],[126.82472,37.53059],[126.82196,37.53505],[126.82247,37.53653],[126.8221,37.54066],[126.8123,37.54071],[126.80722,37.54374],[126.80184,37.5427],[126.7993,37.54066],[126.79945,37.53774],[126.79444,37.53582],[126.79378,37.54],[126.79298,37.54159],[126.79059,37.54391],[126.78696,37.546],[126.78398,37.546],[126.77788,37.54666],[126.77527,37.54897],[126.77149,37.54836],[126.7675,37.55194],[126.76619,37.55425]]]}},{"type":"Feature","id":"26","properties":{"sido_code":"26","sido_name":"부산광역시","name_eng":"Busan","kostat_code":"21","base_year":"2018"},"geometry":{"type":"MultiPolygon","coordinates":[[[[128.82869,35.08995],[128.83203,35.08736],[128.83515,35.08643],[128.83537,35.08197],[128.83523,35.06728],[128.83465,35.06255],[128.83319,35.06156],[128.83268,35.05782],[128.8337,35.05595],[128.83842,35.05369],[128.84198,35.05408],[128.84583,35.05639],[128.84655,35.05633],[128.8499,35.05221],[128.85004,35.04588],[128.8504,35.04302],[128.8512,35.04197],[128.84866,35.03609],[128.84888,35.03416],[128.84387,35.03152],[128.843,35.03031],[128.84358,35.02762],[128.84176,35.0241],[128.83973,35.02195],[128.83995,35.02057],[128.83849,35.01771],[128.83632,35.01705],[128.83494,35.01551],[128.83443,35.01232],[128.83479,35.01067],[128.84024,35.00803],[128.84118,35.00539],[128.83893,35.00148],[128.8374,35.00005],[128.83987,34.99747],[128.83748,34.99708],[128.83472,34.99483],[128.82963,34.98977],[128.82775,34.98867],[128.82731,34.98971],[128.82949,34.99279],[128.82956,34.99532],[128.82709,34.99571],[128.82303,34.9945],[128.82172,34.99466],[128.82266,34.99763],[128.8223,35.00088],[128.82048,35.00126],[128.81831,35.00341],[128.81961,35.00413],[128.82317,35.00462],[128.82375,35.00682],[128.82005,35.00908],[128.82542,35.01045],[128.82709,35.01128],[128.82724,35.01364],[128.82339,35.01683],[128.81366,35.01947],[128.81097,35.02123],[128.80625,35.02123],[128.8048,35.02415],[128.80712,35.02492],[128.81054,35.02338],[128.81322,35.02366],[128.81482,35.02487],[128.81562,35.02784],[128.81504,35.02938],[128.81337,35.03037],[128.80974,35.03026],[128.80749,35.03169],[128.80763,35.03383],[128.81083,35.03345],[128.81177,35.03455],[128.81264,35.03906],[128.81155,35.04109],[128.80894,35.04319],[128.80567,35.04748],[128.80211,35.04814],[128.79943,35.04764],[128.79717,35.04995],[128.79768,35.05199],[128.79681,35.05386],[128.80117,35.05534],[128.79725,35.05457],[128.7963,35.05336],[128.79093,35.05342],[128.79093,35.06167],[128.79441,35.06255],[128.79514,35.0598],[128.80589,35.06145],[128.80502,35.06679],[128.83239,35.0713],[128.83239,35.07762],[128.81148,35.07757],[128.81148,35.08302],[128.81852,35.08302],[128.82157,35.08445],[128.8215,35.08582],[128.82644,35.08621],[128.82651,35.08813],[128.82869,35.08995]]],[[[128.8207,35.09704],[128.82332,35.10178],[128.82484,35.10233],[128.8316,35.10266],[128.83479,35.10178],[128.84162,35.1059],[128.84314,35.10915],[128.843,35.11316],[128.84169,35.11459],[128.83849,35.1152],[128.83595,35.11888],[128.83755,35.12081],[128.83777,35.124],[128.83508,35.12615],[128.8345,35.12879],[128.83298,35.12994],[128.82978,35.12824],[128.82738,35.12818],[128.82426,35.13104],[128.81533,35.13264],[128.81344,35.13451],[128.80734,35.13946],[128.80669,35.14249],[128.80211,35.14188],[128.80248,35.1437],[128.80175,35.14661],[128.79601,35.15288],[128.79369,35.15717],[128.79449,35.15855],[128.7971,35.15899],[128.80059,35.15805],[128.80233,35.15948],[128.80589,35.16042],[128.80872,35.15893],[128.81598,35.16015],[128.82216,35.15734],[128.82303,35.15618],[128.82753,35.15558],[128.82847,35.15657],[128.83392,35.15761],[128.83603,35.15915],[128.8406,35.15877],[128.84292,35.158],[128.84416,35.15993],[128.84401,35.16207],[128.84626,35.16471],[128.85411,35.1662],[128.85883,35.16801],[128.86515,35.16741],[128.8674,35.16774],[128.87154,35.16504],[128.87212,35.16262],[128.86921,35.15866],[128.86667,35.15976],[128.86522,35.15816],[128.87168,35.15046],[128.87633,35.15167],[128.87473,35.15354],[128.87444,35.15855],[128.8756,35.15937],[128.88083,35.15948],[128.88141,35.16136],[128.87887,35.1624],[128.87698,35.16499],[128.87575,35.17049],[128.87233,35.17225],[128.8735,35.17412],[128.88061,35.17148],[128.8801,35.17467],[128.88025,35.18028],[128.88156,35.18265],[128.87647,35.18754],[128.87567,35.19029],[128.87597,35.19315],[128.87255,35.19876],[128.87037,35.20157],[128.87495,35.20531],[128.87902,35.20999],[128.88163,35.21037],[128.8841,35.21219],[128.88403,35.21318],[128.88606,35.21439],[128.88918,35.21477],[128.89681,35.21318],[128.90465,35.21532],[128.90835,35.21675],[128.90501,35.22006],[128.9093,35.22297],[128.90951,35.22061],[128.91024,35.22292],[128.91249,35.22253],[128.91663,35.21697],[128.92012,35.21642],[128.92927,35.22006],[128.93471,35.22352],[128.93667,35.22545],[128.9398,35.22726],[128.94401,35.22831],[128.94851,35.22523],[128.95672,35.22523],[128.96826,35.22699],[128.97277,35.22721],[128.98417,35.22974],[128.98969,35.23166],[128.99426,35.23403],[128.99884,35.2381],[129.00174,35.24432],[129.01162,35.2633],[129.01481,35.2705],[129.0135,35.27375],[129.0167,35.27534],[129.02149,35.27611],[129.03071,35.27688],[129.03485,35.27628],[129.03689,35.27534],[129.044,35.27452],[129.04778,35.27452],[129.048,35.27677],[129.05076,35.2803],[129.05272,35.28101],[129.05388,35.28288],[129.05214,35.28585],[129.05352,35.28899],[129.05816,35.29465],[129.06187,35.29498],[129.07015,35.29432],[129.07363,35.29086],[129.07429,35.29075],[129.07893,35.29482],[129.08489,35.29955],[129.08634,35.30153],[129.09055,35.3034],[129.09309,35.30318],[129.09912,35.30401],[129.10558,35.30654],[129.10856,35.30456],[129.11147,35.30791],[129.11241,35.31011],[129.11197,35.31672],[129.11364,35.32024],[129.11611,35.32112],[129.11866,35.3231],[129.12105,35.32876],[129.12577,35.33206],[129.12541,35.33558],[129.12403,35.33806],[129.12621,35.34147],[129.12802,35.34329],[129.12737,35.34576],[129.12984,35.34873],[129.13369,35.35011],[129.1347,35.35302],[129.13325,35.35638],[129.12657,35.36271],[129.12214,35.36386],[129.11807,35.36755],[129.11815,35.36903],[129.1212,35.36738],[129.12367,35.36782],[129.12759,35.36771],[129.131,35.36595],[129.13354,35.36557],[129.13848,35.36606],[129.13877,35.36568],[129.14654,35.36381],[129.14879,35.36425],[129.16114,35.35941],[129.16281,35.35682],[129.16862,35.35379],[129.17036,35.35385],[129.17435,35.3517],[129.1782,35.35176],[129.18241,35.35517],[129.18575,35.35858],[129.18801,35.35974],[129.19018,35.35974],[129.19338,35.36122],[129.19382,35.36337],[129.19875,35.3665],[129.19781,35.3714],[129.19919,35.37597],[129.1936,35.38207],[129.19933,35.38906],[129.20115,35.38779],[129.20369,35.38631],[129.20507,35.38433],[129.21153,35.38075],[129.21851,35.37894],[129.22482,35.38042],[129.2302,35.38114],[129.23543,35.38026],[129.23702,35.38356],[129.24022,35.38433],[129.24196,35.38334],[129.24683,35.38273],[129.24879,35.38317],[129.25089,35.38471],[129.25068,35.38735],[129.25293,35.38686],[129.25794,35.38411],[129.26331,35.38565],[129.26549,35.38713],[129.26629,35.38372],[129.2681,35.38064],[129.27232,35.37723],[129.27682,35.37211],[129.27943,35.36612],[129.28226,35.36535],[129.2819,35.36188],[129.28125,35.36078],[129.28052,35.35622],[129.28401,35.35308],[129.28495,35.35071],[129.28386,35.34609],[129.27965,35.34136],[129.28176,35.34026],[129.28553,35.33922],[129.28974,35.33927],[129.29192,35.3368],[129.29991,35.33597],[129.30231,35.33404],[129.30274,35.33228],[129.30485,35.32986],[129.30572,35.32469],[129.30521,35.32414],[129.30427,35.33008],[129.30347,35.32975],[129.30369,35.32502],[129.30252,35.32117],[129.29918,35.31837],[129.29149,35.31804],[129.28669,35.32007],[129.28829,35.32007],[129.28822,35.32337],[129.28488,35.32469],[129.28502,35.32618],[129.28081,35.32656],[129.27718,35.32563],[129.27377,35.32343],[129.26839,35.32172],[129.26469,35.31908],[129.262,35.31545],[129.26048,35.3089],[129.25786,35.30571],[129.26062,35.29796],[129.26099,35.29779],[129.26077,35.29174],[129.25721,35.28838],[129.25917,35.28426],[129.25561,35.28052],[129.25561,35.27485],[129.25307,35.27149],[129.25133,35.27111],[129.25002,35.27188],[129.24559,35.27237],[129.24363,35.27045],[129.24487,35.26781],[129.24312,35.26418],[129.24102,35.26511],[129.23528,35.26456],[129.23376,35.26121],[129.23448,35.25912],[129.2363,35.25774],[129.23971,35.25746],[129.24334,35.25967],[129.24516,35.25813],[129.24654,35.25824],[129.24799,35.25978],[129.25264,35.25934],[129.25205,35.25741],[129.25343,35.25691],[129.25184,35.25565],[129.25322,35.25009],[129.25343,35.24646],[129.25046,35.24393],[129.24842,35.2447],[129.24465,35.24432],[129.24501,35.2425],[129.24988,35.2408],[129.24683,35.23827],[129.2453,35.2376],[129.24305,35.23827],[129.24298,35.23689],[129.24501,35.23463],[129.24494,35.23139],[129.24291,35.22924],[129.2416,35.22913],[129.24015,35.22275],[129.23927,35.22116],[129.23543,35.21829],[129.23535,35.21923],[129.23085,35.2205],[129.22933,35.2216],[129.23063,35.2222],[129.23041,35.22407],[129.22729,35.22435],[129.227,35.21763],[129.22337,35.21461],[129.22206,35.21246],[129.22366,35.209],[129.22526,35.2074],[129.22722,35.20685],[129.23005,35.2041],[129.2302,35.19821],[129.22933,35.19656],[129.22744,35.19574],[129.22599,35.19684],[129.22504,35.19596],[129.22323,35.18974],[129.2241,35.18848],[129.22417,35.18595],[129.22337,35.18501],[129.21909,35.18386],[129.21698,35.18727],[129.21451,35.18661],[129.21015,35.18254],[129.20681,35.18166],[129.20434,35.18028],[129.2005,35.17918],[129.19759,35.17511],[129.19824,35.17274],[129.19665,35.16658],[129.19679,35.16493],[129.19454,35.16218],[129.19403,35.16015],[129.19185,35.16042],[129.1867,35.15926],[129.18437,35.15629],[129.18176,35.15486],[129.17769,35.15492],[129.17159,35.15761],[129.16978,35.1591],[129.16194,35.15871],[129.15801,35.15778],[129.15482,35.15629],[129.15308,35.15189],[129.15003,35.1514],[129.14966,35.15211],[129.15097,35.15607],[129.15344,35.15778],[129.14886,35.15668],[129.14632,35.15338],[129.14284,35.15437],[129.14051,35.15701],[129.14204,35.15855],[129.13884,35.1613],[129.13391,35.1624],[129.13093,35.1613],[129.13514,35.15668],[129.13405,35.15459],[129.12432,35.15305],[129.12374,35.15442],[129.12149,35.15442],[129.11778,35.152],[129.11553,35.14914],[129.11524,35.14634],[129.11742,35.14612],[129.11793,35.14518],[129.11778,35.14045],[129.11561,35.13935],[129.11197,35.13632],[129.11408,35.13577],[129.11059,35.13484],[129.10914,35.13269],[129.11285,35.13506],[129.11778,35.13209],[129.11684,35.13],[129.12054,35.1339],[129.12243,35.13209],[129.12243,35.12692],[129.1241,35.12362],[129.12897,35.11817],[129.12795,35.11443],[129.12715,35.11355],[129.12802,35.1108],[129.12672,35.107],[129.12563,35.10607],[129.12359,35.10167],[129.1249,35.10073],[129.12381,35.09919],[129.11931,35.09924],[129.11706,35.1004],[129.11553,35.10018],[129.11335,35.10293],[129.11052,35.10117],[129.11452,35.09781],[129.10943,35.09154],[129.11401,35.09781],[129.11059,35.10067],[129.10987,35.10062],[129.10232,35.09451],[129.10508,35.09193],[129.09963,35.09116],[129.0952,35.09385],[129.09382,35.10849],[129.09295,35.10926],[129.09041,35.10871],[129.09033,35.10359],[129.07501,35.10365],[129.06601,35.10876],[129.06739,35.10821],[129.06949,35.11096],[129.0684,35.11245],[129.06957,35.11399],[129.07378,35.11679],[129.07225,35.11877],[129.07102,35.11745],[129.06957,35.11833],[129.07305,35.12219],[129.07,35.12312],[129.06869,35.12169],[129.06535,35.1229],[129.06615,35.12648],[129.06557,35.12901],[129.06477,35.12719],[129.05606,35.118],[129.05235,35.12053],[129.05526,35.1229],[129.05533,35.12532],[129.05272,35.12571],[129.05272,35.12499],[129.05003,35.12356],[129.04865,35.1207],[129.05018,35.11927],[129.05533,35.11602],[129.05439,35.11498],[129.0501,35.11762],[129.04713,35.11635],[129.05076,35.11404],[129.05076,35.11245],[129.04887,35.10986],[129.04611,35.10766],[129.044,35.10761],[129.0456,35.10563],[129.04371,35.10497],[129.0403,35.107],[129.03979,35.10585],[129.04357,35.10348],[129.04219,35.102],[129.03819,35.10436],[129.03841,35.10167],[129.03994,35.10128],[129.03979,35.10001],[129.03696,35.09644],[129.03435,35.09671],[129.02883,35.09627],[129.02636,35.09567],[129.02527,35.09352],[129.02607,35.08687],[129.02672,35.08527],[129.02461,35.07636],[129.02316,35.07575],[129.02142,35.07713],[129.01895,35.07658],[129.01692,35.07394],[129.01917,35.07064],[129.02127,35.0697],[129.0212,35.06569],[129.02229,35.06189],[129.02156,35.06073],[129.01641,35.05721],[129.01597,35.05358],[129.01496,35.0527],[129.0106,35.05171],[129.01162,35.05248],[129.00886,35.06046],[129.01111,35.06305],[129.00552,35.07108],[129.00406,35.08142],[129.00523,35.08445],[129.00377,35.08599],[129.0021,35.08615],[129.0,35.08357],[129.0,35.08158],[129.00167,35.0812],[129.00123,35.07982],[128.99825,35.08048],[128.99731,35.08307],[128.9931,35.08395],[128.99266,35.08015],[128.99499,35.07575],[128.99426,35.07168],[128.99535,35.06745],[128.99535,35.06338],[128.99767,35.05743],[128.99854,35.05617],[129.00072,35.05083],[129.00138,35.04836],[129.00697,35.04896],[129.00007,35.04759],[129.00036,35.04682],[128.99854,35.0444],[128.99252,35.04522],[128.99201,35.04693],[128.99237,35.04935],[128.98838,35.05798],[128.9846,35.0598],[128.97741,35.05672],[128.97277,35.05688],[128.9724,35.05446],[128.97364,35.05331],[128.97661,35.05276],[128.98025,35.05287],[128.98279,35.05144],[128.98162,35.0494],[128.97981,35.04819],[128.97298,35.04924],[128.97037,35.04803],[128.96913,35.04627],[128.96979,35.04489],[128.97792,35.04076],[128.97763,35.03972],[128.97444,35.04148],[128.97306,35.04093],[128.96703,35.03603],[128.96746,35.03334],[128.96558,35.03246],[128.96478,35.03339],[128.96449,35.03653],[128.96667,35.03906],[128.96754,35.04396],[128.96521,35.04478],[128.9602,35.04753],[128.95926,35.05012],[128.95752,35.05287],[128.95715,35.05479],[128.95265,35.07201],[128.95033,35.08153],[128.95091,35.085],[128.95352,35.08951],[128.95519,35.0955],[128.95628,35.10486],[128.95606,35.10645],[128.95054,35.10728],[128.9488,35.10711],[128.9472,35.10172],[128.94749,35.09891],[128.9443,35.08907],[128.94299,35.08621],[128.94176,35.08511],[128.93784,35.07993],[128.93275,35.0741],[128.93014,35.07361],[128.92912,35.07438],[128.92854,35.07872],[128.93188,35.08472],[128.93152,35.08813],[128.93188,35.09242],[128.93297,35.09836],[128.9345,35.10122],[128.93653,35.10667],[128.93827,35.10722],[128.93907,35.10865],[128.93312,35.1103],[128.93232,35.10865],[128.93246,35.10623],[128.93079,35.10486],[128.93014,35.10056],[128.93108,35.0977],[128.93021,35.0927],[128.92462,35.09237],[128.92157,35.09066],[128.92048,35.09088],[128.9167,35.08967],[128.91315,35.08758],[128.91227,35.08637],[128.91242,35.07966],[128.91119,35.07894],[128.89521,35.07889],[128.89528,35.08643],[128.89782,35.09286],[128.89935,35.09253],[128.8992,35.09825],[128.90058,35.10436],[128.90102,35.10772],[128.90066,35.1114],[128.90218,35.11366],[128.90479,35.11591],[128.90559,35.11806],[128.89761,35.12031],[128.8947,35.11591],[128.89303,35.11179],[128.88984,35.10898],[128.88947,35.10783],[128.88773,35.08951],[128.88417,35.08423],[128.8833,35.08236],[128.88417,35.07933],[128.88018,35.0796],[128.87037,35.08076],[128.86892,35.08169],[128.87001,35.08362],[128.87241,35.08478],[128.87088,35.08863],[128.87081,35.08511],[128.8682,35.08324],[128.85984,35.08313],[128.84009,35.08318],[128.83886,35.08208],[128.83733,35.08351],[128.83639,35.08687],[128.83523,35.08841],[128.8321,35.08835],[128.82448,35.09451],[128.82441,35.09561],[128.82179,35.09776],[128.8207,35.09704]],[[129.09948,35.09154],[129.10152,35.09165],[129.10326,35.09336],[129.10217,35.09435],[129.09883,35.09539],[129.09948,35.09154]]]]}},{"type":"Feature","id":"27","properties":{"sido_code":"27","sido_name":"대구광역시","name_eng":"Daegu","kostat_code":"22","base_year":"2018"},"geometry":{"type":"Polygon","coordinates":[[[128.52987,35.683],[128.52791,35.68316],[128.51818,35.67942],[128.51483,35.67541],[128.50946,35.67469],[128.50743,35.67227],[128.50895,35.67007],[128.50917,35.66545],[128.50801,35.66374],[128.50794,35.65846],[128.50714,35.65538],[128.50685,35.65016],[128.5083,35.64928],[128.51062,35.64658],[128.5099,35.643],[128.50627,35.63954],[128.50278,35.63871],[128.49966,35.63904],[128.49545,35.63877],[128.4884,35.63591],[128.48303,35.63503],[128.48136,35.63525],[128.48056,35.63893],[128.47947,35.64025],[128.4762,35.6402],[128.47439,35.6386],[128.47068,35.63662],[128.46625,35.63673],[128.46037,35.64058],[128.45754,35.63965],[128.45645,35.63739],[128.45318,35.6369],[128.44636,35.63827],[128.44577,35.63668],[128.44105,35.63398],[128.44047,35.63057],[128.43786,35.63074],[128.4322,35.62402],[128.42849,35.62309],[128.42537,35.62518],[128.42275,35.62512],[128.42072,35.62237],[128.41578,35.62001],[128.41302,35.61654],[128.40685,35.61451],[128.40416,35.61704],[128.40293,35.61731],[128.39015,35.61236],[128.38775,35.61016],[128.38398,35.60961],[128.38238,35.60653],[128.3778,35.6068],[128.37272,35.60845],[128.37134,35.60939],[128.37178,35.61088],[128.37345,35.61247],[128.37839,35.61363],[128.38841,35.61792],[128.39327,35.62325],[128.39639,35.62776],[128.40126,35.63272],[128.40199,35.63574],[128.40003,35.64553],[128.39792,35.64884],[128.39284,35.65302],[128.38347,35.65874],[128.3725,35.6666],[128.36234,35.67557],[128.35718,35.68217],[128.35595,35.68437],[128.35333,35.69092],[128.35152,35.69747],[128.35181,35.70401],[128.35537,35.70732],[128.35885,35.70869],[128.36495,35.70743],[128.37207,35.70511],[128.37693,35.70308],[128.38274,35.70154],[128.39204,35.70093],[128.39705,35.70022],[128.41223,35.69582],[128.41912,35.69637],[128.42225,35.69725],[128.42544,35.69923],[128.43212,35.70489],[128.43401,35.7071],[128.43488,35.7115],[128.43488,35.71474],[128.43365,35.72228],[128.43183,35.72558],[128.42392,35.73103],[128.42167,35.73312],[128.41259,35.73796],[128.39915,35.74417],[128.39632,35.74533],[128.39124,35.74836],[128.38775,35.75358],[128.3834,35.75826],[128.38347,35.76007],[128.38964,35.76998],[128.39211,35.77328],[128.3969,35.77768],[128.39828,35.77993],[128.40148,35.78802],[128.40809,35.79919],[128.41056,35.79935],[128.4107,35.80111],[128.41244,35.80282],[128.41578,35.80282],[128.41578,35.80607],[128.42079,35.80629],[128.42079,35.80937],[128.44091,35.80931],[128.44105,35.80601],[128.4619,35.80585],[128.47047,35.8059],[128.47366,35.80717],[128.47279,35.80898],[128.47787,35.81234],[128.4815,35.81602],[128.48266,35.81553],[128.4831,35.82114],[128.48281,35.82433],[128.48107,35.83011],[128.47417,35.83253],[128.47257,35.83363],[128.46872,35.83847],[128.46887,35.83957],[128.46662,35.83973],[128.46037,35.8416],[128.44999,35.84667],[128.44469,35.84793],[128.43619,35.84832],[128.4314,35.84958],[128.4192,35.85057],[128.416,35.85178],[128.38957,35.852],[128.38761,35.85239],[128.38652,35.85129],[128.38354,35.85283],[128.38347,35.86091],[128.38419,35.86565],[128.38572,35.86856],[128.38848,35.87175],[128.39066,35.87896],[128.39603,35.88985],[128.39806,35.89271],[128.39915,35.89634],[128.39901,35.89992],[128.40714,35.90074],[128.40896,35.90317],[128.40968,35.9057],[128.41382,35.91125],[128.41651,35.91373],[128.41803,35.9178],[128.41854,35.92132],[128.42348,35.92281],[128.42472,35.92506],[128.42493,35.92803],[128.4266,35.92721],[128.42864,35.92941],[128.43096,35.93067],[128.43873,35.9315],[128.44011,35.93254],[128.44113,35.93496],[128.44236,35.93529],[128.44832,35.9348],[128.45035,35.93502],[128.45275,35.93661],[128.45376,35.93887],[128.45413,35.94316],[128.45783,35.94157],[128.45986,35.94146],[128.46342,35.9387],[128.46988,35.93826],[128.47533,35.93595],[128.47642,35.93441],[128.47664,35.93205],[128.4762,35.9282],[128.4733,35.92319],[128.47395,35.91741],[128.47279,35.91444],[128.46872,35.91087],[128.46662,35.91021],[128.46538,35.90861],[128.46734,35.90641],[128.46778,35.90019],[128.4733,35.89552],[128.47526,35.89447],[128.47845,35.89684],[128.48448,35.89436],[128.48513,35.89585],[128.48782,35.89755],[128.49065,35.89755],[128.49203,35.89634],[128.49472,35.89079],[128.49639,35.88925],[128.49915,35.88996],[128.50031,35.88644],[128.50227,35.88705],[128.5046,35.88914],[128.50583,35.89667],[128.50561,35.90212],[128.50692,35.90575],[128.51011,35.90993],[128.51346,35.91153],[128.51498,35.91098],[128.51687,35.91186],[128.51926,35.91466],[128.52319,35.91758],[128.52326,35.91961],[128.52558,35.92204],[128.52943,35.92363],[128.5303,35.9282],[128.5335,35.93287],[128.5351,35.93848],[128.5348,35.94184],[128.53335,35.94553],[128.53401,35.94608],[128.53364,35.94916],[128.53255,35.95042],[128.53321,35.95367],[128.5348,35.9584],[128.5335,35.96088],[128.53088,35.96154],[128.52929,35.96748],[128.52667,35.97545],[128.52878,35.98041],[128.53125,35.98057],[128.53727,35.97749],[128.54279,35.97523],[128.54628,35.96896],[128.54664,35.96566],[128.5486,35.96385],[128.55332,35.96077],[128.55594,35.96885],[128.55637,35.97171],[128.55855,35.97276],[128.56167,35.97254],[128.56472,35.97292],[128.56567,35.9749],[128.57286,35.97831],[128.57859,35.97842],[128.58324,35.97727],[128.58796,35.97897],[128.59014,35.97925],[128.59304,35.98085],[128.5929,35.98338],[128.59609,35.98453],[128.60285,35.98591],[128.60336,35.98783],[128.61156,35.99768],[128.6157,36.00098],[128.61701,36.00505],[128.61868,36.00643],[128.62362,36.00637],[128.62405,36.00747],[128.62609,36.00786],[128.63059,36.00714],[128.6348,36.00901],[128.63879,36.00923],[128.64075,36.0105],[128.64475,36.0105],[128.65099,36.00731],[128.65383,36.00901],[128.65659,36.00984],[128.66421,36.01011],[128.66675,36.01215],[128.66951,36.01325],[128.67743,36.01325],[128.68011,36.01484],[128.6865,36.01451],[128.69558,36.01616],[128.69682,36.01319],[128.70139,36.01083],[128.70444,36.01006],[128.71185,36.00918],[128.71788,36.00813],[128.72267,36.00615],[128.72782,36.00225],[128.73044,35.99801],[128.73189,35.99751],[128.73378,35.99542],[128.73487,35.99295],[128.73204,35.99009],[128.73095,35.98536],[128.73225,35.98376],[128.73668,35.98118],[128.73806,35.97749],[128.74031,35.97584],[128.74533,35.97402],[128.7462,35.97287],[128.7454,35.96924],[128.74424,35.96654],[128.743,35.95994],[128.73893,35.95724],[128.73799,35.95592],[128.73981,35.95482],[128.74242,35.9496],[128.74228,35.94778],[128.74409,35.94393],[128.7438,35.943],[128.73973,35.93749],[128.74082,35.93689],[128.73821,35.93309],[128.73835,35.93051],[128.73668,35.92957],[128.7401,35.92567],[128.74286,35.92027],[128.74562,35.91862],[128.75084,35.91681],[128.75222,35.91675],[128.75527,35.91499],[128.75745,35.91175],[128.75978,35.90685],[128.75789,35.90603],[128.75658,35.90355],[128.75782,35.89535],[128.76021,35.89084],[128.7613,35.88754],[128.76101,35.88353],[128.76014,35.88143],[128.75767,35.87808],[128.75832,35.87615],[128.76072,35.87384],[128.75883,35.8706],[128.75985,35.86845],[128.75978,35.86609],[128.75484,35.86328],[128.75055,35.85745],[128.74518,35.85569],[128.74017,35.85211],[128.73777,35.85118],[128.73501,35.85145],[128.72659,35.85684],[128.72557,35.85772],[128.72303,35.85789],[128.72187,35.85695],[128.72274,35.85547],[128.72543,35.85382],[128.72565,35.85129],[128.72695,35.8465],[128.7263,35.84248],[128.72441,35.84023],[128.72405,35.83847],[128.72499,35.83599],[128.72172,35.83467],[128.71918,35.83588],[128.71127,35.82956],[128.70865,35.82659],[128.70909,35.82158],[128.71214,35.81938],[128.71388,35.81751],[128.71417,35.81531],[128.71584,35.80937],[128.71751,35.80684],[128.71025,35.8043],[128.70778,35.80254],[128.70604,35.79996],[128.70255,35.79858],[128.70037,35.7966],[128.7003,35.79545],[128.69747,35.79435],[128.69551,35.79528],[128.69456,35.79677],[128.69122,35.79567],[128.68977,35.79275],[128.6873,35.79231],[128.68251,35.79017],[128.68142,35.78588],[128.68157,35.78395],[128.68295,35.78098],[128.68491,35.77823],[128.686,35.77806],[128.68709,35.77548],[128.68694,35.77284],[128.68607,35.77124],[128.68643,35.76855],[128.68861,35.768],[128.6913,35.76431],[128.6926,35.75925],[128.6942,35.75815],[128.69551,35.75573],[128.69377,35.74924],[128.69246,35.74671],[128.69362,35.74368],[128.68926,35.74021],[128.68905,35.73812],[128.69195,35.73532],[128.69202,35.73328],[128.69093,35.73092],[128.68316,35.72558],[128.68324,35.72145],[128.67961,35.72096],[128.6751,35.72123],[128.67176,35.72052],[128.67096,35.71887],[128.66632,35.71925],[128.66356,35.72052],[128.65659,35.71788],[128.65513,35.71529],[128.65346,35.71386],[128.64729,35.7115],[128.6462,35.7082],[128.64351,35.70699],[128.63821,35.70577],[128.63095,35.70677],[128.62449,35.70335],[128.62398,35.70231],[128.61977,35.70286],[128.61977,35.70451],[128.61744,35.70605],[128.61389,35.70985],[128.61396,35.71419],[128.61665,35.71639],[128.61694,35.71766],[128.61585,35.72019],[128.61403,35.72211],[128.61265,35.7225],[128.60996,35.72486],[128.61011,35.72624],[128.61483,35.73092],[128.61374,35.73246],[128.61389,35.73691],[128.61243,35.73851],[128.6075,35.739],[128.6027,35.73675],[128.59936,35.73664],[128.59428,35.73708],[128.59413,35.73554],[128.59217,35.73268],[128.58963,35.73152],[128.58513,35.73455],[128.58244,35.73834],[128.58048,35.73867],[128.57169,35.73455],[128.56799,35.73559],[128.56661,35.73697],[128.56356,35.73587],[128.56102,35.72971],[128.5555,35.72784],[128.55231,35.72635],[128.54664,35.72272],[128.5441,35.71942],[128.53328,35.71645],[128.53074,35.71375],[128.52791,35.71276],[128.53059,35.70941],[128.53132,35.70699],[128.53386,35.70324],[128.53263,35.70071],[128.5319,35.69664],[128.53466,35.69373],[128.53379,35.69147],[128.53132,35.68784],[128.53183,35.68333],[128.52987,35.683]]]}},{"type":"Feature","id":"28","properties":{"sido_code":"28","sido_name":"인천광역시","name_eng":"Incheon","kostat_code":"23","base_year":"2018"},"geometry":{"type":"MultiPolygon","coordinates":[[[[126.48211,37.24419],[126.48211,37.24419]]],[[[126.10798,37.2723],[126.10914,37.27302],[126.11052,37.27142],[126.11023,37.26944],[126.10885,37.26917],[126.10914,37.26586],[126.10986,37.26454],[126.11161,37.25838],[126.11321,37.25734],[126.11538,37.25822],[126.11836,37.25811],[126.11931,37.25343],[126.11596,37.25101],[126.1164,37.24953],[126.11851,37.24732],[126.12047,37.24677],[126.12279,37.24842],[126.12591,37.25211],[126.12802,37.252],[126.13092,37.24859],[126.13259,37.24765],[126.13499,37.24782],[126.13753,37.24655],[126.13826,37.2432],[126.14058,37.24177],[126.14007,37.23825],[126.1408,37.23753],[126.14538,37.23803],[126.14879,37.23935],[126.15227,37.23852],[126.15445,37.23671],[126.16026,37.23528],[126.16578,37.23258],[126.16571,37.2306],[126.1607,37.22873],[126.15511,37.22768],[126.15416,37.22427],[126.15162,37.22251],[126.14959,37.22548],[126.14472,37.22345],[126.14327,37.22202],[126.14414,37.21877],[126.14661,37.21646],[126.14864,37.21641],[126.14893,37.21487],[126.14748,37.21382],[126.14407,37.21514],[126.13318,37.21322],[126.12577,37.21245],[126.12504,37.21124],[126.11938,37.21002],[126.11734,37.2092],[126.11168,37.21168],[126.11001,37.21421],[126.11313,37.21393],[126.11611,37.21602],[126.11553,37.21872],[126.11371,37.22152],[126.11124,37.22361],[126.10863,37.22103],[126.10369,37.21987],[126.10122,37.22218],[126.10115,37.22339],[126.10507,37.22724],[126.1026,37.22988],[126.09679,37.23055],[126.09353,37.22669],[126.0936,37.22499],[126.09127,37.22202],[126.0891,37.22103],[126.08459,37.22207],[126.08539,37.22411],[126.08743,37.2262],[126.09055,37.22801],[126.09171,37.23181],[126.09287,37.23836],[126.08989,37.23836],[126.08917,37.24507],[126.09091,37.24941],[126.09229,37.25013],[126.09556,37.25321],[126.09658,37.25987],[126.0981,37.26218],[126.10035,37.26421],[126.10217,37.26476],[126.10246,37.26878],[126.10021,37.27186],[126.10209,37.27384],[126.1042,37.27428],[126.10798,37.2723]]],[[[126.48211,37.24419],[126.48073,37.24584],[126.48036,37.24457],[126.48261,37.24314],[126.48232,37.24171],[126.47637,37.24039],[126.47535,37.24116],[126.4707,37.23891],[126.46867,37.23638],[126.46845,37.23247],[126.46018,37.22741],[126.45916,37.22592],[126.45996,37.22493],[126.45872,37.22405],[126.45364,37.22796],[126.45277,37.23099],[126.43534,37.23088],[126.43185,37.23302],[126.43142,37.23473],[126.43098,37.24402],[126.43098,37.25371],[126.42982,37.25629],[126.43273,37.25651],[126.43323,37.25783],[126.43251,37.26047],[126.42975,37.26124],[126.42851,37.26267],[126.43011,37.26377],[126.43236,37.26344],[126.43614,37.2657],[126.43628,37.26663],[126.43411,37.26939],[126.43389,37.27401],[126.43621,37.27467],[126.43766,37.2728],[126.44427,37.27263],[126.44667,37.27159],[126.4495,37.27269],[126.4532,37.27599],[126.45408,37.27819],[126.45037,37.28022],[126.45451,37.28325],[126.45821,37.28297],[126.4662,37.28396],[126.46853,37.2855],[126.47027,37.28759],[126.47165,37.2866],[126.47216,37.28479],[126.47492,37.2827],[126.48152,37.28121],[126.48777,37.28319],[126.49075,37.28116],[126.4938,37.27824],[126.4967,37.27747],[126.49765,37.27654],[126.49641,37.27478],[126.49409,37.27302],[126.49467,37.26922],[126.49721,37.26515],[126.49728,37.26273],[126.50106,37.25943],[126.50157,37.25745],[126.49881,37.25492],[126.49663,37.25365],[126.49583,37.25585],[126.49249,37.25882],[126.49118,37.25937],[126.48675,37.25954],[126.48494,37.25882],[126.48675,37.25431],[126.48174,37.25503],[126.47978,37.25492],[126.47659,37.25371],[126.47586,37.25189],[126.47775,37.25118],[126.48247,37.24787],[126.48174,37.24688],[126.48211,37.24419]]],[[[126.50273,37.53081],[126.50433,37.53076],[126.51195,37.53395],[126.51515,37.53417],[126.51704,37.53367],[126.5174,37.53131],[126.52255,37.53048],[126.52553,37.52729],[126.52488,37.52493],[126.52945,37.52366],[126.53199,37.52454],[126.53708,37.52295],[126.54202,37.52091],[126.54143,37.51964],[126.5471,37.51755],[126.55305,37.51799],[126.5577,37.51689],[126.56496,37.51431],[126.56605,37.51315],[126.56925,37.50787],[126.57179,37.50622],[126.57426,37.50578],[126.57702,37.50364],[126.57702,37.50286],[126.5805,37.4934],[126.58232,37.49203],[126.58239,37.48917],[126.5813,37.48961],[126.57825,37.48889],[126.57048,37.48444],[126.567,37.48069],[126.56504,37.47954],[126.55029,37.47635],[126.54492,37.47591],[126.5386,37.47591],[126.53207,37.47464],[126.52067,37.4698],[126.50629,37.46573],[126.5044,37.46452],[126.49409,37.45621],[126.49242,37.45451],[126.48813,37.44807],[126.48545,37.44449],[126.48261,37.44356],[126.45945,37.43047],[126.45865,37.42986],[126.44318,37.42117],[126.44129,37.42067],[126.42735,37.42276],[126.42227,37.42139],[126.42045,37.42133],[126.41893,37.4264],[126.4161,37.43195],[126.41217,37.4363],[126.40854,37.43844],[126.40542,37.43789],[126.40528,37.43619],[126.40143,37.43333],[126.39961,37.43498],[126.40201,37.43773],[126.40411,37.43883],[126.40223,37.44185],[126.39801,37.44483],[126.39504,37.44609],[126.38494,37.44048],[126.38037,37.4396],[126.38211,37.43602],[126.38059,37.43503],[126.3787,37.43987],[126.37688,37.44147],[126.37202,37.44103],[126.36425,37.44202],[126.36425,37.44284],[126.36824,37.4446],[126.37049,37.44405],[126.37158,37.44549],[126.37151,37.44758],[126.37006,37.4484],[126.36918,37.45082],[126.36969,37.45324],[126.36773,37.45704],[126.36497,37.45792],[126.36505,37.45627],[126.36076,37.45786],[126.35619,37.46325],[126.35524,37.46738],[126.35604,37.46953],[126.35902,37.47305],[126.36403,37.47475],[126.3681,37.47398],[126.36926,37.47272],[126.37238,37.47189],[126.37463,37.4725],[126.41784,37.49687],[126.42024,37.49725],[126.43781,37.49874],[126.44035,37.49852],[126.4524,37.49984],[126.45589,37.49929],[126.47129,37.49879],[126.47579,37.49973],[126.49394,37.5076],[126.49641,37.51293],[126.49489,37.5137],[126.49663,37.52608],[126.49837,37.5301],[126.50149,37.53103],[126.50251,37.53274],[126.50273,37.53081]]],[[[126.79371,37.58159],[126.79219,37.58016],[126.79131,37.5812],[126.78754,37.57554],[126.78238,37.57361],[126.78049,37.56795],[126.77701,37.56635],[126.77592,37.5652],[126.77708,37.56371],[126.77795,37.56013],[126.77556,37.56184],[126.77069,37.55722],[126.76728,37.55661],[126.76459,37.55546],[126.76619,37.55425],[126.76524,37.55051],[126.76336,37.54627],[126.76234,37.5395],[126.76081,37.53906],[126.76031,37.53571],[126.76023,37.52487],[126.7606,37.5197],[126.76016,37.51799],[126.75813,37.51579],[126.75631,37.51662],[126.75217,37.51651],[126.74999,37.5142],[126.74556,37.51497],[126.74164,37.50881],[126.74375,37.50143],[126.74179,37.4945],[126.74244,37.48691],[126.74731,37.48532],[126.74999,37.48543],[126.75551,37.48289],[126.75609,37.47987],[126.75914,37.4769],[126.76517,37.47519],[126.76706,37.47365],[126.76779,37.47173],[126.77214,37.47233],[126.77461,37.4714],[126.77817,37.47178],[126.77788,37.47002],[126.7794,37.46832],[126.77984,37.46584],[126.77853,37.46204],[126.77802,37.45698],[126.78042,37.455],[126.77904,37.45104],[126.77374,37.45049],[126.77163,37.44934],[126.77033,37.44752],[126.77113,37.44642],[126.76873,37.44317],[126.7712,37.43646],[126.77047,37.43333],[126.77091,37.43085],[126.76924,37.4275],[126.76459,37.42607],[126.76002,37.42645],[126.75326,37.42271],[126.75508,37.4182],[126.75435,37.41748],[126.75268,37.41638],[126.75166,37.41094],[126.74854,37.40742],[126.74513,37.40654],[126.74346,37.4051],[126.74418,37.40252],[126.73917,37.39713],[126.73663,37.39652],[126.73358,37.39377],[126.72639,37.3864],[126.72146,37.38255],[126.7171,37.38112],[126.69938,37.38403],[126.6948,37.38513],[126.68522,37.38673],[126.68348,37.38552],[126.68398,37.38464],[126.6948,37.38288],[126.6956,37.38315],[126.6842,37.37149],[126.66685,37.35345],[126.6646,37.34998],[126.65879,37.34817],[126.65348,37.34723],[126.64201,37.34707],[126.64208,37.3442],[126.65145,37.34453],[126.65145,37.34426],[126.64397,37.34426],[126.64085,37.34354],[126.64056,37.34206],[126.62284,37.34178],[126.62255,37.3431],[126.61492,37.34305],[126.61456,37.3474],[126.6134,37.34734],[126.61347,37.34354],[126.60984,37.34349],[126.60832,37.33848],[126.61028,37.33744],[126.6057,37.33733],[126.60766,37.33837],[126.60933,37.34343],[126.59495,37.34332],[126.59241,37.33903],[126.59401,37.33733],[126.58065,37.33733],[126.58065,37.33925],[126.59103,37.33942],[126.59626,37.34723],[126.58297,37.34718],[126.5829,37.35482],[126.59997,37.35493],[126.63903,37.35499],[126.63722,37.35482],[126.62197,37.35466],[126.62081,37.35405],[126.62088,37.34767],[126.64208,37.34773],[126.64673,37.34872],[126.64891,37.35015],[126.65443,37.35603],[126.61623,37.37936],[126.60991,37.38712],[126.60977,37.393],[126.6081,37.39394],[126.6081,37.39762],[126.60984,37.39867],[126.6097,37.41627],[126.60105,37.41638],[126.60105,37.41963],[126.60483,37.4253],[126.60803,37.42684],[126.63286,37.42689],[126.6346,37.41809],[126.63678,37.41897],[126.63736,37.42117],[126.63518,37.42243],[126.63598,37.42557],[126.63504,37.42986],[126.63373,37.43069],[126.63119,37.42992],[126.61173,37.42992],[126.6102,37.43014],[126.61333,37.4347],[126.61384,37.43806],[126.60926,37.43993],[126.60788,37.44108],[126.60991,37.44433],[126.61667,37.44158],[126.6187,37.44466],[126.61064,37.44796],[126.61384,37.45313],[126.61086,37.45429],[126.60396,37.44345],[126.60105,37.43833],[126.5943,37.43833],[126.59314,37.44158],[126.59314,37.44939],[126.59692,37.44939],[126.59677,37.45093],[126.59343,37.45484],[126.59423,37.45539],[126.59851,37.45429],[126.60323,37.45671],[126.60207,37.46028],[126.59909,37.45929],[126.59713,37.45759],[126.59503,37.45687],[126.59575,37.45803],[126.59568,37.46425],[126.6004,37.46551],[126.60476,37.46474],[126.60258,37.46089],[126.60331,37.46006],[126.61216,37.46237],[126.62422,37.4577],[126.62516,37.45913],[126.61957,37.46127],[126.6203,37.46248],[126.62589,37.46034],[126.62676,37.46171],[126.6142,37.46656],[126.61529,37.46832],[126.62407,37.46485],[126.62502,37.46656],[126.61565,37.47024],[126.61238,37.47717],[126.60708,37.47569],[126.60991,37.4692],[126.60803,37.46722],[126.60374,37.46562],[126.60018,37.46628],[126.59546,37.46975],[126.59503,37.47074],[126.59604,37.47387],[126.59786,37.47739],[126.60069,37.48179],[126.60636,37.48631],[126.6081,37.4868],[126.60984,37.48295],[126.60454,37.4813],[126.60519,37.48014],[126.61681,37.48355],[126.61906,37.48471],[126.61943,37.48598],[126.61166,37.4835],[126.60999,37.48746],[126.62313,37.49186],[126.6264,37.49252],[126.63163,37.48752],[126.63867,37.48372],[126.63243,37.48796],[126.62749,37.4934],[126.63635,37.49588],[126.64005,37.4956],[126.64056,37.49747],[126.63947,37.4983],[126.63947,37.50424],[126.63076,37.50424],[126.63076,37.50044],[126.62662,37.49725],[126.62277,37.49626],[126.60454,37.49588],[126.60439,37.50512],[126.60469,37.51167],[126.6028,37.51376],[126.602,37.51634],[126.60265,37.51695],[126.60251,37.53318],[126.59888,37.53318],[126.59873,37.53873],[126.59655,37.54869],[126.5988,37.55067],[126.60607,37.55331],[126.60665,37.55458],[126.60113,37.55854],[126.60193,37.55964],[126.60113,37.56151],[126.59452,37.56145],[126.59227,37.5609],[126.58864,37.56399],[126.5866,37.56668],[126.58878,37.56982],[126.57484,37.58836],[126.59023,37.59221],[126.59154,37.59303],[126.60142,37.59771],[126.60548,37.60024],[126.60948,37.60453],[126.61434,37.60629],[126.61689,37.60354],[126.61979,37.60354],[126.62357,37.60217],[126.62574,37.60261],[126.62654,37.60514],[126.62778,37.6064],[126.6293,37.61058],[126.63213,37.61504],[126.63213,37.61762],[126.63315,37.61889],[126.63649,37.62037],[126.63736,37.625],[126.63722,37.6267],[126.64223,37.62808],[126.64571,37.62841],[126.64709,37.62747],[126.65152,37.63517],[126.65174,37.63644],[126.65399,37.6382],[126.65741,37.63798],[126.66278,37.63677],[126.6646,37.63594],[126.66699,37.63594],[126.67244,37.63385],[126.67418,37.63204],[126.67469,37.62989],[126.67912,37.62956],[126.68333,37.62505],[126.68885,37.62203],[126.69444,37.62032],[126.69771,37.6179],[126.7009,37.61427],[126.70475,37.61168],[126.70548,37.61207],[126.70613,37.60767],[126.70403,37.60464],[126.70468,37.6025],[126.70838,37.60492],[126.71129,37.60503],[126.71405,37.60387],[126.7163,37.59947],[126.72204,37.59584],[126.72545,37.59188],[126.72988,37.59221],[126.73504,37.59067],[126.73678,37.591],[126.737,37.5932],[126.74164,37.5921],[126.74433,37.59248],[126.7497,37.58148],[126.75217,37.57972],[126.75573,37.58032],[126.75602,37.58352],[126.75798,37.58533],[126.76321,37.58495],[126.76379,37.58588],[126.76764,37.58825],[126.77301,37.58506],[126.77839,37.58462],[126.78202,37.58385],[126.78412,37.58258],[126.78725,37.58544],[126.79371,37.58159]],[[126.65254,37.3535],[126.65363,37.3518],[126.64441,37.34751],[126.65196,37.34745],[126.65835,37.34844],[126.66285,37.35086],[126.65479,37.35576],[126.65254,37.3535]]],[[[125.70887,37.67869],[125.7125,37.67979],[125.71468,37.67908],[125.71656,37.6744],[125.7146,37.67236],[125.71301,37.67209],[125.70996,37.66879],[125.70843,37.66543],[125.70676,37.66329],[125.70262,37.65982],[125.69681,37.65663],[125.69209,37.653],[125.69282,37.65201],[125.68708,37.65212],[125.68425,37.65283],[125.68505,37.65459],[125.68287,37.66054],[125.68156,37.66252],[125.68577,37.66428],[125.6857,37.66653],[125.68454,37.67066],[125.68251,37.67132],[125.67895,37.67473],[125.67808,37.67935],[125.68316,37.68029],[125.68323,37.67902],[125.6865,37.6772],[125.69238,37.67627],[125.69928,37.6777],[125.7003,37.67908],[125.70676,37.68089],[125.70887,37.67869]]],[[[126.32961,37.74636],[126.32903,37.7452],[126.32387,37.7413],[126.32089,37.73706],[126.32133,37.7359],[126.3185,37.73002],[126.31726,37.72331],[126.31719,37.7172],[126.31835,37.71406],[126.32017,37.7117],[126.32293,37.70922],[126.32627,37.70768],[126.3283,37.70779],[126.33491,37.70147],[126.33919,37.69894],[126.3429,37.69745],[126.3482,37.69635],[126.35372,37.69596],[126.35684,37.69481],[126.36069,37.69459],[126.36316,37.69569],[126.36759,37.69387],[126.36686,37.69145],[126.36846,37.68997],[126.37485,37.68766],[126.37884,37.68287],[126.37899,37.68144],[126.37674,37.67451],[126.37659,37.67225],[126.37536,37.6689],[126.37325,37.66587],[126.371,37.66389],[126.36512,37.66257],[126.36134,37.66059],[126.35655,37.65564],[126.35343,37.65437],[126.35241,37.65503],[126.34798,37.65107],[126.34319,37.64959],[126.34333,37.64486],[126.34094,37.64409],[126.33767,37.6448],[126.33789,37.64623],[126.33651,37.64838],[126.33375,37.65107],[126.32881,37.65311],[126.32569,37.65657],[126.3246,37.65949],[126.32779,37.66246],[126.32874,37.67016],[126.32402,37.67352],[126.32017,37.67935],[126.31886,37.68194],[126.31465,37.68507],[126.31044,37.68683],[126.30376,37.68903],[126.29475,37.69233],[126.2888,37.6953],[126.28691,37.6969],[126.28669,37.69987],[126.28393,37.70202],[126.2713,37.70911],[126.26933,37.71065],[126.27217,37.71236],[126.275,37.71208],[126.27696,37.7101],[126.28204,37.709],[126.28669,37.71274],[126.28778,37.71434],[126.28763,37.71791],[126.28959,37.72507],[126.28785,37.7287],[126.28872,37.73321],[126.28945,37.73937],[126.28909,37.74262],[126.2925,37.74471],[126.29664,37.74548],[126.3031,37.74581],[126.30622,37.74669],[126.31065,37.74856],[126.31734,37.7523],[126.31944,37.75246],[126.32358,37.75175],[126.32953,37.74806],[126.32961,37.74636]]],[[[124.77057,37.77849],[124.77057,37.77628],[124.76788,37.77518],[124.76694,37.76968],[124.76795,37.7677],[124.76468,37.76644],[124.76185,37.7677],[124.76207,37.76952],[124.76098,37.76979],[124.75604,37.76869],[124.75517,37.7699],[124.7519,37.77089],[124.7474,37.76985],[124.74275,37.76825],[124.73956,37.76627],[124.73818,37.76396],[124.73469,37.76165],[124.7299,37.75929],[124.72779,37.76033],[124.72721,37.76204],[124.73077,37.76358],[124.73375,37.76567],[124.73477,37.76908],[124.73731,37.77133],[124.74065,37.77199],[124.74225,37.77337],[124.74239,37.77601],[124.73963,37.77684],[124.74137,37.77838],[124.74334,37.77579],[124.74551,37.77507],[124.74835,37.77573],[124.75176,37.77761],[124.75372,37.77689],[124.7604,37.77761],[124.76483,37.77854],[124.7673,37.7797],[124.77057,37.77849]]],[[[126.26636,37.81529],[126.27681,37.81127],[126.28313,37.80797],[126.29388,37.8039],[126.29475,37.80176],[126.30049,37.80319],[126.31327,37.80203],[126.3214,37.80429],[126.32242,37.80495],[126.32409,37.80825],[126.3275,37.80583],[126.32975,37.8017],[126.33208,37.79972],[126.33338,37.79692],[126.33012,37.79383],[126.33106,37.78916],[126.32627,37.78701],[126.32496,37.78597],[126.31988,37.78014],[126.31741,37.77612],[126.31494,37.7737],[126.30564,37.77034],[126.30027,37.7677],[126.29235,37.76468],[126.29018,37.76308],[126.28662,37.76605],[126.28371,37.76754],[126.27986,37.7688],[126.27209,37.76908],[126.26287,37.76682],[126.2604,37.76451],[126.24828,37.76561],[126.24762,37.76429],[126.24377,37.76275],[126.24196,37.76369],[126.24043,37.76187],[126.24123,37.76],[126.24029,37.7578],[126.23303,37.7512],[126.23208,37.7512],[126.22663,37.75351],[126.22199,37.75637],[126.22097,37.75846],[126.21429,37.76369],[126.20754,37.76836],[126.20492,37.76853],[126.20434,37.77188],[126.20529,37.77304],[126.21066,37.77414],[126.21654,37.77843],[126.21865,37.78338],[126.22119,37.78542],[126.22264,37.78844],[126.22286,37.79158],[126.21923,37.7929],[126.21886,37.7957],[126.22177,37.79785],[126.22402,37.80033],[126.22279,37.80269],[126.22322,37.80506],[126.22983,37.80896],[126.23346,37.81171],[126.23833,37.81628],[126.2405,37.81733],[126.24326,37.81573],[126.24682,37.81468],[126.25684,37.81463],[126.25989,37.81556],[126.26454,37.81777],[126.26636,37.81529]]],[[[126.43875,37.82464],[126.44129,37.82233],[126.44442,37.82173],[126.44463,37.81931],[126.4503,37.81309],[126.45066,37.8121],[126.4556,37.80847],[126.46003,37.80588],[126.4678,37.80203],[126.47158,37.79912],[126.47782,37.79526],[126.4877,37.78976],[126.49648,37.78707],[126.4991,37.78685],[126.50331,37.78498],[126.50687,37.78234],[126.50825,37.7797],[126.5081,37.77623],[126.50876,37.77458],[126.51282,37.77056],[126.51028,37.76726],[126.5113,37.76275],[126.51747,37.75461],[126.51994,37.7518],[126.52306,37.74933],[126.5251,37.74927],[126.52648,37.74735],[126.5251,37.74487],[126.52422,37.7419],[126.52488,37.73976],[126.51878,37.73343],[126.51442,37.72699],[126.51377,37.72507],[126.51253,37.71698],[126.51261,37.7156],[126.51457,37.71093],[126.51682,37.7079],[126.51979,37.70686],[126.52451,37.7035],[126.52437,37.70163],[126.52197,37.69894],[126.52088,37.69646],[126.51965,37.6903],[126.51863,37.68865],[126.51892,37.68166],[126.51696,37.67836],[126.51696,37.67473],[126.51863,37.67132],[126.52306,37.66758],[126.52648,37.66626],[126.52902,37.66664],[126.53178,37.66565],[126.53265,37.66351],[126.53258,37.66092],[126.52749,37.65955],[126.52604,37.6596],[126.52335,37.65696],[126.52226,37.65366],[126.52524,37.65074],[126.52684,37.64728],[126.52451,37.64568],[126.52619,37.64469],[126.52851,37.63908],[126.53105,37.63605],[126.53381,37.63011],[126.53417,37.625],[126.53533,37.62219],[126.53715,37.62274],[126.53809,37.625],[126.54013,37.62456],[126.5418,37.62269],[126.5439,37.61911],[126.54281,37.61779],[126.53911,37.61784],[126.53548,37.61713],[126.53425,37.61388],[126.53199,37.61361],[126.52038,37.61069],[126.52009,37.6091],[126.52117,37.60805],[126.51667,37.60508],[126.51464,37.59985],[126.51507,37.59688],[126.51856,37.59848],[126.52255,37.59837],[126.52335,37.59677],[126.51834,37.59386],[126.51798,37.59204],[126.5203,37.59023],[126.52481,37.5899],[126.52611,37.58858],[126.52582,37.58599],[126.52314,37.58473],[126.51725,37.57999],[126.51602,37.57988],[126.51079,37.5817],[126.51043,37.58363],[126.50905,37.58495],[126.50636,37.58594],[126.50331,37.5899],[126.50338,37.59078],[126.5068,37.59215],[126.50883,37.59193],[126.51355,37.59358],[126.51493,37.59661],[126.51261,37.5993],[126.51057,37.59644],[126.50447,37.59628],[126.49874,37.59826],[126.48973,37.60007],[126.48378,37.60299],[126.4829,37.6042],[126.47956,37.6053],[126.47731,37.6031],[126.47869,37.59996],[126.47847,37.59903],[126.4755,37.59804],[126.46359,37.59507],[126.46431,37.59446],[126.46257,37.58957],[126.46155,37.58929],[126.46047,37.59155],[126.45633,37.59342],[126.4463,37.59452],[126.44275,37.59391],[126.43846,37.59259],[126.41443,37.59353],[126.41145,37.59397],[126.40571,37.59397],[126.40273,37.59441],[126.39591,37.5982],[126.39329,37.60096],[126.38828,37.60283],[126.38581,37.60492],[126.38407,37.60844],[126.37841,37.60965],[126.37688,37.61146],[126.37485,37.61212],[126.37187,37.61152],[126.37035,37.61388],[126.37449,37.61427],[126.37739,37.6157],[126.37754,37.61933],[126.37572,37.62236],[126.3747,37.6294],[126.37274,37.63259],[126.36969,37.63358],[126.3678,37.63352],[126.36563,37.63495],[126.36977,37.63715],[126.37398,37.63638],[126.37674,37.63644],[126.38603,37.6388],[126.38727,37.6399],[126.39061,37.64123],[126.39467,37.63957],[126.39772,37.64007],[126.40288,37.64288],[126.40535,37.64601],[126.40731,37.64744],[126.40578,37.64871],[126.40724,37.65019],[126.41072,37.65063],[126.41109,37.65184],[126.40941,37.65723],[126.40992,37.65921],[126.40767,37.66411],[126.40557,37.66714],[126.40593,37.66917],[126.40506,37.67291],[126.40339,37.67616],[126.39133,37.68535],[126.38807,37.68997],[126.38799,37.69079],[126.39039,37.69134],[126.39199,37.6947],[126.38727,37.69916],[126.38552,37.69998],[126.37979,37.70048],[126.37441,37.70048],[126.37274,37.70229],[126.36737,37.70383],[126.36337,37.70427],[126.35887,37.70378],[126.35524,37.70686],[126.35495,37.70895],[126.3511,37.71654],[126.35263,37.71758],[126.35357,37.72342],[126.3527,37.72479],[126.35161,37.73409],[126.35197,37.7402],[126.35611,37.74113],[126.35372,37.74262],[126.35314,37.74482],[126.35415,37.75241],[126.35517,37.75769],[126.35553,37.76231],[126.3551,37.76655],[126.35372,37.77117],[126.35415,37.77827],[126.35255,37.78531],[126.3527,37.78679],[126.3498,37.78927],[126.35096,37.79207],[126.35655,37.79361],[126.36279,37.79675],[126.36824,37.80033],[126.37187,37.80209],[126.38226,37.80434],[126.38698,37.80704],[126.38785,37.80841],[126.39039,37.81512],[126.39148,37.81711],[126.39264,37.82145],[126.39249,37.82327],[126.39896,37.82371],[126.40099,37.82261],[126.40506,37.82211],[126.40869,37.82288],[126.41384,37.82189],[126.41559,37.82244],[126.4214,37.82657],[126.42466,37.82926],[126.4267,37.83157],[126.42997,37.83042],[126.43585,37.82959],[126.43875,37.82464]]],[[[124.7161,37.82558],[124.7161,37.82558]]],[[[124.7161,37.82558],[124.71668,37.82343],[124.71915,37.82211],[124.72002,37.82008],[124.71908,37.81601],[124.71785,37.81386],[124.71501,37.81265],[124.71175,37.80929],[124.7095,37.80803],[124.70623,37.80742],[124.70274,37.80473],[124.70107,37.80533],[124.69817,37.80781],[124.69918,37.80836],[124.6957,37.80907],[124.69047,37.80819],[124.6835,37.80308],[124.68328,37.80247],[124.68684,37.80071],[124.68524,37.7995],[124.68103,37.8],[124.6795,37.80253],[124.68263,37.8044],[124.6843,37.80654],[124.68539,37.81072],[124.68357,37.81419],[124.67979,37.81661],[124.67769,37.81353],[124.67435,37.81402],[124.67536,37.81584],[124.66905,37.81793],[124.66251,37.82173],[124.66418,37.82277],[124.6681,37.82228],[124.67123,37.81997],[124.67653,37.8198],[124.6787,37.8214],[124.68299,37.82926],[124.6827,37.83135],[124.68785,37.83642],[124.69236,37.83884],[124.6957,37.83862],[124.70078,37.8406],[124.70361,37.8434],[124.70369,37.84461],[124.70209,37.84912],[124.70514,37.84951],[124.70652,37.84846],[124.7071,37.84654],[124.70993,37.84384],[124.71872,37.84538],[124.71944,37.84593],[124.72133,37.84472],[124.72249,37.84296],[124.72576,37.84214],[124.72779,37.84065],[124.72809,37.8395],[124.72409,37.83867],[124.71944,37.83702],[124.71574,37.83438],[124.71458,37.83289],[124.71363,37.82954],[124.71472,37.82552],[124.7161,37.82558]]],[[[124.6872,37.9805],[124.6909,37.97962],[124.69366,37.97951],[124.69599,37.98198],[124.69984,37.98336],[124.70477,37.98369],[124.70986,37.98226],[124.71298,37.98319],[124.71835,37.9827],[124.72177,37.98154],[124.72366,37.97945],[124.72656,37.97934],[124.72983,37.97813],[124.73077,37.97522],[124.73063,37.9707],[124.73273,37.9657],[124.73745,37.96229],[124.7405,37.96135],[124.74413,37.96256],[124.74617,37.96042],[124.74544,37.95745],[124.74101,37.95706],[124.73774,37.9591],[124.73745,37.96086],[124.73578,37.96212],[124.73302,37.96229],[124.72997,37.9608],[124.73026,37.95706],[124.73455,37.95646],[124.73818,37.95376],[124.73469,37.95167],[124.73063,37.95112],[124.73048,37.95426],[124.72743,37.95459],[124.72322,37.9536],[124.71792,37.9493],[124.71363,37.94639],[124.7092,37.94446],[124.7079,37.94457],[124.70412,37.93885],[124.70289,37.93797],[124.70412,37.93285],[124.69926,37.92713],[124.69788,37.92378],[124.69838,37.92191],[124.70013,37.92048],[124.69933,37.91927],[124.69671,37.91789],[124.69127,37.91657],[124.6856,37.91872],[124.68328,37.92174],[124.68139,37.92279],[124.67682,37.9229],[124.67072,37.92114],[124.66694,37.92334],[124.6644,37.92378],[124.65888,37.92224],[124.65634,37.92405],[124.65358,37.92471],[124.6498,37.92328],[124.64639,37.92295],[124.63942,37.92389],[124.63695,37.92609],[124.63521,37.93076],[124.63049,37.93962],[124.6286,37.94127],[124.62722,37.94639],[124.62584,37.95437],[124.62301,37.95695],[124.61524,37.96036],[124.61168,37.96141],[124.61124,37.96405],[124.61211,37.9674],[124.60972,37.96993],[124.61233,37.97114],[124.61502,37.97423],[124.6148,37.97505],[124.61683,37.97951],[124.61778,37.97709],[124.62054,37.97577],[124.62061,37.97791],[124.62272,37.97736],[124.63325,37.97208],[124.63412,37.97208],[124.6384,37.96878],[124.64276,37.96905],[124.64574,37.97015],[124.6477,37.97186],[124.65205,37.97423],[124.65394,37.97379],[124.65924,37.97401],[124.66026,37.97522],[124.66803,37.9772],[124.67006,37.97863],[124.67086,37.98105],[124.67558,37.98143],[124.67486,37.98011],[124.67863,37.9794],[124.6835,37.97956],[124.68473,37.98077],[124.68284,37.98171],[124.6835,37.9838],[124.68597,37.98424],[124.68502,37.98297],[124.6872,37.9805]]]]}},{"type":"Feature","id":"29","properties":{"sido_code":"29","sido_name":"광주광역시","name_eng":"Gwangju","kostat_code":"24","base_year":"2018"},"geometry":{"type":"Polygon","coordinates":[[[126.76336,35.25653],[126.76372,35.25339],[126.76278,35.25246],[126.76081,35.24745],[126.75936,35.24564],[126.75675,35.24366],[126.75522,35.24113],[126.75384,35.23711],[126.75522,35.23436],[126.75914,35.23359],[126.76031,35.23397],[126.76829,35.23227],[126.7749,35.23045],[126.7797,35.22605],[126.78144,35.2249],[126.78761,35.2233],[126.78993,35.22374],[126.79538,35.21978],[126.80439,35.22132],[126.8054,35.21829],[126.80852,35.22055],[126.81506,35.22413],[126.81964,35.226],[126.82363,35.22572],[126.82501,35.22754],[126.82428,35.23073],[126.82537,35.23194],[126.82937,35.23062],[126.83285,35.22869],[126.83503,35.22875],[126.83532,35.2299],[126.83728,35.22996],[126.83968,35.23188],[126.84033,35.23397],[126.84433,35.237],[126.8473,35.23722],[126.8481,35.23573],[126.85035,35.23722],[126.85594,35.23871],[126.85943,35.24003],[126.8611,35.24151],[126.8611,35.24322],[126.86255,35.24525],[126.86393,35.2458],[126.86952,35.24635],[126.87657,35.25048],[126.87955,35.25152],[126.87882,35.24839],[126.88027,35.24762],[126.88724,35.24635],[126.88957,35.24668],[126.89095,35.24943],[126.89298,35.2507],[126.90017,35.25383],[126.90344,35.25741],[126.90547,35.25824],[126.91113,35.25846],[126.91462,35.25824],[126.91498,35.2573],[126.92152,35.25317],[126.92936,35.2524],[126.93277,35.24888],[126.93379,35.24679],[126.93263,35.24157],[126.93488,35.23904],[126.93844,35.23782],[126.94272,35.23502],[126.94352,35.23172],[126.94483,35.23089],[126.94759,35.23078],[126.95187,35.22457],[126.94897,35.22088],[126.9489,35.21907],[126.95028,35.21642],[126.95405,35.21202],[126.95616,35.20883],[126.96037,35.20493],[126.96313,35.20344],[126.96516,35.20366],[126.96625,35.20108],[126.96451,35.20025],[126.96044,35.19497],[126.95863,35.1931],[126.95993,35.19002],[126.9648,35.18501],[126.9664,35.1843],[126.96712,35.18248],[126.96894,35.18061],[126.9717,35.17984],[126.97242,35.18353],[126.97213,35.18496],[126.97395,35.18611],[126.97845,35.18545],[126.97998,35.1843],[126.98281,35.18402],[126.98477,35.18606],[126.9839,35.18705],[126.98717,35.18886],[126.98891,35.1871],[126.99109,35.18639],[126.99421,35.18699],[126.99668,35.18903],[126.99995,35.18881],[127.00699,35.18523],[127.01178,35.181],[127.01629,35.17527],[127.01854,35.17368],[127.02144,35.17302],[127.02224,35.17137],[127.02086,35.16724],[127.01679,35.16532],[127.01135,35.16614],[127.00997,35.16367],[127.01171,35.1613],[127.01113,35.15893],[127.00772,35.15591],[127.00895,35.15096],[127.00793,35.14804],[127.00721,35.14386],[127.00888,35.13995],[127.00866,35.13352],[127.0096,35.13077],[127.01186,35.1278],[127.01062,35.12433],[127.00786,35.124],[127.00459,35.12175],[127.00394,35.11971],[126.99871,35.11575],[126.99995,35.11404],[126.9892,35.10986],[126.98637,35.10596],[126.98898,35.09572],[126.98767,35.09396],[126.97961,35.09187],[126.96654,35.0894],[126.9624,35.08692],[126.95863,35.08258],[126.95826,35.07872],[126.955,35.07482],[126.95187,35.07317],[126.94672,35.07267],[126.94381,35.0735],[126.93597,35.07449],[126.93227,35.07438],[126.93256,35.07779],[126.92769,35.08043],[126.92609,35.08241],[126.92464,35.08802],[126.92057,35.09171],[126.91673,35.09127],[126.9107,35.08742],[126.90583,35.08203],[126.90453,35.08136],[126.89988,35.0807],[126.89763,35.08125],[126.89509,35.0807],[126.89196,35.07795],[126.88993,35.07878],[126.88543,35.08158],[126.87722,35.07724],[126.87635,35.07603],[126.8717,35.07432],[126.86538,35.07537],[126.86233,35.07674],[126.8611,35.07894],[126.85558,35.07834],[126.85493,35.07614],[126.8534,35.07383],[126.84846,35.07223],[126.84578,35.06833],[126.84585,35.06706],[126.84411,35.06541],[126.83685,35.06569],[126.83597,35.06387],[126.82987,35.06194],[126.82719,35.06233],[126.82189,35.05996],[126.82072,35.05848],[126.81884,35.05325],[126.81811,35.0527],[126.81441,35.05336],[126.81136,35.05309],[126.80729,35.051],[126.80359,35.05243],[126.80308,35.05518],[126.80119,35.0582],[126.79923,35.05941],[126.79749,35.05897],[126.79596,35.06079],[126.79465,35.06101],[126.78935,35.05897],[126.78158,35.05386],[126.7789,35.05424],[126.77439,35.0527],[126.76924,35.05397],[126.7675,35.05567],[126.76844,35.06139],[126.76684,35.06354],[126.7651,35.06437],[126.76161,35.0636],[126.75958,35.06239],[126.75813,35.05947],[126.75675,35.05826],[126.75588,35.05908],[126.75537,35.06255],[126.75333,35.06448],[126.75413,35.06684],[126.75697,35.06838],[126.76067,35.06871],[126.76699,35.06816],[126.77134,35.0702],[126.77055,35.07163],[126.76699,35.07548],[126.76481,35.07878],[126.76568,35.08274],[126.76307,35.08626],[126.7619,35.09105],[126.75399,35.09264],[126.75312,35.09468],[126.74905,35.10078],[126.74462,35.10403],[126.73859,35.1075],[126.73641,35.10821],[126.73278,35.11278],[126.73082,35.11201],[126.73075,35.10772],[126.72835,35.10739],[126.71913,35.10854],[126.7155,35.11074],[126.71274,35.10992],[126.7086,35.10953],[126.70541,35.113],[126.70163,35.11234],[126.70003,35.10942],[126.69829,35.10794],[126.69597,35.1075],[126.68987,35.11124],[126.68558,35.11201],[126.68319,35.1114],[126.68507,35.10843],[126.68348,35.10744],[126.67999,35.1075],[126.67636,35.10491],[126.66939,35.10458],[126.6675,35.10513],[126.66699,35.10656],[126.66895,35.10788],[126.6691,35.11124],[126.66532,35.11393],[126.66336,35.11481],[126.65995,35.11355],[126.65712,35.11327],[126.65523,35.11487],[126.65537,35.11701],[126.65174,35.12053],[126.65174,35.12466],[126.65312,35.12653],[126.65457,35.13352],[126.65486,35.13682],[126.65283,35.14089],[126.65334,35.14397],[126.65051,35.14436],[126.64753,35.14403],[126.64499,35.14656],[126.64913,35.14716],[126.65058,35.14793],[126.65123,35.15063],[126.65356,35.15299],[126.65174,35.1542],[126.65174,35.15552],[126.65465,35.15833],[126.65363,35.16125],[126.65399,35.16422],[126.65704,35.16664],[126.66285,35.16746],[126.6643,35.16845],[126.6704,35.1695],[126.67215,35.17307],[126.67033,35.17505],[126.66815,35.17544],[126.66256,35.18045],[126.66365,35.18221],[126.66176,35.18474],[126.65791,35.18628],[126.65537,35.18897],[126.65327,35.19244],[126.65624,35.19409],[126.65908,35.19227],[126.66815,35.19266],[126.66975,35.19436],[126.67208,35.19425],[126.6744,35.19117],[126.67709,35.19106],[126.67774,35.19392],[126.67738,35.20135],[126.67774,35.20284],[126.67999,35.20405],[126.68253,35.20861],[126.68457,35.20982],[126.685,35.21197],[126.68703,35.21521],[126.69045,35.21499],[126.69154,35.21312],[126.69669,35.20977],[126.70257,35.20757],[126.71071,35.2123],[126.71499,35.21202],[126.71775,35.21241],[126.72022,35.21604],[126.72073,35.21885],[126.71848,35.22182],[126.72008,35.22528],[126.72327,35.22869],[126.72356,35.23067],[126.72516,35.23425],[126.72697,35.2365],[126.72908,35.23727],[126.73039,35.24069],[126.72988,35.24333],[126.73228,35.24646],[126.73533,35.24954],[126.73721,35.2529],[126.74041,35.25114],[126.74186,35.25097],[126.7484,35.25334],[126.74949,35.25587],[126.75268,35.25686],[126.75508,35.25647],[126.75791,35.25835],[126.76031,35.25873],[126.76336,35.25653]]]}},{"type":"Feature","id":"30","properties":{"sido_code":"30","sido_name":"대전광역시","name_eng":"Daejeon","kostat_code":"25","base_year":"2018"},"geometry":{"type":"Polygon","coordinates":[[[127.49259,36.23798],[127.48997,36.2371],[127.48939,36.23573],[127.48997,36.23347],[127.48729,36.23286],[127.48351,36.23033],[127.47785,36.22967],[127.47799,36.22687],[127.47683,36.22599],[127.46732,36.22236],[127.46783,36.21708],[127.46942,36.21603],[127.46891,36.21455],[127.46536,36.21432],[127.46027,36.21289],[127.45926,36.20976],[127.45519,36.20805],[127.4541,36.20657],[127.45635,36.2036],[127.45584,36.20107],[127.45069,36.19881],[127.448,36.19672],[127.44372,36.19474],[127.44088,36.19491],[127.44074,36.19661],[127.43674,36.19854],[127.43355,36.19859],[127.43094,36.20415],[127.42934,36.20519],[127.42396,36.20602],[127.42229,36.20811],[127.41975,36.20745],[127.41561,36.20888],[127.41213,36.21141],[127.40799,36.21289],[127.41067,36.2168],[127.40835,36.2206],[127.40457,36.22291],[127.40312,36.22505],[127.40094,36.23011],[127.39927,36.23253],[127.39659,36.23215],[127.38976,36.23336],[127.38736,36.23413],[127.38729,36.23727],[127.39034,36.23952],[127.39085,36.24293],[127.38787,36.2459],[127.38642,36.25069],[127.38686,36.25322],[127.38867,36.25498],[127.39041,36.26098],[127.39027,36.2623],[127.38439,36.26664],[127.38352,36.26769],[127.37763,36.27148],[127.37248,36.2722],[127.37124,36.26989],[127.36667,36.26873],[127.36326,36.26868],[127.36021,36.26219],[127.36086,36.25647],[127.35999,36.25383],[127.36413,36.25157],[127.36514,36.24365],[127.36318,36.23859],[127.36195,36.23419],[127.3634,36.23231],[127.36035,36.22549],[127.36326,36.22335],[127.36456,36.22005],[127.3642,36.21889],[127.36042,36.21823],[127.35941,36.21394],[127.35294,36.21185],[127.34953,36.20805],[127.34684,36.20415],[127.34771,36.20101],[127.34757,36.19755],[127.34401,36.19667],[127.34212,36.19342],[127.34038,36.18891],[127.33552,36.18335],[127.33406,36.18308],[127.33196,36.18467],[127.33167,36.19298],[127.32978,36.19419],[127.33355,36.1998],[127.33355,36.20068],[127.32811,36.20409],[127.32397,36.20316],[127.32317,36.20536],[127.32085,36.20893],[127.32157,36.21295],[127.31961,36.21543],[127.31809,36.21592],[127.31642,36.2195],[127.31431,36.22214],[127.31133,36.22329],[127.3064,36.22615],[127.30429,36.22962],[127.30356,36.22973],[127.30276,36.22714],[127.30371,36.22324],[127.30109,36.22137],[127.29732,36.22153],[127.29383,36.22313],[127.2926,36.22604],[127.29311,36.22819],[127.29231,36.22978],[127.28628,36.23457],[127.28192,36.23567],[127.28308,36.23705],[127.28279,36.23892],[127.28033,36.24436],[127.28141,36.24557],[127.28098,36.24849],[127.27945,36.25245],[127.28236,36.25575],[127.28236,36.25817],[127.28475,36.25999],[127.28977,36.26219],[127.29187,36.26356],[127.29013,36.26593],[127.2865,36.26494],[127.28345,36.26477],[127.27967,36.26587],[127.26936,36.27137],[127.26537,36.27435],[127.25876,36.27605],[127.25418,36.28051],[127.25382,36.2821],[127.25055,36.28573],[127.24663,36.29096],[127.24968,36.29322],[127.25121,36.29569],[127.25404,36.29685],[127.25469,36.29619],[127.25985,36.29564],[127.25927,36.29712],[127.26065,36.30185],[127.25839,36.3035],[127.25861,36.30922],[127.25803,36.30994],[127.25839,36.31764],[127.26014,36.31946],[127.26072,36.3238],[127.25977,36.32727],[127.26304,36.32727],[127.26609,36.32853],[127.26783,36.33228],[127.26558,36.3358],[127.26573,36.33805],[127.26863,36.34102],[127.27241,36.34295],[127.27909,36.34482],[127.27749,36.34713],[127.27786,36.349],[127.27655,36.35076],[127.27241,36.35412],[127.2711,36.35742],[127.27059,36.36088],[127.27234,36.36264],[127.27771,36.36528],[127.27742,36.36864],[127.27938,36.37134],[127.28105,36.37486],[127.28033,36.37871],[127.27902,36.37953],[127.27807,36.38674],[127.27916,36.39147],[127.27851,36.39675],[127.2788,36.39868],[127.28062,36.40302],[127.28229,36.41199],[127.28214,36.41463],[127.29107,36.41617],[127.29528,36.41975],[127.29427,36.42222],[127.29645,36.42321],[127.30189,36.4231],[127.30349,36.4247],[127.30995,36.42481],[127.31409,36.42294],[127.31634,36.42052],[127.31918,36.42145],[127.32201,36.42343],[127.32629,36.42211],[127.32912,36.42332],[127.33225,36.42552],[127.33276,36.42651],[127.33755,36.42833],[127.34103,36.43097],[127.34031,36.43576],[127.34321,36.44027],[127.34488,36.44439],[127.34975,36.44797],[127.35345,36.44786],[127.35578,36.45028],[127.35861,36.45589],[127.35672,36.45892],[127.3565,36.46332],[127.35955,36.46645],[127.35999,36.46899],[127.36217,36.47108],[127.36391,36.4752],[127.36057,36.47861],[127.35883,36.48257],[127.35904,36.48521],[127.36013,36.48852],[127.36333,36.48967],[127.3679,36.4883],[127.37429,36.49259],[127.37756,36.49561],[127.38032,36.49952],[127.38388,36.50023],[127.38693,36.49864],[127.39615,36.49171],[127.40305,36.48549],[127.40414,36.48109],[127.40414,36.47658],[127.40203,36.47229],[127.40102,36.46733],[127.40138,36.46266],[127.39971,36.46183],[127.39993,36.45892],[127.40211,36.45606],[127.40748,36.45479],[127.41627,36.45479],[127.42469,36.45617],[127.42745,36.45688],[127.43587,36.45644],[127.43747,36.45573],[127.44241,36.45127],[127.44713,36.44918],[127.45134,36.44924],[127.45475,36.45028],[127.4586,36.45243],[127.4626,36.45617],[127.46354,36.46029],[127.46376,36.46453],[127.46681,36.4702],[127.47015,36.47355],[127.4724,36.47504],[127.4761,36.47636],[127.48046,36.47718],[127.48402,36.47663],[127.48453,36.47471],[127.48329,36.47003],[127.48162,36.4664],[127.47937,36.46376],[127.47792,36.46117],[127.47756,36.45842],[127.47915,36.45628],[127.48213,36.45391],[127.48453,36.45292],[127.49164,36.45336],[127.50058,36.45622],[127.50275,36.45551],[127.5045,36.45182],[127.50348,36.44935],[127.49716,36.44472],[127.49346,36.44115],[127.48976,36.43411],[127.4899,36.4324],[127.49331,36.4258],[127.49564,36.42266],[127.49695,36.41947],[127.49745,36.41535],[127.50065,36.41067],[127.50152,36.40863],[127.5045,36.40819],[127.50951,36.40863],[127.51103,36.41029],[127.51452,36.4225],[127.51728,36.42167],[127.52098,36.42156],[127.52432,36.42343],[127.52941,36.4192],[127.53478,36.41931],[127.53964,36.42063],[127.54226,36.41925],[127.54182,36.41568],[127.54291,36.4121],[127.5456,36.4088],[127.5501,36.40709],[127.5517,36.4055],[127.55322,36.40121],[127.55715,36.39956],[127.55882,36.39983],[127.55969,36.39824],[127.55511,36.39521],[127.55366,36.39494],[127.54814,36.39675],[127.54364,36.39609],[127.54313,36.39703],[127.53921,36.39791],[127.53667,36.39466],[127.5334,36.39175],[127.53013,36.3912],[127.52679,36.38767],[127.52512,36.38762],[127.52461,36.38646],[127.52577,36.37755],[127.52592,36.37376],[127.52657,36.37007],[127.52599,36.36803],[127.5241,36.36589],[127.52447,36.36336],[127.5236,36.36039],[127.522,36.35786],[127.52309,36.35637],[127.52236,36.35434],[127.51938,36.35037],[127.51575,36.34867],[127.51198,36.34614],[127.50915,36.3468],[127.5074,36.3463],[127.50806,36.34322],[127.50384,36.34086],[127.50138,36.34009],[127.50058,36.33778],[127.50159,36.33624],[127.50094,36.33294],[127.50275,36.32512],[127.5,36.32078],[127.496,36.3199],[127.49782,36.31643],[127.49695,36.3144],[127.49455,36.31197],[127.49709,36.30851],[127.49818,36.3079],[127.49898,36.30565],[127.49745,36.30158],[127.49433,36.30086],[127.49164,36.29932],[127.49121,36.29657],[127.49266,36.29498],[127.4976,36.28568],[127.49883,36.28282],[127.49854,36.28133],[127.4968,36.27924],[127.4907,36.27391],[127.48874,36.27269],[127.49026,36.26835],[127.4883,36.26719],[127.48605,36.26125],[127.48634,36.25922],[127.48997,36.25735],[127.49012,36.2546],[127.48758,36.25146],[127.48939,36.24601],[127.49179,36.24519],[127.49324,36.24106],[127.49259,36.23798]]]}},{"type":"Feature","id":"31","properties":{"sido_code":"31","sido_name":"울산광역시","name_eng":"Ulsan","kostat_code":"26","base_year":"2018"},"geometry":{"type":"Polygon","coordinates":[[[129.44979,35.65109],[129.44841,35.64795],[129.44616,35.64619],[129.44261,35.64564],[129.44152,35.64432],[129.44188,35.63789],[129.44093,35.63261],[129.44152,35.63008],[129.44435,35.62413],[129.44733,35.62127],[129.45241,35.61808],[129.45067,35.61808],[129.44958,35.6166],[129.45008,35.61484],[129.45234,35.61396],[129.45749,35.61407],[129.45865,35.6122],[129.45713,35.60939],[129.45786,35.60779],[129.45982,35.60658],[129.4604,35.60801],[129.46359,35.60383],[129.4633,35.60224],[129.46439,35.59921],[129.46287,35.59371],[129.4633,35.58942],[129.46468,35.58661],[129.46316,35.5848],[129.46083,35.58414],[129.45909,35.5848],[129.45379,35.58051],[129.45292,35.57919],[129.45277,35.57215],[129.45422,35.56835],[129.45648,35.56505],[129.45793,35.56455],[129.45698,35.56114],[129.45815,35.55779],[129.45836,35.55306],[129.45604,35.55196],[129.45517,35.55058],[129.4551,35.54772],[129.45372,35.547],[129.45241,35.54409],[129.45386,35.54233],[129.45205,35.53892],[129.45132,35.53606],[129.45197,35.53281],[129.4535,35.52808],[129.45277,35.52687],[129.45154,35.5278],[129.44674,35.52934],[129.43876,35.52857],[129.43883,35.51999],[129.4397,35.51977],[129.44021,35.52225],[129.44595,35.52236],[129.44645,35.52467],[129.44762,35.5261],[129.44994,35.52483],[129.45001,35.52379],[129.44725,35.51801],[129.44558,35.51163],[129.44769,35.50893],[129.44297,35.50948],[129.44152,35.51102],[129.43316,35.51124],[129.432,35.50536],[129.43375,35.5042],[129.4373,35.50673],[129.44217,35.50706],[129.44355,35.50541],[129.44355,35.50239],[129.4421,35.50101],[129.43491,35.49953],[129.43404,35.50041],[129.4312,35.49744],[129.43113,35.49535],[129.43215,35.49337],[129.43425,35.49216],[129.43934,35.49364],[129.44115,35.49579],[129.44428,35.4937],[129.44493,35.4921],[129.4413,35.49155],[129.4397,35.48984],[129.43977,35.48731],[129.43832,35.48528],[129.43658,35.48429],[129.43208,35.48033],[129.43077,35.48357],[129.42808,35.48506],[129.42518,35.485],[129.42401,35.48418],[129.42503,35.48137],[129.42256,35.48071],[129.42118,35.48192],[129.41828,35.48214],[129.41537,35.47994],[129.41494,35.47791],[129.41624,35.47593],[129.41102,35.47147],[129.40615,35.47202],[129.40709,35.47323],[129.40426,35.47719],[129.40426,35.48731],[129.40557,35.48869],[129.40847,35.49326],[129.40325,35.4998],[129.39577,35.50123],[129.39751,35.50756],[129.39715,35.51185],[129.39322,35.51895],[129.38763,35.52742],[129.38415,35.5305],[129.37892,35.53606],[129.37667,35.53798],[129.37761,35.52841],[129.37493,35.52863],[129.37246,35.52362],[129.37601,35.52241],[129.375,35.51757],[129.38582,35.51642],[129.38611,35.50981],[129.38763,35.5042],[129.38742,35.50189],[129.3848,35.5009],[129.38037,35.50261],[129.3726,35.5009],[129.36999,35.50107],[129.36708,35.50294],[129.36512,35.50497],[129.36323,35.5042],[129.36498,35.50107],[129.36752,35.49793],[129.37129,35.49766],[129.37333,35.4981],[129.37543,35.49997],[129.37928,35.49986],[129.38357,35.49441],[129.38683,35.48968],[129.3909,35.48594],[129.39039,35.47873],[129.39047,35.4861],[129.38894,35.48753],[129.38567,35.48484],[129.38589,35.48192],[129.38378,35.48077],[129.38415,35.47598],[129.38095,35.47174],[129.37827,35.47246],[129.37434,35.46993],[129.3742,35.46833],[129.37747,35.46586],[129.3742,35.46206],[129.36795,35.46415],[129.36302,35.46041],[129.37042,35.45761],[129.36868,35.45425],[129.35503,35.45898],[129.35241,35.46223],[129.35285,35.46443],[129.35045,35.46833],[129.34588,35.47064],[129.34152,35.47411],[129.33978,35.47598],[129.33992,35.47824],[129.33753,35.48225],[129.33244,35.4855],[129.33114,35.48555],[129.33339,35.48313],[129.33578,35.48253],[129.33891,35.47917],[129.33912,35.47527],[129.3368,35.47494],[129.33709,35.47323],[129.34101,35.47015],[129.34363,35.46734],[129.3474,35.46432],[129.34842,35.45997],[129.34748,35.45953],[129.34987,35.44825],[129.3522,35.44743],[129.35452,35.44902],[129.35982,35.44792],[129.36011,35.44633],[129.3588,35.44281],[129.35387,35.44094],[129.35525,35.43824],[129.36519,35.44149],[129.36912,35.4488],[129.37376,35.44704],[129.37238,35.44528],[129.37006,35.44374],[129.3665,35.43703],[129.37144,35.43527],[129.37144,35.4334],[129.37362,35.43125],[129.36745,35.43092],[129.36171,35.42614],[129.35379,35.42702],[129.35278,35.4268],[129.36403,35.42493],[129.36425,35.42295],[129.36389,35.41519],[129.35626,35.41332],[129.35626,35.41046],[129.3628,35.41073],[129.36258,35.4065],[129.35989,35.40314],[129.35394,35.40243],[129.35416,35.39792],[129.35554,35.39456],[129.35401,35.39285],[129.34915,35.39208],[129.34653,35.38961],[129.34769,35.38521],[129.34588,35.38301],[129.34457,35.37811],[129.34537,35.37806],[129.34501,35.37514],[129.34653,35.3742],[129.35198,35.37239],[129.35532,35.37178],[129.35554,35.36942],[129.35452,35.36716],[129.3604,35.36469],[129.36142,35.36315],[129.36178,35.3588],[129.35888,35.35545],[129.35474,35.35484],[129.35002,35.35484],[129.34515,35.35181],[129.34479,35.3539],[129.34007,35.35671],[129.33593,35.35627],[129.33411,35.35511],[129.3323,35.34785],[129.32801,35.34697],[129.32511,35.34763],[129.32206,35.34604],[129.32068,35.34323],[129.31988,35.33982],[129.32061,35.33878],[129.3193,35.3379],[129.31632,35.33867],[129.31538,35.33542],[129.31284,35.33058],[129.3116,35.32948],[129.30855,35.32832],[129.30942,35.32964],[129.30797,35.3308],[129.30485,35.32986],[129.30274,35.33228],[129.30231,35.33404],[129.29991,35.33597],[129.29192,35.3368],[129.28974,35.33927],[129.28553,35.33922],[129.28176,35.34026],[129.27965,35.34136],[129.28386,35.34609],[129.28495,35.35071],[129.28401,35.35308],[129.28052,35.35622],[129.28125,35.36078],[129.2819,35.36188],[129.28226,35.36535],[129.27943,35.36612],[129.27682,35.37211],[129.27232,35.37723],[129.2681,35.38064],[129.26629,35.38372],[129.26549,35.38713],[129.26331,35.38565],[129.25794,35.38411],[129.25293,35.38686],[129.25068,35.38735],[129.25089,35.38471],[129.24879,35.38317],[129.24683,35.38273],[129.24196,35.38334],[129.24022,35.38433],[129.23702,35.38356],[129.23543,35.38026],[129.2302,35.38114],[129.22482,35.38042],[129.21851,35.37894],[129.21153,35.38075],[129.20507,35.38433],[129.20369,35.38631],[129.20115,35.38779],[129.20282,35.39263],[129.20783,35.39577],[129.20892,35.39946],[129.21059,35.39973],[129.21379,35.4021],[129.21887,35.40699],[129.21814,35.4115],[129.2148,35.41304],[129.21284,35.41734],[129.21023,35.41976],[129.20565,35.42025],[129.20217,35.42157],[129.20013,35.42416],[129.20093,35.42806],[129.19992,35.43043],[129.20195,35.43257],[129.19701,35.4389],[129.19338,35.43747],[129.18997,35.43489],[129.18445,35.4345],[129.17835,35.43224],[129.17675,35.43362],[129.17065,35.43329],[129.16804,35.4318],[129.16564,35.43213],[129.1652,35.43362],[129.15845,35.43648],[129.15344,35.44017],[129.15206,35.44187],[129.14778,35.44413],[129.14596,35.44413],[129.14313,35.44567],[129.13957,35.44853],[129.13812,35.4521],[129.13129,35.45634],[129.13086,35.45816],[129.12635,35.46168],[129.12178,35.46344],[129.12062,35.46547],[129.12171,35.46751],[129.12127,35.47009],[129.11887,35.47196],[129.11713,35.47516],[129.11568,35.47664],[129.10943,35.47967],[129.10834,35.4811],[129.10791,35.48363],[129.10936,35.4866],[129.10682,35.48946],[129.10624,35.49127],[129.10675,35.49513],[129.10399,35.49727],[129.10224,35.49766],[129.10043,35.49661],[129.09825,35.49694],[129.0968,35.49815],[129.09433,35.4976],[129.0907,35.49826],[129.08641,35.50184],[129.07973,35.50299],[129.06949,35.50651],[129.06441,35.50926],[129.06158,35.50965],[129.05265,35.51449],[129.05105,35.51983],[129.05221,35.52131],[129.05214,35.52439],[129.0533,35.52571],[129.05657,35.52709],[129.05686,35.53072],[129.05584,35.53226],[129.04822,35.52956],[129.04328,35.52912],[129.03928,35.52753],[129.03246,35.52566],[129.02737,35.52709],[129.02033,35.52412],[129.01292,35.52313],[129.009,35.52401],[129.00958,35.5283],[129.00762,35.52912],[129.00428,35.52918],[128.99542,35.5278],[128.99455,35.52813],[128.9947,35.53044],[128.99622,35.53226],[128.99593,35.53523],[128.99884,35.53853],[128.99833,35.54172],[128.99658,35.54403],[128.9923,35.54739],[128.98932,35.55163],[128.98547,35.54953],[128.9809,35.5464],[128.97966,35.54865],[128.97523,35.55322],[128.97291,35.55608],[128.97117,35.56032],[128.9756,35.56191],[128.97792,35.56345],[128.97959,35.56345],[128.98497,35.56461],[128.98932,35.56631],[128.99579,35.56791],[129.00791,35.58018],[129.01227,35.58271],[129.01445,35.5826],[129.01888,35.58381],[129.01895,35.58678],[129.02164,35.58936],[129.02273,35.59129],[129.02302,35.59624],[129.02461,35.59993],[129.02432,35.60152],[129.02265,35.60295],[129.0236,35.60923],[129.02302,35.61346],[129.01939,35.61561],[129.0167,35.61627],[129.01329,35.61533],[129.00849,35.61594],[129.00646,35.61852],[129.00276,35.62028],[129.0061,35.62347],[129.01024,35.62606],[129.01677,35.62876],[129.01801,35.62964],[129.02091,35.63508],[129.02658,35.6364],[129.02854,35.63486],[129.03551,35.632],[129.03696,35.63244],[129.03798,35.63486],[129.04066,35.63728],[129.04335,35.64097],[129.04509,35.6463],[129.04691,35.65054],[129.05206,35.64906],[129.05766,35.64823],[129.06332,35.64663],[129.06927,35.64542],[129.07225,35.64366],[129.07552,35.64036],[129.08082,35.64328],[129.08118,35.64669],[129.07973,35.64911],[129.07617,35.65093],[129.07218,35.65566],[129.06804,35.65857],[129.06724,35.66198],[129.06848,35.66374],[129.06906,35.66903],[129.06717,35.67134],[129.06811,35.67321],[129.07305,35.67739],[129.07073,35.67865],[129.06986,35.68239],[129.07414,35.68707],[129.07407,35.68801],[129.07719,35.69296],[129.08046,35.69593],[129.08307,35.69763],[129.08576,35.69807],[129.0899,35.70099],[129.09026,35.70269],[129.09367,35.70297],[129.1021,35.70616],[129.11038,35.70743],[129.11277,35.70836],[129.11568,35.70847],[129.11749,35.70665],[129.12425,35.70825],[129.12621,35.71359],[129.12737,35.71414],[129.1342,35.7121],[129.13681,35.71287],[129.13579,35.71364],[129.1379,35.71711],[129.1395,35.71826],[129.13754,35.72068],[129.14131,35.72409],[129.14451,35.72481],[129.14719,35.72464],[129.15482,35.72096],[129.15627,35.71975],[129.16034,35.7148],[129.16586,35.71502],[129.16811,35.71557],[129.17109,35.71463],[129.17348,35.71474],[129.17646,35.71568],[129.17842,35.71722],[129.18096,35.72151],[129.18132,35.72376],[129.18626,35.72129],[129.18648,35.72063],[129.19273,35.71843],[129.19716,35.71612],[129.1981,35.71452],[129.20057,35.71579],[129.20173,35.71887],[129.20522,35.72107],[129.20892,35.72107],[129.20928,35.71887],[129.21386,35.71557],[129.21901,35.7137],[129.22185,35.71199],[129.22439,35.70957],[129.22649,35.70864],[129.22831,35.7093],[129.23179,35.70842],[129.23368,35.70616],[129.23397,35.70385],[129.24138,35.70385],[129.24218,35.70313],[129.24646,35.70192],[129.253,35.7017],[129.25685,35.70071],[129.2591,35.69813],[129.26186,35.6934],[129.26258,35.69114],[129.26222,35.68591],[129.25866,35.68311],[129.25961,35.68047],[129.26106,35.67909],[129.25975,35.67227],[129.25656,35.66892],[129.25474,35.66638],[129.25547,35.66044],[129.25772,35.6589],[129.2599,35.65489],[129.26549,35.65362],[129.2697,35.65115],[129.27493,35.65307],[129.2811,35.6506],[129.28292,35.65175],[129.29018,35.64784],[129.29192,35.64498],[129.29642,35.6435],[129.29701,35.64647],[129.29839,35.64762],[129.30165,35.64806],[129.30332,35.6501],[129.30405,35.65665],[129.30449,35.6572],[129.31117,35.6605],[129.31734,35.65912],[129.31908,35.65791],[129.3278,35.65885],[129.32867,35.66039],[129.32859,35.66259],[129.33034,35.66506],[129.33252,35.66655],[129.33419,35.6698],[129.33571,35.66914],[129.34007,35.66963],[129.34588,35.67392],[129.34922,35.67744],[129.35358,35.67937],[129.35924,35.67937],[129.3641,35.67893],[129.36418,35.67673],[129.37158,35.67211],[129.37267,35.66925],[129.38073,35.67101],[129.3864,35.67035],[129.3888,35.6693],[129.39366,35.66804],[129.3986,35.66782],[129.4007,35.66721],[129.40332,35.66297],[129.40688,35.66281],[129.40789,35.66358],[129.41094,35.66385],[129.41436,35.6627],[129.42576,35.6572],[129.42837,35.6556],[129.4328,35.65665],[129.43309,35.65428],[129.43505,35.65247],[129.43687,35.65423],[129.43926,35.65527],[129.44536,35.65346],[129.44841,35.6512],[129.44979,35.65109]]]}},{"type":"Feature","id":"36","properties":{"sido_code":"36","sido_name":"세종특별자치시","name_eng":"Sejongsi","kostat_code":"29","base_year":"2018"},"geometry":{"type":"Polygon","coordinates":[[[127.28526,36.69069],[127.28889,36.68948],[127.28955,36.68822],[127.29666,36.6858],[127.30182,36.68574],[127.30414,36.68503],[127.30763,36.682],[127.30756,36.67831],[127.30625,36.67545],[127.3061,36.67226],[127.30509,36.66759],[127.30233,36.66577],[127.29971,36.66219],[127.29674,36.66076],[127.28868,36.65889],[127.28613,36.65169],[127.28439,36.64998],[127.28163,36.64514],[127.28279,36.64228],[127.27953,36.64068],[127.27698,36.64184],[127.27568,36.6398],[127.27945,36.63348],[127.28083,36.63441],[127.28497,36.63414],[127.28722,36.63612],[127.29078,36.63683],[127.29223,36.63491],[127.29085,36.63205],[127.29071,36.63012],[127.29223,36.62479],[127.2963,36.62423],[127.29579,36.62016],[127.29637,36.61895],[127.29892,36.61868],[127.3003,36.61648],[127.30008,36.61406],[127.30182,36.61279],[127.3016,36.60927],[127.3008,36.60773],[127.30494,36.60437],[127.30632,36.60228],[127.30654,36.59986],[127.3048,36.59623],[127.30487,36.59139],[127.30182,36.58853],[127.29986,36.58771],[127.29979,36.58595],[127.30385,36.58341],[127.30574,36.58297],[127.31322,36.58286],[127.32143,36.5838],[127.32208,36.58149],[127.32731,36.57604],[127.33094,36.57505],[127.33573,36.57109],[127.33653,36.56999],[127.33515,36.56812],[127.33704,36.56284],[127.33806,36.56234],[127.34263,36.56416],[127.34713,36.56443],[127.35098,36.56223],[127.35628,36.56168],[127.3605,36.56229],[127.36253,36.56443],[127.36507,36.56427],[127.37088,36.56653],[127.37756,36.56785],[127.37705,36.56394],[127.378,36.56289],[127.37647,36.56097],[127.37255,36.5597],[127.37357,36.55772],[127.3756,36.55783],[127.37778,36.55558],[127.37923,36.55261],[127.37851,36.5498],[127.38315,36.54788],[127.38388,36.54545],[127.38352,36.54314],[127.38439,36.54122],[127.3923,36.54001],[127.39782,36.54023],[127.40022,36.54177],[127.40152,36.54149],[127.40501,36.53731],[127.40559,36.53137],[127.40842,36.52719],[127.40871,36.52394],[127.40762,36.52306],[127.40617,36.52378],[127.40152,36.52367],[127.39789,36.52136],[127.3976,36.52059],[127.40414,36.5169],[127.40494,36.51195],[127.40908,36.50975],[127.40908,36.50744],[127.40784,36.50331],[127.40871,36.49946],[127.41082,36.49776],[127.4098,36.49534],[127.40537,36.49424],[127.39978,36.49336],[127.39615,36.49171],[127.38693,36.49864],[127.38388,36.50023],[127.38032,36.49952],[127.37756,36.49561],[127.37429,36.49259],[127.3679,36.4883],[127.36333,36.48967],[127.36013,36.48852],[127.35904,36.48521],[127.35883,36.48257],[127.36057,36.47861],[127.36391,36.4752],[127.36217,36.47108],[127.35999,36.46899],[127.35955,36.46645],[127.3565,36.46332],[127.35672,36.45892],[127.35861,36.45589],[127.35578,36.45028],[127.35345,36.44786],[127.34975,36.44797],[127.34488,36.44439],[127.34321,36.44027],[127.34031,36.43576],[127.34103,36.43097],[127.33755,36.42833],[127.33276,36.42651],[127.33225,36.42552],[127.32912,36.42332],[127.32629,36.42211],[127.32201,36.42343],[127.31918,36.42145],[127.31634,36.42052],[127.31409,36.42294],[127.30995,36.42481],[127.30349,36.4247],[127.30189,36.4231],[127.29645,36.42321],[127.29427,36.42222],[127.29528,36.41975],[127.29107,36.41617],[127.28214,36.41463],[127.27989,36.4154],[127.2772,36.41397],[127.27546,36.41397],[127.2682,36.41672],[127.26551,36.41716],[127.26239,36.41661],[127.25956,36.41535],[127.25861,36.41331],[127.25956,36.41034],[127.25752,36.40808],[127.25077,36.40676],[127.24438,36.41463],[127.24227,36.41859],[127.23625,36.41865],[127.23196,36.41991],[127.23174,36.42195],[127.22877,36.42277],[127.22695,36.42123],[127.22564,36.42228],[127.22514,36.42662],[127.21962,36.43075],[127.21773,36.43372],[127.21315,36.43482],[127.21265,36.43559],[127.20713,36.43614],[127.20052,36.43884],[127.19892,36.43988],[127.20139,36.44203],[127.20182,36.44632],[127.20132,36.44913],[127.19841,36.45221],[127.20081,36.45358],[127.2032,36.45611],[127.20473,36.4593],[127.20328,36.46497],[127.2011,36.46678],[127.19863,36.46563],[127.19478,36.46877],[127.19202,36.47465],[127.1905,36.47949],[127.19413,36.48433],[127.19485,36.48439],[127.19471,36.48962],[127.18832,36.49264],[127.1828,36.4933],[127.18004,36.49209],[127.17706,36.49259],[127.17321,36.49743],[127.17343,36.49919],[127.17757,36.50243],[127.17597,36.5054],[127.17002,36.50904],[127.17024,36.51173],[127.17401,36.51553],[127.17968,36.51888],[127.18236,36.52141],[127.17786,36.52719],[127.17575,36.5289],[127.17496,36.53297],[127.173,36.53346],[127.17263,36.53616],[127.17438,36.53825],[127.17379,36.54078],[127.17423,36.54221],[127.17866,36.54534],[127.1812,36.54562],[127.1828,36.54408],[127.18505,36.54364],[127.18701,36.54578],[127.1918,36.546],[127.19173,36.54683],[127.1873,36.55101],[127.18672,36.55294],[127.18948,36.55695],[127.1905,36.55954],[127.19376,36.56482],[127.19747,36.56454],[127.19921,36.56493],[127.20313,36.56746],[127.20371,36.57263],[127.2064,36.57478],[127.20778,36.57797],[127.20567,36.58077],[127.20037,36.58259],[127.19703,36.5811],[127.19297,36.58083],[127.18926,36.58683],[127.19137,36.59392],[127.18999,36.59464],[127.18708,36.59348],[127.1873,36.59233],[127.18454,36.59117],[127.18207,36.59332],[127.18171,36.59552],[127.17837,36.59689],[127.1727,36.59546],[127.17249,36.59695],[127.1661,36.60256],[127.15789,36.60636],[127.15549,36.60669],[127.15499,36.61208],[127.156,36.61516],[127.15499,36.61653],[127.15063,36.61835],[127.15041,36.61972],[127.15433,36.6239],[127.16014,36.62407],[127.16036,36.62627],[127.15702,36.62721],[127.15615,36.63001],[127.15629,36.63172],[127.15811,36.63535],[127.15651,36.6398],[127.15339,36.64371],[127.15317,36.6452],[127.1547,36.65284],[127.16058,36.65614],[127.15905,36.66137],[127.15484,36.66429],[127.15615,36.66902],[127.15854,36.67303],[127.16254,36.676],[127.16348,36.67622],[127.16414,36.67848],[127.16297,36.68304],[127.1608,36.68783],[127.16145,36.6902],[127.16036,36.69273],[127.15709,36.69564],[127.15666,36.69113],[127.15223,36.69014],[127.14918,36.69025],[127.1438,36.68899],[127.14177,36.68998],[127.14293,36.69179],[127.14068,36.69735],[127.1393,36.69823],[127.13618,36.70505],[127.13436,36.70681],[127.13204,36.70615],[127.12797,36.70797],[127.12957,36.71022],[127.13168,36.71028],[127.14054,36.716],[127.14504,36.71748],[127.14881,36.72056],[127.14816,36.72271],[127.1499,36.72596],[127.15477,36.72788],[127.15753,36.72744],[127.15963,36.73283],[127.16464,36.73382],[127.17125,36.73223],[127.17358,36.72871],[127.17699,36.72854],[127.18454,36.7297],[127.1873,36.72799],[127.19071,36.72854],[127.19565,36.72838],[127.20066,36.72656],[127.20313,36.72618],[127.2048,36.72089],[127.20625,36.72067],[127.20785,36.71902],[127.21228,36.71809],[127.21606,36.71611],[127.21925,36.71545],[127.22361,36.71572],[127.22361,36.71165],[127.22862,36.70819],[127.2308,36.70802],[127.23225,36.70907],[127.23429,36.70879],[127.23639,36.70747],[127.23704,36.70439],[127.24162,36.70131],[127.24569,36.69592],[127.24801,36.69509],[127.25121,36.69702],[127.2576,36.69273],[127.26522,36.69218],[127.2735,36.69526],[127.27575,36.6935],[127.27662,36.6919],[127.28134,36.69042],[127.28526,36.69069]]]}},{"type":"Feature","id":"41","properties":{"sido_code":"41","sido_name":"경기도","name_eng":"Gyeonggi-do","kostat_code":"31","base_year":"2018"},"geometry":{"type":"MultiPolygon","coordinates":[[[[126.74266,37.038],[126.74266,37.038],[126.74266,37.038]]],[[[126.74266,37.038],[126.74527,37.038],[126.74578,37.04234],[126.74927,37.049],[126.75668,37.05544],[126.75559,37.05621],[126.72022,37.08388],[126.69691,37.10203],[126.68406,37.11215],[126.68377,37.11463],[126.67955,37.11826],[126.68333,37.11738],[126.68471,37.11909],[126.68377,37.12437],[126.68173,37.12915],[126.67796,37.13493],[126.67658,37.13592],[126.67571,37.13829],[126.67912,37.14054],[126.67897,37.14329],[126.68108,37.14445],[126.68246,37.1472],[126.68565,37.15011],[126.69466,37.15226],[126.69618,37.15105],[126.69125,37.15721],[126.68282,37.16046],[126.68217,37.16046],[126.66968,37.156],[126.66496,37.15672],[126.66205,37.156],[126.65791,37.15391],[126.65864,37.15501],[126.65385,37.15369],[126.64985,37.15463],[126.65051,37.15628],[126.65334,37.15655],[126.65777,37.15914],[126.66002,37.16101],[126.66089,37.16392],[126.65799,37.16772],[126.65566,37.17779],[126.65341,37.18059],[126.65392,37.18131],[126.65704,37.17993],[126.65537,37.17971],[126.65697,37.17619],[126.66002,37.17641],[126.6651,37.18274],[126.6675,37.18807],[126.6699,37.18923],[126.66641,37.19149],[126.66467,37.19165],[126.6582,37.19005],[126.65436,37.18593],[126.65537,37.18516],[126.6524,37.18268],[126.64956,37.18373],[126.65,37.1856],[126.65479,37.19038],[126.65058,37.1911],[126.65196,37.19171],[126.65327,37.19429],[126.65595,37.20331],[126.66031,37.21718],[126.66089,37.22092],[126.66075,37.22339],[126.65937,37.22906],[126.65559,37.23379],[126.65247,37.23682],[126.64811,37.24298],[126.64717,37.25002],[126.64884,37.25063],[126.64804,37.2531],[126.64688,37.25343],[126.64637,37.25805],[126.64833,37.26157],[126.64949,37.26141],[126.65276,37.26465],[126.65407,37.26696],[126.65378,37.26988],[126.6516,37.27335],[126.63293,37.28682],[126.63301,37.28704],[126.64499,37.27841],[126.64688,37.27863],[126.6468,37.28039],[126.65465,37.28281],[126.65755,37.28281],[126.66104,37.28721],[126.6614,37.29139],[126.65988,37.29238],[126.6492,37.29277],[126.63417,37.28919],[126.63221,37.28842],[126.63003,37.28506],[126.6293,37.2849],[126.63141,37.28814],[126.6333,37.28925],[126.6484,37.29293],[126.66169,37.29255],[126.66169,37.27813],[126.66619,37.27775],[126.66888,37.27632],[126.67019,37.27692],[126.67295,37.28044],[126.67505,37.28171],[126.68028,37.28193],[126.6842,37.28099],[126.68217,37.27659],[126.67992,37.27483],[126.67527,37.27258],[126.67331,37.2723],[126.67193,37.27318],[126.67716,37.25948],[126.67963,37.25717],[126.6826,37.25712],[126.68624,37.25976],[126.68711,37.26146],[126.69139,37.26168],[126.69785,37.26113],[126.70083,37.2602],[126.70279,37.25855],[126.70526,37.25778],[126.70976,37.25827],[126.71579,37.25519],[126.71986,37.25547],[126.72523,37.25635],[126.7293,37.25398],[126.73402,37.24941],[126.73576,37.24997],[126.73881,37.25338],[126.7407,37.25437],[126.74186,37.25343],[126.74535,37.25508],[126.74665,37.25354],[126.74941,37.25437],[126.75624,37.25431],[126.75827,37.25178],[126.75682,37.25035],[126.75769,37.24892],[126.76365,37.24914],[126.76503,37.24749],[126.7651,37.24518],[126.76706,37.24518],[126.76699,37.24787],[126.77113,37.24864],[126.77476,37.24771],[126.77606,37.2454],[126.77635,37.23649],[126.77962,37.23467],[126.78115,37.23308],[126.78238,37.23],[126.78354,37.22983],[126.78667,37.23297],[126.78449,37.23506],[126.78289,37.23456],[126.77832,37.23935],[126.77795,37.24138],[126.77832,37.24578],[126.78957,37.24413],[126.78979,37.24765],[126.78834,37.25519],[126.79335,37.25921],[126.79211,37.26471],[126.79052,37.2668],[126.79168,37.26817],[126.79625,37.27071],[126.79785,37.2706],[126.8078,37.26724],[126.80903,37.26647],[126.81121,37.26762],[126.81092,37.26889],[126.80911,37.26867],[126.80823,37.26966],[126.80409,37.27681],[126.80351,37.28006],[126.80497,37.28391],[126.8046,37.28429],[126.80475,37.2937],[126.80925,37.29365],[126.81361,37.29299],[126.8192,37.29046],[126.82312,37.28677],[126.82494,37.28396],[126.82697,37.2783],[126.82813,37.27692],[126.83561,37.27659],[126.83721,37.27505],[126.83735,37.27219],[126.84142,37.26773],[126.84331,37.26768],[126.84098,37.26889],[126.8391,37.2712],[126.83764,37.27439],[126.83808,37.27615],[126.83583,37.27753],[126.82987,37.27835],[126.82777,37.28022],[126.82661,37.28479],[126.82552,37.28677],[126.82276,37.28991],[126.81993,37.29227],[126.81629,37.29409],[126.8168,37.29805],[126.80526,37.29953],[126.80402,37.29772],[126.80126,37.29563],[126.78935,37.29343],[126.78885,37.29513],[126.78449,37.29436],[126.78383,37.2926],[126.76764,37.29255],[126.74491,37.29909],[126.74063,37.30085],[126.73932,37.29882],[126.73264,37.30074],[126.73286,37.30267],[126.72146,37.30586],[126.71753,37.30828],[126.71151,37.309],[126.70555,37.31076],[126.69263,37.31873],[126.68493,37.32011],[126.68064,37.31961],[126.67643,37.32022],[126.67607,37.32198],[126.67425,37.325],[126.67106,37.32902],[126.61456,37.31318],[126.61086,37.31136],[126.60156,37.30619],[126.58312,37.29546],[126.57803,37.29282],[126.58297,37.2909],[126.5858,37.29095],[126.58283,37.29002],[126.58217,37.28847],[126.58384,37.28457],[126.58442,37.28462],[126.589,37.29018],[126.59045,37.28963],[126.60977,37.2794],[126.60846,37.27978],[126.58929,37.28996],[126.58537,37.2855],[126.58639,37.28605],[126.58856,37.28523],[126.59009,37.28352],[126.59829,37.27758],[126.61173,37.27252],[126.61863,37.26707],[126.62415,37.2641],[126.62466,37.26735],[126.62574,37.26812],[126.6341,37.26994],[126.63678,37.27115],[126.63715,37.27236],[126.64296,37.26906],[126.63925,37.26449],[126.6407,37.26196],[126.6415,37.26262],[126.63961,37.26465],[126.64303,37.26856],[126.64339,37.26961],[126.64201,37.27241],[126.63983,37.2745],[126.63105,37.28077],[126.63134,37.28088],[126.64085,37.27401],[126.64325,37.27082],[126.64397,37.26663],[126.64274,37.26372],[126.63787,37.25849],[126.63678,37.25415],[126.63773,37.25101],[126.64259,37.24116],[126.6447,37.23847],[126.65211,37.23027],[126.65457,37.22504],[126.65537,37.21547],[126.65501,37.20958],[126.6529,37.20029],[126.65203,37.1982],[126.64651,37.19143],[126.64506,37.19226],[126.64274,37.19578],[126.64187,37.19858],[126.64237,37.20238],[126.64165,37.20447],[126.64245,37.20601],[126.64492,37.20623],[126.64695,37.20843],[126.64615,37.21168],[126.64005,37.21558],[126.63744,37.21663],[126.62923,37.21828],[126.62633,37.21916],[126.6264,37.22147],[126.62335,37.22686],[126.62335,37.23412],[126.62407,37.23555],[126.62095,37.23566],[126.61906,37.23209],[126.62015,37.23099],[126.61856,37.22955],[126.61507,37.23099],[126.61325,37.23308],[126.61086,37.23396],[126.6097,37.23291],[126.61049,37.2295],[126.60875,37.22911],[126.60679,37.23011],[126.60236,37.23033],[126.60026,37.22823],[126.59452,37.23225],[126.59125,37.23385],[126.58835,37.2333],[126.59103,37.23242],[126.59604,37.22966],[126.59982,37.22647],[126.60345,37.22394],[126.60447,37.22383],[126.6097,37.2207],[126.61129,37.2191],[126.61369,37.2114],[126.61521,37.20947],[126.61238,37.20837],[126.6073,37.2119],[126.6049,37.21228],[126.60265,37.2081],[126.60185,37.20903],[126.60483,37.21245],[126.60127,37.22147],[126.60055,37.22136],[126.60033,37.21762],[126.59517,37.21432],[126.59045,37.21349],[126.58915,37.21399],[126.58675,37.22059],[126.58486,37.2213],[126.576,37.22075],[126.57673,37.21949],[126.57586,37.21668],[126.57288,37.21008],[126.56932,37.20661],[126.5683,37.20452],[126.56801,37.20133],[126.56954,37.19924],[126.56213,37.19319],[126.56053,37.19853],[126.55727,37.20172],[126.55378,37.20386],[126.55269,37.20293],[126.55022,37.20276],[126.55131,37.20491],[126.54557,37.20606],[126.54492,37.21223],[126.54354,37.21426],[126.54405,37.21498],[126.54768,37.21558],[126.55385,37.21448],[126.55596,37.21569],[126.55712,37.21784],[126.5532,37.22268],[126.55196,37.2235],[126.54586,37.22372],[126.54165,37.2246],[126.54078,37.22878],[126.54238,37.22801],[126.54463,37.22983],[126.54441,37.23346],[126.54761,37.23374],[126.55342,37.23341],[126.5569,37.2344],[126.55799,37.23566],[126.563,37.23654],[126.56823,37.23632],[126.56562,37.23819],[126.56438,37.24023],[126.56097,37.24226],[126.56148,37.24617],[126.5614,37.24969],[126.56293,37.25184],[126.563,37.2553],[126.55923,37.26069],[126.55952,37.26201],[126.55894,37.26636],[126.55676,37.26729],[126.55327,37.27225],[126.55008,37.27406],[126.55051,37.27582],[126.54826,37.28006],[126.54209,37.28132],[126.53962,37.28248],[126.53897,37.28611],[126.53403,37.28765],[126.53279,37.28897],[126.53475,37.28919],[126.54296,37.2849],[126.54993,37.28308],[126.55552,37.28358],[126.55741,37.28149],[126.55719,37.28028],[126.55538,37.28099],[126.55422,37.27973],[126.55639,37.27665],[126.56126,37.27725],[126.56467,37.27835],[126.56787,37.28077],[126.5683,37.28259],[126.57114,37.28545],[126.57724,37.29013],[126.57607,37.29359],[126.57426,37.29579],[126.57186,37.29662],[126.57172,37.29777],[126.57448,37.29678],[126.57789,37.2931],[126.57956,37.29431],[126.59866,37.30553],[126.60498,37.30911],[126.60599,37.31252],[126.60752,37.31323],[126.61057,37.31307],[126.61609,37.3151],[126.62052,37.31571],[126.64833,37.32352],[126.68631,37.33403],[126.69132,37.33579],[126.69132,37.33909],[126.68987,37.34002],[126.68573,37.34107],[126.68841,37.34866],[126.69357,37.34833],[126.70141,37.35042],[126.70323,37.35125],[126.70047,37.35356],[126.70069,37.35482],[126.70599,37.36032],[126.71434,37.36946],[126.72603,37.38167],[126.73097,37.38657],[126.73264,37.38635],[126.74201,37.38255],[126.7431,37.38425],[126.74092,37.38701],[126.7375,37.38833],[126.73562,37.38723],[126.73431,37.38778],[126.73402,37.38948],[126.73946,37.39531],[126.74433,37.3985],[126.75689,37.39685],[126.76161,37.3974],[126.7627,37.39707],[126.7643,37.3941],[126.77287,37.39416],[126.77686,37.3919],[126.78006,37.39476],[126.78427,37.39157],[126.7895,37.39548],[126.79073,37.39427],[126.78943,37.39713],[126.78885,37.40378],[126.78841,37.40208],[126.78601,37.4029],[126.78863,37.40103],[126.78928,37.3979],[126.78826,37.39515],[126.78492,37.39229],[126.78376,37.39218],[126.78013,37.39526],[126.77853,37.39366],[126.77098,37.39504],[126.76655,37.39493],[126.76691,37.39641],[126.76386,37.39933],[126.7505,37.40065],[126.74905,37.40351],[126.75116,37.40698],[126.75333,37.4083],[126.75435,37.41281],[126.75573,37.41528],[126.75435,37.41748],[126.75508,37.4182],[126.75326,37.42271],[126.76002,37.42645],[126.76459,37.42607],[126.76924,37.4275],[126.77091,37.43085],[126.77047,37.43333],[126.7712,37.43646],[126.76873,37.44317],[126.77113,37.44642],[126.77033,37.44752],[126.77163,37.44934],[126.77374,37.45049],[126.77904,37.45104],[126.78042,37.455],[126.77802,37.45698],[126.77853,37.46204],[126.77984,37.46584],[126.7794,37.46832],[126.77788,37.47002],[126.77817,37.47178],[126.77461,37.4714],[126.77214,37.47233],[126.76779,37.47173],[126.76706,37.47365],[126.76517,37.47519],[126.75914,37.4769],[126.75609,37.47987],[126.75551,37.48289],[126.74999,37.48543],[126.74731,37.48532],[126.74244,37.48691],[126.74179,37.4945],[126.74375,37.50143],[126.74164,37.50881],[126.74556,37.51497],[126.74999,37.5142],[126.75217,37.51651],[126.75631,37.51662],[126.75813,37.51579],[126.76016,37.51799],[126.7606,37.5197],[126.76023,37.52487],[126.76031,37.53571],[126.76081,37.53906],[126.76234,37.5395],[126.76336,37.54627],[126.76524,37.55051],[126.76619,37.55425],[126.7675,37.55194],[126.77149,37.54836],[126.77527,37.54897],[126.77788,37.54666],[126.78398,37.546],[126.78696,37.546],[126.79059,37.54391],[126.79298,37.54159],[126.79378,37.54],[126.79444,37.53582],[126.79945,37.53774],[126.7993,37.54066],[126.80184,37.5427],[126.80722,37.54374],[126.8123,37.54071],[126.8221,37.54066],[126.82247,37.53653],[126.82196,37.53505],[126.82472,37.53059],[126.8282,37.52905],[126.82813,37.52581],[126.8261,37.52432],[126.82552,37.51986],[126.82457,37.51805],[126.82421,37.51051],[126.82697,37.5104],[126.82624,37.50875],[126.82225,37.50771],[126.82254,37.50567],[126.8216,37.50215],[126.81964,37.49923],[126.81608,37.49764],[126.81412,37.49786],[126.81303,37.49637],[126.81455,37.49318],[126.8208,37.49054],[126.82319,37.48752],[126.82131,37.4862],[126.81956,37.48031],[126.81826,37.47816],[126.81528,37.47635],[126.81462,37.47475],[126.81767,37.47321],[126.81942,37.47635],[126.82784,37.47596],[126.83176,37.47767],[126.83307,37.47723],[126.83459,37.47486],[126.83823,37.47536],[126.8428,37.47497],[126.84534,37.47382],[126.846,37.4808],[126.84701,37.4819],[126.85268,37.48179],[126.85653,37.4857],[126.85798,37.48609],[126.86161,37.49021],[126.86451,37.4912],[126.86764,37.49467],[126.86952,37.49434],[126.86938,37.49203],[126.8701,37.48972],[126.87395,37.49131],[126.87243,37.48933],[126.87308,37.48823],[126.87606,37.48906],[126.87671,37.48785],[126.87453,37.48537],[126.87243,37.48609],[126.87178,37.48499],[126.87337,37.48245],[126.87613,37.47684],[126.87802,37.47382],[126.88456,37.46568],[126.88289,37.46425],[126.88485,37.46254],[126.8871,37.46292],[126.88884,37.46094],[126.88623,37.46094],[126.88535,37.45951],[126.8863,37.45627],[126.88877,37.45478],[126.88978,37.45225],[126.894,37.45269],[126.89567,37.44829],[126.89581,37.44565],[126.89828,37.44323],[126.89959,37.44037],[126.89901,37.43872],[126.90184,37.43641],[126.903,37.43404],[126.90663,37.4336],[126.90939,37.43388],[126.91135,37.43619],[126.91121,37.43718],[126.91317,37.4391],[126.91869,37.43998],[126.92072,37.44152],[126.92399,37.4462],[126.92827,37.44934],[126.92842,37.45022],[126.93038,37.44736],[126.93052,37.44549],[126.9367,37.44169],[126.93786,37.4402],[126.93771,37.4374],[126.94025,37.43569],[126.94512,37.43707],[126.94817,37.43861],[126.94926,37.43822],[126.95899,37.4391],[126.96291,37.44026],[126.96465,37.44202],[126.96393,37.44521],[126.96429,37.44626],[126.96763,37.4484],[126.97054,37.44945],[126.97177,37.45176],[126.9746,37.4544],[126.98237,37.45594],[126.98862,37.45814],[126.99312,37.46127],[126.99675,37.46188],[126.9974,37.46369],[126.99632,37.46667],[126.99719,37.46722],[127.00271,37.46711],[127.00365,37.46771],[127.00488,37.46584],[127.00445,37.46408],[127.00924,37.4572],[127.01069,37.45577],[127.01454,37.45484],[127.02151,37.45621],[127.02638,37.45808],[127.02812,37.46061],[127.02994,37.46535],[127.03117,37.46562],[127.03459,37.46419],[127.03495,37.46017],[127.03713,37.45522],[127.03575,37.4522],[127.03778,37.44945],[127.03822,37.44499],[127.03662,37.44207],[127.03517,37.44092],[127.0356,37.43899],[127.03698,37.43828],[127.04112,37.43778],[127.04642,37.433],[127.04737,37.43069],[127.05347,37.42882],[127.06116,37.42997],[127.06567,37.42915],[127.06959,37.43063],[127.07387,37.4374],[127.0722,37.43938],[127.07227,37.44218],[127.07598,37.44213],[127.08019,37.44103],[127.08288,37.44218],[127.08818,37.44538],[127.08883,37.44978],[127.09355,37.45588],[127.09929,37.45665],[127.10394,37.46006],[127.10437,37.46215],[127.10619,37.46243],[127.11185,37.46166],[127.11548,37.45869],[127.11686,37.45863],[127.11744,37.46221],[127.12318,37.46601],[127.12521,37.46782],[127.12485,37.46953],[127.12667,37.46865],[127.1308,37.46771],[127.13276,37.46837],[127.13284,37.47464],[127.1364,37.47415],[127.14351,37.47393],[127.14438,37.47734],[127.14714,37.47723],[127.14758,37.48229],[127.14867,37.48405],[127.15738,37.48911],[127.16,37.49439],[127.15985,37.49571],[127.16138,37.50022],[127.15775,37.50319],[127.15658,37.50187],[127.15208,37.50297],[127.15085,37.50408],[127.14772,37.50319],[127.14547,37.50331],[127.14112,37.50545],[127.14148,37.50672],[127.13995,37.50864],[127.14213,37.51464],[127.14547,37.51607],[127.14482,37.51937],[127.14576,37.52195],[127.1478,37.52217],[127.14947,37.52504],[127.15317,37.52911],[127.15353,37.53367],[127.156,37.53736],[127.15673,37.53758],[127.16319,37.54501],[127.16515,37.54462],[127.17394,37.54561],[127.17568,37.54523],[127.17931,37.54655],[127.18273,37.54649],[127.18294,37.55023],[127.18135,37.55326],[127.18207,37.56041],[127.17946,37.56657],[127.17917,37.5691],[127.17779,37.57207],[127.17568,37.57482],[127.17539,37.57829],[127.1767,37.57906],[127.17713,37.5812],[127.1751,37.58027],[127.17024,37.579],[127.16675,37.57895],[127.16254,37.57675],[127.15687,37.57295],[127.14896,37.56844],[127.13763,37.56844],[127.13429,37.56795],[127.12863,37.56619],[127.12296,37.56349],[127.1173,37.55942],[127.11519,37.55678],[127.11294,37.55881],[127.10996,37.55832],[127.10495,37.55645],[127.10125,37.56046],[127.10118,37.56156],[127.10423,37.57141],[127.10168,37.5724],[127.10089,37.57378],[127.10118,37.57609],[127.10343,37.5806],[127.10895,37.58341],[127.11018,37.58742],[127.1133,37.59325],[127.11664,37.59402],[127.11686,37.59551],[127.1141,37.60013],[127.11802,37.60459],[127.11672,37.60882],[127.11737,37.61223],[127.11664,37.61603],[127.11722,37.61674],[127.11621,37.61894],[127.11127,37.62071],[127.10553,37.62037],[127.10408,37.62164],[127.10597,37.62731],[127.11163,37.63149],[127.11221,37.63264],[127.1125,37.63649],[127.11091,37.63825],[127.11178,37.64073],[127.11127,37.64238],[127.10931,37.64288],[127.10771,37.64497],[127.10285,37.64541],[127.09755,37.64398],[127.09457,37.64458],[127.09246,37.6497],[127.09399,37.65228],[127.09232,37.65547],[127.09123,37.65932],[127.09413,37.66329],[127.09544,37.66389],[127.09457,37.66615],[127.09646,37.66967],[127.09399,37.67561],[127.09195,37.67919],[127.0929,37.68155],[127.09646,37.68562],[127.09602,37.68909],[127.09304,37.68997],[127.09057,37.68958],[127.0852,37.69041],[127.08389,37.69178],[127.08382,37.69426],[127.08113,37.69613],[127.07823,37.69596],[127.07445,37.69503],[127.07264,37.69382],[127.06915,37.69371],[127.06341,37.69492],[127.0624,37.69305],[127.05964,37.69035],[127.0547,37.6887],[127.05063,37.6865],[127.0486,37.69404],[127.04511,37.69239],[127.04308,37.69525],[127.04112,37.6953],[127.03575,37.69239],[127.03241,37.69184],[127.02972,37.69629],[127.02928,37.69927],[127.02769,37.70092],[127.02529,37.6996],[127.02217,37.69971],[127.01984,37.70103],[127.01541,37.70147],[127.01389,37.69883],[127.01215,37.69739],[127.00968,37.69668],[127.00968,37.69338],[127.0083,37.69013],[127.00866,37.68447],[127.00459,37.68507],[126.99697,37.68265],[126.99406,37.68034],[126.99218,37.67963],[126.9929,37.6788],[126.99399,37.67489],[126.99356,37.6678],[126.99414,37.66703],[126.99225,37.66521],[126.98825,37.66439],[126.98731,37.66059],[126.986,37.65894],[126.98288,37.65646],[126.97969,37.65602],[126.98041,37.65377],[126.98252,37.65052],[126.98397,37.64959],[126.98513,37.64596],[126.98324,37.6437],[126.98383,37.64216],[126.98586,37.64062],[126.98419,37.63633],[126.977,37.63297],[126.9754,37.63171],[126.973,37.63237],[126.96705,37.63072],[126.95979,37.62978],[126.96335,37.63325],[126.95928,37.64211],[126.95841,37.64766],[126.9571,37.65283],[126.95405,37.65498],[126.95136,37.65492],[126.94788,37.65712],[126.94752,37.65916],[126.94207,37.65773],[126.93844,37.65476],[126.93742,37.65267],[126.93568,37.65118],[126.93154,37.6503],[126.92711,37.6481],[126.92428,37.64618],[126.91375,37.64475],[126.90482,37.64915],[126.90649,37.64772],[126.9123,37.64431],[126.91113,37.64101],[126.91121,37.63589],[126.9091,37.63435],[126.9062,37.63319],[126.90881,37.62907],[126.90859,37.62626],[126.90699,37.62395],[126.90714,37.62192],[126.90554,37.62065],[126.90525,37.61905],[126.90336,37.61883],[126.90184,37.61575],[126.90031,37.61119],[126.90213,37.60376],[126.90017,37.6031],[126.89995,37.60206],[126.90133,37.59936],[126.90119,37.59628],[126.89966,37.59138],[126.89966,37.58984],[126.89639,37.58874],[126.89145,37.58847],[126.88761,37.58869],[126.88579,37.58951],[126.88557,37.59149],[126.88732,37.59391],[126.88528,37.59391],[126.88005,37.58907],[126.87751,37.58627],[126.87671,37.58462],[126.87766,37.57977],[126.87628,37.57818],[126.87061,37.57801],[126.86342,37.57686],[126.85928,37.57526],[126.85362,37.57378],[126.85362,37.5718],[126.83714,37.58258],[126.83191,37.58572],[126.82762,37.58759],[126.82007,37.59243],[126.81753,37.59534],[126.81136,37.59897],[126.80257,37.60503],[126.79792,37.60002],[126.79705,37.59776],[126.79763,37.59479],[126.80032,37.59204],[126.80119,37.5894],[126.80054,37.58786],[126.79342,37.58451],[126.79371,37.58159],[126.78725,37.58544],[126.78412,37.58258],[126.78202,37.58385],[126.77839,37.58462],[126.77301,37.58506],[126.76764,37.58825],[126.76379,37.58588],[126.76321,37.58495],[126.75798,37.58533],[126.75602,37.58352],[126.75573,37.58032],[126.75217,37.57972],[126.7497,37.58148],[126.74433,37.59248],[126.74164,37.5921],[126.737,37.5932],[126.73678,37.591],[126.73504,37.59067],[126.72988,37.59221],[126.72545,37.59188],[126.72204,37.59584],[126.7163,37.59947],[126.71405,37.60387],[126.71129,37.60503],[126.70838,37.60492],[126.70468,37.6025],[126.70403,37.60464],[126.70613,37.60767],[126.70548,37.61207],[126.70475,37.61168],[126.7009,37.61427],[126.69771,37.6179],[126.69444,37.62032],[126.68885,37.62203],[126.68333,37.62505],[126.67912,37.62956],[126.67469,37.62989],[126.67418,37.63204],[126.67244,37.63385],[126.66699,37.63594],[126.6646,37.63594],[126.66278,37.63677],[126.65741,37.63798],[126.65399,37.6382],[126.65174,37.63644],[126.65152,37.63517],[126.64709,37.62747],[126.64571,37.62841],[126.64223,37.62808],[126.63722,37.6267],[126.63736,37.625],[126.63649,37.62037],[126.63315,37.61889],[126.63213,37.61762],[126.63213,37.61504],[126.6293,37.61058],[126.62778,37.6064],[126.62654,37.60514],[126.62574,37.60261],[126.62357,37.60217],[126.61979,37.60354],[126.61689,37.60354],[126.61434,37.60629],[126.60948,37.60453],[126.60548,37.60024],[126.60142,37.59771],[126.59154,37.59303],[126.59023,37.59672],[126.59212,37.59826],[126.59183,37.59908],[126.58522,37.59958],[126.58152,37.60029],[126.5821,37.60195],[126.57796,37.60503],[126.57622,37.6025],[126.57324,37.60046],[126.57368,37.59919],[126.57179,37.59925],[126.57012,37.60162],[126.56576,37.60398],[126.56119,37.60365],[126.55981,37.60123],[126.55734,37.60563],[126.55639,37.60574],[126.55451,37.60932],[126.55509,37.61102],[126.5553,37.61498],[126.55051,37.62819],[126.54732,37.63429],[126.54419,37.63798],[126.54136,37.63809],[126.53926,37.63963],[126.53722,37.64469],[126.53824,37.6448],[126.53563,37.65019],[126.53156,37.65448],[126.53163,37.65514],[126.53773,37.65657],[126.5418,37.65899],[126.54419,37.6629],[126.54042,37.66505],[126.53955,37.66692],[126.53969,37.66928],[126.53461,37.67176],[126.52786,37.67335],[126.52684,37.67423],[126.53003,37.67759],[126.5312,37.67974],[126.5333,37.68573],[126.53381,37.68975],[126.53345,37.69398],[126.53199,37.70185],[126.53025,37.70609],[126.52771,37.70834],[126.52422,37.70994],[126.52161,37.71439],[126.52197,37.71968],[126.52292,37.72419],[126.52451,37.72859],[126.52669,37.73277],[126.52996,37.74119],[126.53105,37.74746],[126.53076,37.74982],[126.52916,37.75235],[126.52539,37.75675],[126.52081,37.76],[126.51834,37.76286],[126.51921,37.76534],[126.52074,37.76666],[126.52451,37.76847],[126.51704,37.771],[126.51798,37.77706],[126.52277,37.79009],[126.55465,37.77761],[126.57535,37.7627],[126.59379,37.76116],[126.6081,37.76655],[126.61921,37.77584],[126.62553,37.77915],[126.63206,37.78096],[126.65269,37.78069],[126.65784,37.78091],[126.66263,37.78069],[126.66423,37.78965],[126.66525,37.79323],[126.66728,37.80764],[126.67135,37.82932],[126.67135,37.83476],[126.66888,37.83471],[126.66017,37.83889],[126.65929,37.84032],[126.66096,37.84368],[126.66496,37.84324],[126.66815,37.84456],[126.6707,37.84621],[126.67157,37.845],[126.67621,37.84406],[126.68006,37.84687],[126.67985,37.85176],[126.68587,37.85859],[126.69212,37.86849],[126.6866,37.87245],[126.6834,37.87404],[126.68152,37.87289],[126.68014,37.87041],[126.67534,37.86997],[126.67258,37.87014],[126.6752,37.87449],[126.67186,37.87735],[126.67295,37.87812],[126.67549,37.87724],[126.68166,37.87927],[126.68188,37.8801],[126.67955,37.8807],[126.67861,37.88186],[126.68021,37.88411],[126.67738,37.88499],[126.67636,37.88455],[126.67636,37.88235],[126.67454,37.88147],[126.67229,37.88307],[126.67447,37.88472],[126.67396,37.88642],[126.672,37.88675],[126.67026,37.88818],[126.67215,37.88873],[126.67709,37.89726],[126.67745,37.90012],[126.67687,37.90766],[126.68275,37.91288],[126.68188,37.91481],[126.67817,37.91393],[126.67251,37.91421],[126.66801,37.91663],[126.66598,37.91905],[126.66612,37.92339],[126.66786,37.92658],[126.66794,37.92955],[126.66714,37.93269],[126.6675,37.93445],[126.66946,37.9355],[126.67208,37.93935],[126.6691,37.94182],[126.66968,37.94573],[126.672,37.9482],[126.67099,37.95519],[126.67287,37.95563],[126.67636,37.95376],[126.67919,37.9558],[126.6797,37.9575],[126.6813,37.95811],[126.68631,37.95701],[126.68732,37.95717],[126.69234,37.96614],[126.69974,37.96944],[126.70076,37.97048],[126.7025,37.97434],[126.70374,37.97483],[126.70882,37.97516],[126.70947,37.97059],[126.71238,37.96817],[126.71485,37.96933],[126.71768,37.96762],[126.71732,37.96625],[126.71942,37.96493],[126.72516,37.96647],[126.72777,37.96867],[126.73039,37.96878],[126.73424,37.96746],[126.73692,37.96603],[126.74005,37.97274],[126.74215,37.97263],[126.74469,37.97384],[126.74818,37.97632],[126.7497,37.97945],[126.75835,37.98363],[126.76052,37.98336],[126.76241,37.98468],[126.76583,37.98385],[126.76829,37.98248],[126.77127,37.97912],[126.77265,37.97835],[126.77476,37.97923],[126.77534,37.98044],[126.77185,37.98237],[126.77243,37.98385],[126.77585,37.98446],[126.78042,37.98204],[126.78354,37.98171],[126.78688,37.98556],[126.79015,37.98814],[126.78681,37.98803],[126.7863,37.98957],[126.78681,37.99376],[126.79008,37.99893],[126.80264,37.99909],[126.8025,37.9997],[126.80606,37.99926],[126.81121,37.99942],[126.81688,38.00261],[126.81978,38.00509],[126.82072,38.00734],[126.82327,38.00872],[126.82247,38.01147],[126.82087,38.01158],[126.82239,38.01516],[126.82624,38.01774],[126.82465,38.02027],[126.82603,38.02423],[126.82849,38.02429],[126.8269,38.02286],[126.82566,38.01989],[126.8277,38.0195],[126.83184,38.0228],[126.83394,38.02566],[126.84069,38.03293],[126.8489,38.03342],[126.85108,38.03243],[126.85544,38.0321],[126.85239,38.03507],[126.8526,38.03804],[126.85478,38.04041],[126.85268,38.0431],[126.85253,38.05312],[126.85609,38.05328],[126.85834,38.054],[126.85812,38.06175],[126.86146,38.06489],[126.86582,38.06791],[126.86713,38.07023],[126.8696,38.07787],[126.86873,38.08013],[126.86618,38.08106],[126.86495,38.08271],[126.86023,38.08596],[126.85878,38.08959],[126.85907,38.09185],[126.86154,38.09212],[126.86321,38.09438],[126.85769,38.09696],[126.85609,38.09966],[126.85769,38.10037],[126.86095,38.10686],[126.86233,38.10835],[126.86742,38.11116],[126.87127,38.11143],[126.87519,38.11308],[126.87708,38.11308],[126.88267,38.11589],[126.88383,38.1171],[126.8855,38.12419],[126.88891,38.12882],[126.89603,38.13146],[126.90206,38.13415],[126.90278,38.13613],[126.90467,38.13789],[126.90925,38.13773],[126.91709,38.13674],[126.92188,38.13344],[126.92515,38.12893],[126.92784,38.12733],[126.93125,38.12777],[126.93234,38.13168],[126.93895,38.13311],[126.94033,38.13393],[126.94388,38.13465],[126.95042,38.13542],[126.95601,38.13459],[126.96088,38.13608],[126.96088,38.13965],[126.96378,38.13976],[126.96502,38.13789],[126.9664,38.1374],[126.96647,38.13905],[126.96836,38.1435],[126.96937,38.14482],[126.96799,38.14746],[126.96313,38.15022],[126.95943,38.15313],[126.95964,38.15352],[126.95565,38.15605],[126.95224,38.15742],[126.9494,38.15957],[126.9494,38.16232],[126.95158,38.1649],[126.95376,38.16496],[126.95216,38.16386],[126.95202,38.16237],[126.95398,38.16232],[126.96371,38.16936],[126.96574,38.1714],[126.96523,38.17684],[126.96632,38.17932],[126.96799,38.17965],[126.96901,38.1819],[126.96712,38.18663],[126.96487,38.18873],[126.96451,38.19181],[126.96654,38.19285],[126.96654,38.19896],[126.96995,38.19945],[126.973,38.19896],[126.97497,38.19945],[126.97438,38.20094],[126.97438,38.20457],[126.97729,38.20457],[126.97976,38.20528],[126.98172,38.20919],[126.98368,38.21062],[126.98368,38.21326],[126.98005,38.2175],[126.98121,38.2197],[126.97889,38.2225],[126.98186,38.22746],[126.98724,38.22685],[126.98876,38.22536],[126.99065,38.22718],[126.98978,38.2285],[126.9916,38.22949],[126.99762,38.22569],[126.99973,38.2236],[127.00445,38.2214],[127.00561,38.22498],[127.00677,38.22592],[127.00931,38.22614],[127.01019,38.22735],[127.01069,38.23081],[127.01389,38.23692],[127.02013,38.2389],[127.02355,38.24159],[127.0234,38.24308],[127.02042,38.24583],[127.02616,38.24589],[127.02783,38.245],[127.03016,38.24594],[127.03655,38.24979],[127.03778,38.25133],[127.03931,38.25529],[127.04177,38.25909],[127.04693,38.25964],[127.05325,38.25876],[127.05557,38.25909],[127.05855,38.26217],[127.06617,38.26365],[127.07053,38.26712],[127.07431,38.27158],[127.07692,38.27301],[127.07503,38.27763],[127.07808,38.27895],[127.08302,38.28021],[127.086,38.279],[127.0921,38.28016],[127.09224,38.28219],[127.09515,38.28137],[127.095,38.28109],[127.10321,38.28076],[127.10437,38.27873],[127.10074,38.27504],[127.10168,38.27339],[127.10415,38.27246],[127.10967,38.27163],[127.11054,38.26938],[127.10807,38.26839],[127.10909,38.26734],[127.10916,38.26321],[127.108,38.26112],[127.10807,38.25832],[127.11062,38.25188],[127.11156,38.24737],[127.1096,38.24478],[127.10989,38.24181],[127.11359,38.23681],[127.11679,38.23697],[127.12086,38.23389],[127.12303,38.23279],[127.12674,38.23411],[127.13117,38.23274],[127.13509,38.23411],[127.13574,38.23648],[127.14206,38.23736],[127.14729,38.24005],[127.14736,38.24165],[127.14896,38.24236],[127.15324,38.24187],[127.15382,38.24033],[127.15782,38.2389],[127.15905,38.23923],[127.16334,38.23835],[127.16152,38.23477],[127.1629,38.23246],[127.16007,38.22603],[127.16181,38.2236],[127.16058,38.22025],[127.15971,38.21953],[127.16472,38.21568],[127.16646,38.21541],[127.17118,38.21348],[127.17212,38.20969],[127.1751,38.2055],[127.17343,38.20165],[127.16958,38.19813],[127.17554,38.19126],[127.18055,38.18614],[127.18331,38.18592],[127.18926,38.18823],[127.18904,38.18108],[127.18679,38.17723],[127.18585,38.1736],[127.18745,38.16859],[127.18926,38.16133],[127.19086,38.15973],[127.20284,38.15357],[127.20335,38.15214],[127.20829,38.14719],[127.20967,38.14669],[127.21918,38.13905],[127.22201,38.13745],[127.22434,38.14169],[127.22383,38.14702],[127.22637,38.1484],[127.23276,38.14686],[127.23472,38.1473],[127.23777,38.15121],[127.23763,38.15456],[127.23937,38.1566],[127.2459,38.15891],[127.24779,38.16039],[127.25244,38.1621],[127.25607,38.16298],[127.25643,38.16512],[127.25868,38.16936],[127.26181,38.17024],[127.26449,38.17173],[127.26646,38.17574],[127.26464,38.178],[127.26646,38.18042],[127.27052,38.18207],[127.27473,38.18108],[127.27626,38.1824],[127.28316,38.18289],[127.28446,38.18047],[127.28613,38.18025],[127.28635,38.17899],[127.28824,38.17684],[127.29398,38.17728],[127.29775,38.17629],[127.29797,38.17519],[127.29616,38.1725],[127.29267,38.17178],[127.28897,38.16947],[127.28824,38.16799],[127.2886,38.16457],[127.28635,38.16045],[127.28461,38.16045],[127.28403,38.15737],[127.28643,38.15264],[127.28425,38.14686],[127.28192,38.14372],[127.27974,38.14257],[127.2764,38.13954],[127.27481,38.13674],[127.27473,38.13388],[127.27633,38.13267],[127.27677,38.12804],[127.27575,38.12485],[127.27626,38.12441],[127.28069,38.1254],[127.28236,38.12232],[127.282,38.12034],[127.28287,38.11814],[127.28635,38.11462],[127.29136,38.11473],[127.29725,38.11594],[127.30059,38.11523],[127.30487,38.11567],[127.30632,38.11633],[127.30741,38.11864],[127.30981,38.11803],[127.31141,38.11594],[127.31242,38.10791],[127.31634,38.10202],[127.31678,38.09834],[127.3207,38.09471],[127.32346,38.09493],[127.32869,38.09438],[127.3329,38.09141],[127.33762,38.09009],[127.33878,38.09212],[127.33827,38.09641],[127.33929,38.10076],[127.34096,38.1018],[127.34517,38.10257],[127.34815,38.10483],[127.35374,38.10411],[127.35636,38.10598],[127.36434,38.10719],[127.36594,38.10692],[127.37182,38.1105],[127.37342,38.11462],[127.37858,38.11842],[127.38126,38.1171],[127.38381,38.11512],[127.39622,38.11385],[127.40065,38.11374],[127.40363,38.11259],[127.40327,38.11017],[127.40552,38.10296],[127.41343,38.10202],[127.41445,38.10219],[127.42041,38.10609],[127.42266,38.10675],[127.42505,38.10901],[127.42542,38.11116],[127.4305,38.11539],[127.43232,38.11341],[127.43297,38.11149],[127.43428,38.11061],[127.43747,38.1105],[127.44045,38.10885],[127.44139,38.10681],[127.44226,38.10186],[127.44517,38.09746],[127.44589,38.09267],[127.44481,38.08799],[127.44648,38.08557],[127.44706,38.08073],[127.4464,38.07765],[127.44451,38.07479],[127.44677,38.07122],[127.44677,38.06725],[127.44611,38.06395],[127.44481,38.06131],[127.44459,38.05724],[127.44669,38.05422],[127.44597,38.0518],[127.45236,38.04811],[127.45294,38.04717],[127.45272,38.04398],[127.45105,38.0381],[127.45272,38.03375],[127.45541,38.02924],[127.45635,38.02671],[127.45526,38.02522],[127.45686,38.01846],[127.45751,38.01697],[127.46296,38.01169],[127.46964,38.00883],[127.47153,38.00646],[127.48155,38.00624],[127.48533,38.00487],[127.48968,38.00503],[127.49738,38.00371],[127.49803,38.00129],[127.50392,37.99794],[127.50893,38.00129],[127.51234,38.00019],[127.52933,38.00168],[127.53108,38.00239],[127.53696,38.00063],[127.54044,37.99992],[127.54364,37.99117],[127.54458,37.98611],[127.54611,37.98391],[127.5472,37.9783],[127.54618,37.97632],[127.54466,37.97571],[127.54422,37.97412],[127.54429,37.96938],[127.54524,37.96773],[127.54734,37.96647],[127.55068,37.96614],[127.55635,37.9646],[127.55838,37.96317],[127.56187,37.96278],[127.57131,37.96399],[127.57653,37.963],[127.57784,37.96141],[127.58576,37.96152],[127.59345,37.95756],[127.60043,37.95651],[127.60246,37.95503],[127.60268,37.95172],[127.60173,37.94809],[127.60377,37.94452],[127.609,37.94309],[127.61205,37.94061],[127.61597,37.93093],[127.61662,37.92829],[127.61205,37.92405],[127.61212,37.92092],[127.61386,37.9196],[127.61655,37.91189],[127.61706,37.90601],[127.6156,37.90386],[127.6135,37.8988],[127.61197,37.89825],[127.61067,37.89534],[127.6074,37.88967],[127.60747,37.88714],[127.60907,37.88351],[127.60674,37.87949],[127.60587,37.87647],[127.60319,37.87421],[127.59818,37.87487],[127.59425,37.87603],[127.58518,37.87614],[127.57791,37.87399],[127.57399,37.87085],[127.56978,37.86821],[127.56862,37.86695],[127.5663,37.86156],[127.5668,37.85925],[127.56332,37.85644],[127.55853,37.85644],[127.55613,37.85562],[127.5501,37.85193],[127.54967,37.84654],[127.54582,37.84681],[127.54044,37.84654],[127.53667,37.84483],[127.53246,37.84214],[127.52948,37.83972],[127.5273,37.83647],[127.52563,37.83295],[127.52483,37.82965],[127.52461,37.82503],[127.52563,37.82288],[127.52781,37.82162],[127.53202,37.8203],[127.53492,37.81771],[127.53659,37.81413],[127.53732,37.81056],[127.53311,37.80693],[127.52679,37.79978],[127.52302,37.79614],[127.52084,37.79257],[127.52229,37.78894],[127.5257,37.78536],[127.53064,37.78173],[127.53362,37.7781],[127.53761,37.77452],[127.54095,37.77089],[127.54502,37.76363],[127.54487,37.76006],[127.54342,37.75642],[127.54211,37.75466],[127.53405,37.74861],[127.52272,37.74278],[127.51684,37.74025],[127.51125,37.73645],[127.50711,37.73134],[127.50617,37.72413],[127.50704,37.72061],[127.50798,37.71924],[127.51183,37.71571],[127.51343,37.71758],[127.52469,37.72644],[127.52723,37.72688],[127.52962,37.72644],[127.53391,37.72193],[127.54015,37.71946],[127.54248,37.71984],[127.5493,37.72391],[127.55126,37.72754],[127.55373,37.72881],[127.55664,37.72925],[127.55991,37.72859],[127.55932,37.7249],[127.55976,37.72314],[127.56129,37.72221],[127.56187,37.72006],[127.56056,37.71692],[127.55802,37.7139],[127.55824,37.7073],[127.55577,37.70438],[127.55584,37.70317],[127.55417,37.6953],[127.55322,37.69453],[127.55083,37.68832],[127.55112,37.68238],[127.55083,37.67726],[127.54952,37.67489],[127.54909,37.66862],[127.54959,37.66686],[127.5517,37.66516],[127.55279,37.66153],[127.54959,37.65916],[127.548,37.65888],[127.54574,37.65701],[127.54386,37.65173],[127.54182,37.65096],[127.53565,37.65069],[127.53522,37.64717],[127.53565,37.64502],[127.5379,37.6415],[127.5472,37.63737],[127.54865,37.63297],[127.55649,37.63],[127.5594,37.62852],[127.5602,37.62984],[127.5647,37.63314],[127.56884,37.63204],[127.57145,37.63198],[127.57871,37.63281],[127.58067,37.63341],[127.58351,37.63561],[127.58329,37.64013],[127.58489,37.64233],[127.59149,37.64365],[127.596,37.64546],[127.60028,37.64788],[127.60217,37.65151],[127.609,37.64986],[127.60994,37.64783],[127.61277,37.64601],[127.61553,37.64706],[127.61807,37.6459],[127.6188,37.64409],[127.62199,37.64216],[127.62541,37.64299],[127.62766,37.64255],[127.6318,37.63924],[127.63942,37.63264],[127.64436,37.63297],[127.64712,37.63259],[127.6469,37.63061],[127.64952,37.62467],[127.65119,37.62307],[127.65336,37.6223],[127.65743,37.62258],[127.66172,37.62434],[127.6644,37.62296],[127.66469,37.62026],[127.66753,37.61724],[127.67421,37.61361],[127.67958,37.60932],[127.68336,37.60822],[127.68597,37.60635],[127.69171,37.60134],[127.69621,37.60079],[127.69708,37.59875],[127.70086,37.59611],[127.69744,37.59182],[127.69948,37.59006],[127.70216,37.58907],[127.70638,37.58841],[127.70725,37.58676],[127.7087,37.58649],[127.7116,37.58748],[127.72315,37.59061],[127.72526,37.58984],[127.73891,37.58759],[127.74472,37.58786],[127.74864,37.59045],[127.75409,37.59204],[127.75706,37.58929],[127.75801,37.58682],[127.76128,37.58759],[127.76462,37.58588],[127.76658,37.58269],[127.76897,37.58187],[127.77151,37.58192],[127.78444,37.57812],[127.78785,37.57889],[127.79011,37.5806],[127.79134,37.58363],[127.79294,37.58528],[127.7941,37.58528],[127.79998,37.5828],[127.80427,37.57911],[127.80485,37.57504],[127.80565,37.57411],[127.80964,37.57345],[127.81414,37.56602],[127.81378,37.56459],[127.81509,37.56377],[127.8206,37.56278],[127.8262,37.56068],[127.8323,37.56156],[127.83949,37.5592],[127.84036,37.55678],[127.84479,37.55359],[127.84805,37.55232],[127.84762,37.54952],[127.84515,37.5477],[127.845,37.54572],[127.84595,37.54462],[127.84304,37.54192],[127.84203,37.5389],[127.83731,37.53818],[127.8336,37.53923],[127.82888,37.53714],[127.82206,37.53846],[127.81712,37.53741],[127.81008,37.53807],[127.80623,37.53494],[127.80644,37.5312],[127.8023,37.52927],[127.79635,37.52856],[127.79504,37.52487],[127.79577,37.52416],[127.79127,37.51992],[127.7888,37.51854],[127.78713,37.51497],[127.78371,37.51216],[127.7811,37.51304],[127.7787,37.51073],[127.77834,37.50958],[127.77486,37.50666],[127.77181,37.50518],[127.76541,37.50275],[127.7599,37.50325],[127.76004,37.50165],[127.75939,37.49544],[127.76004,37.49291],[127.76353,37.49219],[127.76527,37.49307],[127.77471,37.49175],[127.77609,37.48856],[127.77805,37.48801],[127.78016,37.48867],[127.78132,37.48636],[127.7819,37.48212],[127.78488,37.47871],[127.7896,37.47481],[127.79512,37.47261],[127.79976,37.47239],[127.801,37.47002],[127.80071,37.46788],[127.7994,37.46557],[127.79628,37.46303],[127.79737,37.45643],[127.7994,37.45176],[127.7994,37.44582],[127.79838,37.44257],[127.79933,37.43927],[127.80201,37.43718],[127.8039,37.43195],[127.80398,37.42887],[127.8023,37.42728],[127.79896,37.42733],[127.79504,37.42496],[127.79366,37.42249],[127.79192,37.41737],[127.79178,37.41418],[127.79025,37.40912],[127.78785,37.40532],[127.78764,37.40263],[127.78226,37.3924],[127.78408,37.38882],[127.78277,37.38712],[127.78037,37.38684],[127.77667,37.38332],[127.7758,37.37897],[127.77747,37.37644],[127.77892,37.37078],[127.77043,37.36968],[127.76207,37.36973],[127.75946,37.36731],[127.7612,37.36362],[127.75939,37.35972],[127.75975,37.35625],[127.76077,37.35262],[127.75837,37.35081],[127.75786,37.3464],[127.7591,37.3414],[127.76069,37.34079],[127.76273,37.33436],[127.75902,37.33122],[127.7628,37.32341],[127.76207,37.32115],[127.76491,37.31532],[127.76679,37.31076],[127.76839,37.309],[127.76767,37.30289],[127.76556,37.30146],[127.76215,37.30223],[127.75757,37.30014],[127.75459,37.29772],[127.75067,37.29799],[127.74958,37.2953],[127.75002,37.29194],[127.75292,37.28881],[127.75351,37.28897],[127.75554,37.28501],[127.75554,37.28187],[127.7591,37.27703],[127.76048,37.27291],[127.75982,37.26526],[127.75743,37.26009],[127.75764,37.25827],[127.7543,37.25481],[127.74995,37.2482],[127.74791,37.24358],[127.7469,37.23995],[127.74719,37.22713],[127.74922,37.22196],[127.74893,37.21833],[127.74639,37.21448],[127.74472,37.21366],[127.74414,37.21487],[127.74043,37.21201],[127.73673,37.21019],[127.73528,37.20804],[127.73557,37.20551],[127.73317,37.20166],[127.73252,37.19578],[127.72947,37.19231],[127.72794,37.18862],[127.72831,37.18774],[127.72642,37.18252],[127.72279,37.18158],[127.72155,37.18307],[127.7185,37.18384],[127.71691,37.18345],[127.71233,37.1768],[127.7087,37.17096],[127.70681,37.17036],[127.70485,37.1675],[127.70478,37.16266],[127.70427,37.15765],[127.70064,37.15375],[127.69519,37.15121],[127.6941,37.1456],[127.69454,37.14126],[127.69548,37.14043],[127.68858,37.13554],[127.68677,37.13504],[127.68314,37.13614],[127.67021,37.13609],[127.6652,37.13933],[127.66244,37.13917],[127.65997,37.13994],[127.65692,37.1423],[127.6554,37.14544],[127.65351,37.14698],[127.64683,37.15116],[127.63071,37.15397],[127.62831,37.15529],[127.62737,37.15364],[127.62744,37.15171],[127.63361,37.14527],[127.63746,37.14203],[127.63775,37.1412],[127.6339,37.12217],[127.6331,37.12013],[127.63608,37.11463],[127.63601,37.11254],[127.63412,37.10726],[127.63514,37.10473],[127.63456,37.09983],[127.6318,37.09648],[127.62504,37.09329],[127.61938,37.0902],[127.61945,37.09147],[127.61611,37.08987],[127.61197,37.08723],[127.60733,37.08646],[127.6042,37.08674],[127.60391,37.08751],[127.59578,37.08833],[127.59578,37.08778],[127.59955,37.0858],[127.60108,37.07986],[127.60493,37.07618],[127.60413,37.07056],[127.60471,37.0688],[127.60297,37.06853],[127.60079,37.07089],[127.59767,37.07309],[127.5952,37.07387],[127.58924,37.07282],[127.58677,37.07442],[127.58307,37.07546],[127.57799,37.07535],[127.57595,37.07359],[127.5737,37.07056],[127.56746,37.06396],[127.56499,37.06061],[127.5647,37.05923],[127.56746,37.05637],[127.56789,37.05511],[127.56709,37.05246],[127.56956,37.04817],[127.5668,37.04735],[127.56216,37.0441],[127.55693,37.04124],[127.55468,37.04179],[127.55482,37.04284],[127.55206,37.0452],[127.54865,37.04641],[127.54095,37.05076],[127.53478,37.05197],[127.53296,37.05406],[127.52941,37.05549],[127.52302,37.05544],[127.51982,37.05676],[127.5183,37.05841],[127.51249,37.05637],[127.51002,37.0529],[127.50893,37.04944],[127.50472,37.04812],[127.49905,37.04757],[127.49034,37.05197],[127.48649,37.05478],[127.48344,37.05362],[127.47531,37.05301],[127.47189,37.05378],[127.46819,37.05351],[127.46841,37.05037],[127.46122,37.04685],[127.45759,37.04361],[127.45686,37.04223],[127.45722,37.0402],[127.45969,37.03811],[127.45962,37.03563],[127.45686,37.03002],[127.45911,37.02743],[127.45976,37.02507],[127.45839,37.02045],[127.45374,37.02127],[127.45091,37.01929],[127.44836,37.01654],[127.44858,37.01313],[127.44706,37.01087],[127.44459,37.01203],[127.44081,37.01208],[127.43711,37.00834],[127.43718,37.00653],[127.43616,37.00537],[127.43304,37.0046],[127.42883,37.00218],[127.4212,37.00394],[127.41859,37.00196],[127.41496,36.99998],[127.41133,37.0002],[127.40683,36.99833],[127.40254,36.99894],[127.39419,36.99839],[127.39267,36.99701],[127.39165,36.99398],[127.39223,36.99343],[127.39092,36.99112],[127.38671,36.98634],[127.38497,36.98364],[127.38613,36.98139],[127.3894,36.98007],[127.39397,36.97721],[127.39666,36.97462],[127.39637,36.9733],[127.40152,36.96769],[127.39804,36.96488],[127.39651,36.96455],[127.39303,36.96565],[127.38729,36.96444],[127.38482,36.9596],[127.37959,36.95872],[127.37829,36.95613],[127.37872,36.9541],[127.37821,36.95206],[127.37582,36.94992],[127.37567,36.94865],[127.37306,36.94898],[127.37204,36.94992],[127.36173,36.94948],[127.35759,36.94766],[127.3557,36.9514],[127.35403,36.95267],[127.3496,36.95278],[127.34481,36.94931],[127.34241,36.94634],[127.3406,36.9431],[127.33297,36.94018],[127.33029,36.9376],[127.3268,36.93594],[127.32426,36.93589],[127.3162,36.93473],[127.31329,36.93127],[127.30901,36.9294],[127.30022,36.9294],[127.29499,36.93066],[127.29536,36.92923],[127.29841,36.92274],[127.30059,36.91955],[127.30335,36.91641],[127.30153,36.91168],[127.3,36.90987],[127.29739,36.90398],[127.29376,36.9003],[127.2902,36.89738],[127.29027,36.89435],[127.2878,36.8938],[127.28584,36.89446],[127.28316,36.89661],[127.27924,36.90057],[127.27974,36.90442],[127.27887,36.90624],[127.27531,36.90805],[127.27343,36.91146],[127.27081,36.91328],[127.26159,36.91471],[127.25861,36.91586],[127.25622,36.9184],[127.25317,36.92241],[127.24888,36.9212],[127.24895,36.91906],[127.24402,36.91763],[127.23763,36.92054],[127.23632,36.92373],[127.23378,36.92362],[127.22862,36.92439],[127.22085,36.93017],[127.21715,36.92962],[127.21163,36.93017],[127.20989,36.93121],[127.21025,36.93446],[127.21141,36.93561],[127.21134,36.93848],[127.20625,36.94293],[127.20684,36.94612],[127.20429,36.94986],[127.20212,36.95173],[127.19776,36.95228],[127.19217,36.95217],[127.19013,36.95283],[127.18832,36.95454],[127.18048,36.95669],[127.1791,36.95779],[127.17822,36.96241],[127.17517,36.9623],[127.17234,36.96323],[127.16552,36.96164],[127.16341,36.96274],[127.15535,36.96444],[127.15441,36.9662],[127.1592,36.96978],[127.15622,36.97],[127.15237,36.96934],[127.14889,36.96956],[127.14736,36.97082],[127.14366,36.97104],[127.1364,36.96824],[127.13567,36.96747],[127.12964,36.96642],[127.12434,36.96835],[127.12115,36.96835],[127.1202,36.97033],[127.11439,36.97148],[127.11156,36.97126],[127.11105,36.96939],[127.10662,36.96598],[127.10248,36.96477],[127.09653,36.95933],[127.09638,36.95569],[127.09842,36.95448],[127.10074,36.95443],[127.10292,36.95272],[127.09704,36.94799],[127.09573,36.94238],[127.09384,36.94238],[127.09188,36.94343],[127.08985,36.94568],[127.08622,36.94772],[127.0783,36.94249],[127.07489,36.93985],[127.07409,36.93864],[127.07293,36.94051],[127.06784,36.94222],[127.06552,36.94194],[127.05949,36.93842],[127.05608,36.93749],[127.05281,36.93528],[127.04758,36.93319],[127.0372,36.93226],[127.03299,36.92874],[127.03095,36.92808],[127.0258,36.92874],[127.02202,36.93061],[127.02086,36.93237],[127.01556,36.93539],[127.00982,36.93589],[127.00358,36.93512],[127.00263,36.93363],[126.99973,36.9338],[126.9982,36.93473],[126.99515,36.93534],[126.99152,36.93352],[126.98557,36.93248],[126.97976,36.92819],[126.97373,36.92588],[126.96523,36.92384],[126.95645,36.9212],[126.9396,36.91735],[126.91673,36.90618],[126.91034,36.90167],[126.90968,36.90162],[126.90801,36.90877],[126.90627,36.91036],[126.90721,36.9124],[126.9046,36.91559],[126.90358,36.91542],[126.90307,36.92153],[126.9038,36.92428],[126.90307,36.92571],[126.89886,36.93017],[126.8871,36.93627],[126.86742,36.93325],[126.86255,36.94882],[126.85856,36.95069],[126.85391,36.94832],[126.85587,36.94552],[126.85979,36.94304],[126.85885,36.94211],[126.85623,36.94376],[126.8558,36.94546],[126.85384,36.94827],[126.84963,36.94645],[126.84527,36.95261],[126.84665,36.95481],[126.84418,36.95795],[126.84251,36.95718],[126.82486,36.98238],[126.8282,36.98298],[126.82603,36.98601],[126.82334,36.98491],[126.8208,36.98474],[126.82051,36.98557],[126.82341,36.99129],[126.81208,36.99497],[126.80882,36.98876],[126.80417,36.99024],[126.80577,36.99354],[126.80816,36.99343],[126.80925,36.99591],[126.80417,36.99762],[126.79792,36.99707],[126.79465,36.99745],[126.79298,36.99448],[126.78892,36.99519],[126.7858,37.00004],[126.78318,37.00257],[126.7789,37.00746],[126.78717,37.01296],[126.79763,37.01412],[126.79749,37.01616],[126.79553,37.021],[126.79516,37.02562],[126.79458,37.0265],[126.78964,37.02963],[126.78754,37.0298],[126.76379,37.02958],[126.75058,37.02969],[126.74869,37.03139],[126.74883,37.03519],[126.74266,37.038]],[[126.75682,37.05599],[126.77004,37.06006],[126.77091,37.0644],[126.76742,37.06435],[126.76314,37.06308],[126.76161,37.06814],[126.76452,37.06875],[126.76328,37.07524],[126.7635,37.0792],[126.76481,37.08168],[126.76583,37.08899],[126.76699,37.09257],[126.76829,37.09483],[126.77084,37.10159],[126.76996,37.10396],[126.76815,37.1033],[126.76641,37.10396],[126.76278,37.10803],[126.75827,37.11144],[126.76045,37.11799],[126.76546,37.12409],[126.77142,37.12915],[126.77222,37.1275],[126.77432,37.12816],[126.7757,37.12965],[126.77635,37.13207],[126.78253,37.13488],[126.78652,37.13257],[126.78725,37.12959],[126.79502,37.12877],[126.79589,37.13075],[126.79611,37.13433],[126.80134,37.13834],[126.80627,37.13818],[126.81019,37.13977],[126.81179,37.13911],[126.81659,37.14335],[126.81637,37.14368],[126.80802,37.14483],[126.80744,37.14538],[126.80453,37.15243],[126.7993,37.1538],[126.79102,37.14989],[126.78819,37.15094],[126.78311,37.15143],[126.78173,37.15226],[126.78558,37.15463],[126.78899,37.15507],[126.79538,37.15798],[126.79785,37.16233],[126.79589,37.16618],[126.79589,37.16931],[126.79495,37.17163],[126.79233,37.17322],[126.79269,37.17619],[126.79611,37.17834],[126.79603,37.17982],[126.7977,37.18785],[126.7972,37.18923],[126.80068,37.19616],[126.79974,37.19616],[126.798,37.19297],[126.7948,37.1845],[126.79473,37.18153],[126.78877,37.17383],[126.78383,37.16975],[126.78195,37.17041],[126.77999,37.16981],[126.77752,37.16519],[126.77193,37.16519],[126.76176,37.16579],[126.74999,37.1681],[126.74716,37.16761],[126.74615,37.16634],[126.74694,37.16497],[126.74615,37.16343],[126.74694,37.16167],[126.74121,37.15259],[126.73612,37.14995],[126.7338,37.15011],[126.73082,37.14934],[126.73169,37.14621],[126.72981,37.14214],[126.72697,37.13873],[126.72262,37.13746],[126.72051,37.1357],[126.71906,37.13229],[126.71448,37.13053],[126.70955,37.13196],[126.70621,37.13174],[126.70134,37.12717],[126.70236,37.12376],[126.70374,37.12453],[126.70483,37.12316],[126.69807,37.11958],[126.69698,37.12096],[126.69778,37.12239],[126.69451,37.1225],[126.69139,37.12134],[126.69161,37.11887],[126.69001,37.11601],[126.68406,37.11463],[126.68398,37.11353],[126.68595,37.11331],[126.68609,37.11166],[126.68979,37.10935],[126.69785,37.10302],[126.69807,37.10209],[126.7346,37.07342],[126.75631,37.05626],[126.75682,37.05599]],[[126.85594,37.26994],[126.85747,37.27269],[126.86386,37.27219],[126.87461,37.27582],[126.87533,37.27742],[126.87294,37.27593],[126.8643,37.27285],[126.85885,37.27362],[126.85282,37.27241],[126.84905,37.26861],[126.84389,37.26746],[126.84498,37.2668],[126.84309,37.26493],[126.84541,37.25987],[126.84963,37.25701],[126.85021,37.2591],[126.84883,37.26174],[126.85144,37.26432],[126.84984,37.26597],[126.85173,37.2674],[126.8542,37.26806],[126.85594,37.26994]]]]}},{"type":"Feature","id":"51","properties":{"sido_code":"51","sido_name":"강원특별자치도","name_eng":"Gangwon-do","kostat_code":"32","base_year":"2018"},"geometry":{"type":"MultiPolygon","coordinates":[[[[128.8772,37.84098],[128.8772,37.84098],[128.8772,37.84098],[128.8772,37.84098]]],[[[128.76312,37.97274],[128.76312,37.97274]]],[[[128.72543,38.02379],[128.72543,38.02379],[128.72543,38.02379],[128.72543,38.02379]]],[[[128.72543,38.02379],[128.72761,38.02198],[128.73153,38.02132],[128.73378,38.0228],[128.73603,38.02225],[128.73654,38.02077],[128.73342,38.0167],[128.73385,38.01516],[128.73196,38.01257],[128.72971,38.01235],[128.72935,38.01103],[128.73058,38.00712],[128.7332,38.00426],[128.7369,38.00239],[128.73872,37.99832],[128.74474,37.99227],[128.74707,37.99216],[128.75063,37.98699],[128.7552,37.98319],[128.75978,37.98171],[128.76152,37.98253],[128.76362,37.98017],[128.76036,37.97934],[128.75985,37.97555],[128.76145,37.97241],[128.76399,37.97241],[128.76595,37.97142],[128.76312,37.97048],[128.76319,37.9663],[128.76733,37.96306],[128.76791,37.96168],[128.7698,37.96086],[128.76943,37.95789],[128.77132,37.95591],[128.77851,37.9498],[128.7841,37.94617],[128.78672,37.9471],[128.78723,37.94551],[128.78926,37.94518],[128.78846,37.94419],[128.78679,37.94479],[128.78556,37.94347],[128.78868,37.93555],[128.79216,37.93164],[128.79667,37.92746],[128.80269,37.9229],[128.80582,37.92086],[128.81279,37.91547],[128.81838,37.91233],[128.82274,37.90865],[128.82506,37.90722],[128.83007,37.90606],[128.82985,37.90238],[128.83428,37.89946],[128.83472,37.89721],[128.83436,37.89435],[128.83319,37.89352],[128.83247,37.89468],[128.82949,37.89269],[128.82891,37.88813],[128.83022,37.88417],[128.8337,37.87999],[128.83857,37.87504],[128.84292,37.87107],[128.84576,37.86904],[128.85019,37.86277],[128.85636,37.85727],[128.87161,37.84511],[128.87597,37.84131],[128.8772,37.84098],[128.87705,37.83856],[128.8788,37.83653],[128.87597,37.83746],[128.87546,37.83438],[128.87916,37.82943],[128.88192,37.82679],[128.88954,37.82068],[128.90276,37.80962],[128.9106,37.80357],[128.91424,37.8],[128.91801,37.79692],[128.91946,37.79499],[128.93123,37.78553],[128.94473,37.77518],[128.94924,37.77199],[128.95113,37.77309],[128.95142,37.76737],[128.95374,37.76633],[128.95526,37.76457],[128.95984,37.76055],[128.96942,37.75285],[128.97335,37.75065],[128.97567,37.74839],[128.98257,37.74328],[128.98881,37.74003],[128.98903,37.73607],[128.99186,37.73101],[128.99593,37.72562],[129.00116,37.72193],[129.00973,37.71395],[129.01096,37.7134],[129.01336,37.70966],[129.01314,37.70851],[129.0175,37.70411],[129.02803,37.69574],[129.03064,37.69398],[129.03645,37.68909],[129.04364,37.68463],[129.04596,37.68397],[129.05003,37.67968],[129.0554,37.67544],[129.05519,37.67346],[129.057,37.67291],[129.05678,37.66934],[129.0541,37.66472],[129.05533,37.66362],[129.057,37.65877],[129.0554,37.65696],[129.05548,37.65498],[129.05265,37.65212],[129.04989,37.65212],[129.04814,37.65069],[129.04422,37.64321],[129.04451,37.63858],[129.04647,37.6344],[129.05156,37.62698],[129.05323,37.62621],[129.05787,37.62621],[129.06376,37.62329],[129.06361,37.62291],[129.05758,37.62582],[129.05395,37.62577],[129.05417,37.62137],[129.05954,37.62032],[129.0602,37.61823],[129.06557,37.61223],[129.07291,37.60629],[129.08198,37.5998],[129.10166,37.58737],[129.10936,37.58198],[129.11147,37.58159],[129.11502,37.57895],[129.11677,37.57625],[129.11706,37.57367],[129.11633,37.57103],[129.11989,37.56525],[129.11945,37.5641],[129.12033,37.55969],[129.12178,37.55821],[129.12134,37.55595],[129.11778,37.54952],[129.11807,37.5438],[129.12062,37.53967],[129.12004,37.53934],[129.1172,37.54512],[129.11706,37.55172],[129.11386,37.55166],[129.11219,37.54941],[129.11248,37.5444],[129.11379,37.54049],[129.11546,37.54022],[129.11502,37.53565],[129.1172,37.53307],[129.12236,37.52856],[129.12468,37.52465],[129.12221,37.52173],[129.12294,37.51909],[129.12417,37.51728],[129.12606,37.51623],[129.1265,37.5148],[129.13507,37.5049],[129.14523,37.49923],[129.14552,37.49879],[129.13558,37.50408],[129.13122,37.50138],[129.13347,37.49841],[129.13456,37.49852],[129.13616,37.49643],[129.12439,37.49071],[129.12679,37.48763],[129.14197,37.49505],[129.14451,37.49687],[129.14385,37.49417],[129.14131,37.49291],[129.14269,37.49175],[129.14719,37.49164],[129.15729,37.48201],[129.15889,37.47937],[129.15976,37.47574],[129.16128,37.47536],[129.16833,37.46942],[129.17276,37.46612],[129.17646,37.46408],[129.17936,37.46364],[129.18147,37.46078],[129.18278,37.46039],[129.18343,37.45863],[129.18619,37.45737],[129.1875,37.45594],[129.19004,37.45137],[129.18953,37.44565],[129.19193,37.44356],[129.19367,37.44064],[129.19476,37.43465],[129.19425,37.43432],[129.1928,37.43751],[129.19062,37.43872],[129.1883,37.43872],[129.18946,37.43712],[129.19018,37.43234],[129.19164,37.43151],[129.19338,37.42717],[129.19251,37.42656],[129.19607,37.4204],[129.19766,37.4199],[129.19701,37.41842],[129.19752,37.416],[129.20217,37.41116],[129.20936,37.40516],[129.21451,37.40131],[129.22214,37.39619],[129.23252,37.39036],[129.23971,37.3875],[129.2498,37.38123],[129.25227,37.38007],[129.2554,37.37963],[129.25634,37.38051],[129.2575,37.3793],[129.25525,37.37743],[129.25365,37.37853],[129.25104,37.37298],[129.25191,37.37188],[129.25147,37.36626],[129.25082,37.36329],[129.25155,37.36197],[129.25605,37.35702],[129.25619,37.35543],[129.25953,37.35295],[129.26084,37.34734],[129.26229,37.34552],[129.26701,37.34332],[129.26709,37.33947],[129.26651,37.33656],[129.26658,37.33106],[129.27079,37.32908],[129.27203,37.32643],[129.27006,37.32781],[129.26861,37.3266],[129.26941,37.32308],[129.27072,37.32115],[129.2803,37.31433],[129.28568,37.31103],[129.28895,37.30944],[129.29439,37.30988],[129.29345,37.31136],[129.29606,37.31175],[129.29839,37.31021],[129.30027,37.3069],[129.30216,37.30212],[129.30223,37.29997],[129.30064,37.2981],[129.30035,37.29293],[129.30478,37.29013],[129.30935,37.28836],[129.31008,37.28655],[129.31371,37.28589],[129.31705,37.28677],[129.31857,37.28974],[129.32024,37.28892],[129.3209,37.28528],[129.31995,37.2844],[129.32039,37.28242],[129.32642,37.27989],[129.3291,37.28044],[129.32961,37.27714],[129.32867,37.27648],[129.32852,37.27296],[129.32714,37.26548],[129.3278,37.26339],[129.33106,37.26102],[129.33724,37.2558],[129.34072,37.2547],[129.34217,37.25283],[129.34152,37.24914],[129.34268,37.24842],[129.34515,37.24875],[129.34871,37.24776],[129.34849,37.24424],[129.35002,37.23891],[129.35278,37.23698],[129.35663,37.23566],[129.35496,37.23407],[129.34689,37.22983],[129.34341,37.22961],[129.34138,37.22592],[129.34101,37.22163],[129.34355,37.21971],[129.34639,37.21316],[129.34748,37.21212],[129.34718,37.2092],[129.34573,37.20375],[129.34312,37.20062],[129.34276,37.19594],[129.34501,37.19501],[129.34573,37.18989],[129.34522,37.18576],[129.34711,37.18252],[129.34755,37.17658],[129.34573,37.17575],[129.34413,37.17608],[129.34326,37.17487],[129.34508,37.17135],[129.34973,37.17394],[129.35118,37.17179],[129.35626,37.16601],[129.35191,37.16513],[129.35314,37.16161],[129.35612,37.15974],[129.35866,37.15683],[129.36047,37.15204],[129.36396,37.14626],[129.36338,37.14599],[129.36149,37.14483],[129.35663,37.14483],[129.35205,37.14632],[129.34784,37.14643],[129.34464,37.14604],[129.34101,37.14461],[129.33949,37.14681],[129.33833,37.14346],[129.33644,37.14197],[129.33324,37.14071],[129.33056,37.14049],[129.32787,37.14197],[129.32482,37.1423],[129.323,37.13994],[129.32293,37.13818],[129.31894,37.13361],[129.31117,37.13064],[129.30892,37.12794],[129.30616,37.12767],[129.30383,37.12822],[129.30114,37.12657],[129.29977,37.12442],[129.29526,37.1203],[129.29461,37.11436],[129.29258,37.1143],[129.28757,37.11562],[129.28539,37.11727],[129.28197,37.11612],[129.27631,37.11799],[129.27123,37.11639],[129.27035,37.11182],[129.26883,37.10627],[129.26563,37.10214],[129.2591,37.10104],[129.25525,37.09934],[129.25518,37.09802],[129.25314,37.09681],[129.25176,37.09714],[129.24901,37.09615],[129.24625,37.09317],[129.24341,37.08817],[129.24044,37.08503],[129.23724,37.08382],[129.23579,37.08157],[129.23085,37.07662],[129.22715,37.07502],[129.2254,37.0737],[129.22649,37.07216],[129.22853,37.07161],[129.23085,37.06891],[129.23092,37.06693],[129.2331,37.06391],[129.23078,37.05885],[129.22882,37.05824],[129.22954,37.05472],[129.23303,37.04878],[129.23267,37.04421],[129.23818,37.0408],[129.23891,37.03937],[129.23172,37.04168],[129.22533,37.04454],[129.21509,37.04394],[129.21342,37.043],[129.20805,37.04394],[129.20507,37.04498],[129.20217,37.04443],[129.19476,37.04064],[129.19062,37.04064],[129.18539,37.04174],[129.18445,37.04377],[129.18503,37.04658],[129.18045,37.05323],[129.17704,37.0567],[129.17043,37.06033],[129.16673,37.06528],[129.16578,37.06732],[129.16615,37.06913],[129.16179,37.0688],[129.15947,37.06968],[129.15852,37.07117],[129.15482,37.07172],[129.153,37.07309],[129.14857,37.07541],[129.14429,37.07656],[129.14218,37.08036],[129.1395,37.08228],[129.1379,37.0814],[129.13361,37.08179],[129.12722,37.08443],[129.1265,37.08503],[129.12643,37.08806],[129.12287,37.09125],[129.118,37.09273],[129.11197,37.09251],[129.10776,37.09351],[129.10449,37.09769],[129.10043,37.09945],[129.09818,37.09895],[129.09564,37.10033],[129.09128,37.09725],[129.0875,37.09714],[129.08285,37.09417],[129.07893,37.09301],[129.07697,37.09301],[129.07044,37.08822],[129.0708,37.08399],[129.06717,37.08096],[129.06557,37.07876],[129.06695,37.07722],[129.06739,37.07447],[129.06463,37.0704],[129.06397,37.06842],[129.05947,37.06523],[129.05649,37.06517],[129.05708,37.06792],[129.05344,37.07018],[129.05235,37.06787],[129.05003,37.06842],[129.04836,37.07007],[129.04379,37.07111],[129.0419,37.07106],[129.03928,37.07409],[129.03667,37.07618],[129.03238,37.07491],[129.02948,37.077],[129.02432,37.07832],[129.0204,37.07656],[129.01866,37.07799],[129.01517,37.07953],[129.01387,37.07854],[129.00907,37.07876],[128.99121,37.08256],[128.9886,37.08437],[128.98417,37.0847],[128.98184,37.08294],[128.97538,37.08102],[128.97182,37.08151],[128.96834,37.0797],[128.95926,37.07755],[128.95483,37.07959],[128.9533,37.08124],[128.95345,37.08492],[128.94568,37.09378],[128.94045,37.0934],[128.93304,37.09163],[128.93203,37.09086],[128.92861,37.09114],[128.92331,37.09213],[128.92179,37.09141],[128.91946,37.08899],[128.91794,37.08586],[128.91503,37.08371],[128.91649,37.08206],[128.91692,37.07871],[128.91322,37.07309],[128.91017,37.07023],[128.91039,37.06611],[128.90552,37.06396],[128.90487,37.06204],[128.89928,37.05874],[128.89717,37.0556],[128.89695,37.05054],[128.89761,37.04641],[128.89644,37.04454],[128.89397,37.04592],[128.88925,37.04938],[128.87858,37.05323],[128.87713,37.04905],[128.87684,37.04608],[128.87567,37.04476],[128.87248,37.04394],[128.8703,37.04493],[128.86594,37.04795],[128.85905,37.04966],[128.85534,37.0496],[128.84685,37.05158],[128.84394,37.05461],[128.84387,37.05725],[128.83595,37.06594],[128.83167,37.06743],[128.83094,37.07018],[128.83123,37.07409],[128.8321,37.07508],[128.82942,37.07849],[128.82579,37.07871],[128.82433,37.07783],[128.8194,37.07706],[128.81765,37.07777],[128.81235,37.07871],[128.80785,37.07601],[128.80378,37.07794],[128.80219,37.07772],[128.79993,37.07898],[128.80008,37.08129],[128.80153,37.08437],[128.79943,37.08696],[128.78577,37.08789],[128.78323,37.09097],[128.78025,37.09235],[128.77641,37.08976],[128.7767,37.08877],[128.77357,37.08751],[128.77786,37.08327],[128.77779,37.0797],[128.77423,37.07733],[128.77132,37.07634],[128.76856,37.07271],[128.76842,37.06781],[128.76479,37.06352],[128.75949,37.06737],[128.75818,37.06974],[128.75716,37.07001],[128.75585,37.06666],[128.75455,37.05973],[128.75259,37.05786],[128.7523,37.05593],[128.75302,37.05373],[128.75723,37.04757],[128.75912,37.04702],[128.76145,37.04443],[128.76217,37.04179],[128.76254,37.03783],[128.76217,37.03618],[128.75978,37.03563],[128.75455,37.03194],[128.75375,37.02782],[128.75099,37.02809],[128.74772,37.03002],[128.74496,37.03304],[128.73893,37.03789],[128.73465,37.04025],[128.72187,37.04267],[128.71867,37.04377],[128.71272,37.04267],[128.70909,37.03937],[128.70415,37.04091],[128.70037,37.0408],[128.69682,37.04427],[128.68905,37.05307],[128.68542,37.05213],[128.68178,37.05367],[128.67692,37.05808],[128.67423,37.05907],[128.67191,37.05857],[128.66733,37.06028],[128.66189,37.06105],[128.65942,37.06033],[128.65738,37.06116],[128.656,37.06446],[128.65208,37.06545],[128.64264,37.07078],[128.63349,37.07232],[128.62819,37.07513],[128.62732,37.07744],[128.62826,37.08135],[128.62456,37.08443],[128.62267,37.0874],[128.61752,37.08421],[128.61403,37.08124],[128.60989,37.07992],[128.608,37.0775],[128.60612,37.07673],[128.60161,37.07843],[128.60067,37.07953],[128.60198,37.08234],[128.60161,37.08305],[128.59689,37.08239],[128.59399,37.08085],[128.59312,37.07838],[128.59087,37.07838],[128.58172,37.08168],[128.57438,37.08129],[128.57075,37.08597],[128.56741,37.08822],[128.56167,37.09026],[128.55666,37.08723],[128.55383,37.08657],[128.54933,37.08657],[128.53684,37.09015],[128.53517,37.09301],[128.53415,37.09813],[128.53117,37.1],[128.52769,37.10154],[128.52362,37.10225],[128.51738,37.10253],[128.51418,37.10374],[128.51367,37.10605],[128.51077,37.11298],[128.51004,37.11403],[128.5067,37.11546],[128.50387,37.11799],[128.503,37.11969],[128.49835,37.12376],[128.49661,37.12574],[128.49109,37.12387],[128.48942,37.12101],[128.48622,37.11887],[128.48237,37.11496],[128.48187,37.1127],[128.4778,37.11017],[128.47228,37.10984],[128.46226,37.11045],[128.45805,37.11028],[128.45529,37.11182],[128.4502,37.11199],[128.44534,37.10748],[128.44272,37.10924],[128.43771,37.11111],[128.43525,37.11127],[128.43554,37.10951],[128.4306,37.10676],[128.43009,37.10368],[128.42508,37.10247],[128.42305,37.10346],[128.42217,37.11017],[128.42355,37.11226],[128.42101,37.1137],[128.41992,37.11628],[128.42,37.11799],[128.41847,37.1198],[128.41615,37.12079],[128.41506,37.12041],[128.41106,37.12211],[128.40729,37.1264],[128.40576,37.12701],[128.39603,37.1286],[128.39806,37.13163],[128.40082,37.13334],[128.40366,37.13961],[128.40104,37.14555],[128.4009,37.14687],[128.39639,37.14852],[128.3932,37.15171],[128.39255,37.15336],[128.38412,37.15798],[128.38318,37.15655],[128.37642,37.15243],[128.37584,37.15331],[128.36836,37.15446],[128.36444,37.15644],[128.36219,37.1527],[128.35972,37.15022],[128.35827,37.15226],[128.35602,37.15331],[128.35399,37.15567],[128.35152,37.15743],[128.3452,37.15611],[128.34229,37.156],[128.34048,37.15809],[128.33845,37.15815],[128.33547,37.15727],[128.33351,37.15248],[128.33068,37.15033],[128.32748,37.15292],[128.32595,37.14912],[128.32443,37.14797],[128.32174,37.14885],[128.31673,37.14758],[128.30954,37.14494],[128.30635,37.13752],[128.29836,37.13422],[128.29611,37.13422],[128.29567,37.13603],[128.2927,37.13928],[128.28529,37.14241],[128.27991,37.14247],[128.27331,37.14764],[128.27229,37.14896],[128.27193,37.15215],[128.27062,37.15424],[128.26619,37.156],[128.26445,37.1604],[128.26888,37.16161],[128.27069,37.16634],[128.27592,37.17107],[128.28115,37.17339],[128.28217,37.17245],[128.28783,37.17129],[128.28965,37.17014],[128.29589,37.17157],[128.29807,37.17168],[128.29604,37.17845],[128.2956,37.18329],[128.30068,37.18444],[128.30264,37.18664],[128.30598,37.18708],[128.30766,37.18598],[128.31049,37.18736],[128.31303,37.19116],[128.31368,37.19319],[128.3131,37.19649],[128.31448,37.19682],[128.32174,37.19556],[128.32247,37.19836],[128.32494,37.19699],[128.32748,37.19853],[128.32879,37.20144],[128.32879,37.20617],[128.33002,37.21035],[128.3322,37.21388],[128.33009,37.21624],[128.32704,37.21679],[128.32007,37.21987],[128.31637,37.2224],[128.31659,37.22339],[128.31405,37.22268],[128.30795,37.21712],[128.30141,37.2169],[128.29887,37.21608],[128.29705,37.21635],[128.29124,37.21459],[128.28819,37.21509],[128.28405,37.21069],[128.28137,37.20991],[128.27287,37.20986],[128.26837,37.20793],[128.26648,37.21058],[128.26169,37.2141],[128.2598,37.21641],[128.25798,37.22125],[128.25268,37.22796],[128.25094,37.22955],[128.24942,37.2295],[128.24433,37.22653],[128.24179,37.22713],[128.24041,37.22845],[128.23743,37.22933],[128.23446,37.22735],[128.23257,37.22697],[128.2285,37.22801],[128.22807,37.2306],[128.22625,37.23286],[128.22436,37.23291],[128.22284,37.23632],[128.2203,37.24028],[128.21478,37.24182],[128.21463,37.24606],[128.21027,37.24578],[128.20781,37.24881],[128.2012,37.24897],[128.20018,37.24727],[128.19655,37.24573],[128.19277,37.24485],[128.18653,37.24034],[128.1842,37.2383],[128.17789,37.23533],[128.17411,37.23258],[128.1736,37.23104],[128.17491,37.22922],[128.17396,37.22636],[128.17251,37.22493],[128.17309,37.21905],[128.17215,37.218],[128.16968,37.21784],[128.16707,37.21481],[128.16402,37.21333],[128.16147,37.21542],[128.15799,37.2163],[128.15465,37.21569],[128.15254,37.21745],[128.15087,37.22075],[128.14884,37.2207],[128.14463,37.22235],[128.1423,37.22433],[128.14201,37.22862],[128.13845,37.23],[128.13352,37.22972],[128.1296,37.23374],[128.12531,37.23456],[128.12153,37.22933],[128.12139,37.22675],[128.12233,37.22521],[128.11841,37.22284],[128.11551,37.22026],[128.11471,37.21817],[128.11522,37.21652],[128.1142,37.21305],[128.11224,37.2108],[128.11151,37.20766],[128.10883,37.20573],[128.10244,37.2026],[128.09503,37.1999],[128.09256,37.1993],[128.08828,37.19941],[128.08566,37.19704],[128.07433,37.19308],[128.07201,37.19451],[128.07005,37.19451],[128.06467,37.19341],[128.06046,37.19407],[128.05879,37.19374],[128.05182,37.19094],[128.04979,37.18956],[128.04703,37.18961],[128.04427,37.19088],[128.04107,37.18901],[128.03722,37.18928],[128.03388,37.19143],[128.03221,37.19391],[128.03221,37.19803],[128.02953,37.20089],[128.02837,37.20304],[128.03054,37.20705],[128.03309,37.2108],[128.03686,37.21278],[128.0389,37.2147],[128.03875,37.21602],[128.03606,37.21861],[128.03345,37.21954],[128.03214,37.22108],[128.0312,37.22383],[128.0267,37.2251],[128.02299,37.22565],[128.0211,37.23033],[128.01994,37.23654],[128.01922,37.24441],[128.0166,37.24688],[128.01261,37.24771],[128.01086,37.25002],[128.00796,37.25211],[128.00222,37.25327],[127.99903,37.25486],[127.9954,37.25431],[127.99423,37.2536],[127.99031,37.25552],[127.98835,37.25712],[127.98545,37.25816],[127.98262,37.25684],[127.97993,37.25833],[127.96976,37.25569],[127.96453,37.25101],[127.95764,37.2498],[127.9527,37.24793],[127.9474,37.24419],[127.94696,37.24182],[127.94522,37.24056],[127.9389,37.24072],[127.9312,37.23418],[127.92663,37.23159],[127.92169,37.22537],[127.92249,37.22213],[127.92706,37.22015],[127.92728,37.21745],[127.92953,37.21168],[127.93062,37.21058],[127.93244,37.207],[127.93091,37.20111],[127.93215,37.19523],[127.93447,37.19038],[127.93629,37.18879],[127.93585,37.18686],[127.93403,37.18527],[127.93258,37.18235],[127.9336,37.17581],[127.93171,37.17476],[127.92895,37.17091],[127.92728,37.16981],[127.92634,37.16552],[127.92467,37.16453],[127.92082,37.16585],[127.91508,37.16887],[127.90862,37.16711],[127.90717,37.16524],[127.90615,37.16172],[127.90412,37.16024],[127.90317,37.15589],[127.90165,37.15182],[127.89889,37.14978],[127.8978,37.15221],[127.89511,37.15617],[127.88654,37.16106],[127.88015,37.16227],[127.87202,37.16436],[127.86418,37.16238],[127.862,37.16106],[127.86134,37.15919],[127.86185,37.15666],[127.86127,37.15534],[127.8559,37.1565],[127.85532,37.15996],[127.85219,37.15991],[127.85125,37.15848],[127.85045,37.15485],[127.84689,37.15281],[127.83738,37.15165],[127.83266,37.15215],[127.8254,37.15226],[127.81741,37.1472],[127.8116,37.14654],[127.80695,37.14709],[127.80165,37.14428],[127.79766,37.14549],[127.79294,37.14533],[127.78952,37.1434],[127.78749,37.14505],[127.77928,37.14962],[127.77798,37.15077],[127.7697,37.15589],[127.76549,37.15914],[127.75597,37.17085],[127.75409,37.17603],[127.75125,37.18241],[127.74937,37.18956],[127.75017,37.19038],[127.74893,37.19677],[127.74784,37.20034],[127.74581,37.20337],[127.74436,37.20727],[127.74414,37.21124],[127.74472,37.21366],[127.74639,37.21448],[127.74893,37.21833],[127.74922,37.22196],[127.74719,37.22713],[127.7469,37.23995],[127.74791,37.24358],[127.74995,37.2482],[127.7543,37.25481],[127.75764,37.25827],[127.75743,37.26009],[127.75982,37.26526],[127.76048,37.27291],[127.7591,37.27703],[127.75554,37.28187],[127.75554,37.28501],[127.75351,37.28897],[127.75292,37.28881],[127.75002,37.29194],[127.74958,37.2953],[127.75067,37.29799],[127.75459,37.29772],[127.75757,37.30014],[127.76215,37.30223],[127.76556,37.30146],[127.76767,37.30289],[127.76839,37.309],[127.76679,37.31076],[127.76491,37.31532],[127.76207,37.32115],[127.7628,37.32341],[127.75902,37.33122],[127.76273,37.33436],[127.76069,37.34079],[127.7591,37.3414],[127.75786,37.3464],[127.75837,37.35081],[127.76077,37.35262],[127.75975,37.35625],[127.75939,37.35972],[127.7612,37.36362],[127.75946,37.36731],[127.76207,37.36973],[127.77043,37.36968],[127.77892,37.37078],[127.77747,37.37644],[127.7758,37.37897],[127.77667,37.38332],[127.78037,37.38684],[127.78277,37.38712],[127.78408,37.38882],[127.78226,37.3924],[127.78764,37.40263],[127.78785,37.40532],[127.79025,37.40912],[127.79178,37.41418],[127.79192,37.41737],[127.79366,37.42249],[127.79504,37.42496],[127.79896,37.42733],[127.8023,37.42728],[127.80398,37.42887],[127.8039,37.43195],[127.80201,37.43718],[127.79933,37.43927],[127.79838,37.44257],[127.7994,37.44582],[127.7994,37.45176],[127.79737,37.45643],[127.79628,37.46303],[127.7994,37.46557],[127.80071,37.46788],[127.801,37.47002],[127.79976,37.47239],[127.79512,37.47261],[127.7896,37.47481],[127.78488,37.47871],[127.7819,37.48212],[127.78132,37.48636],[127.78016,37.48867],[127.77805,37.48801],[127.77609,37.48856],[127.77471,37.49175],[127.76527,37.49307],[127.76353,37.49219],[127.76004,37.49291],[127.75939,37.49544],[127.76004,37.50165],[127.7599,37.50325],[127.76541,37.50275],[127.77181,37.50518],[127.77486,37.50666],[127.77834,37.50958],[127.7787,37.51073],[127.7811,37.51304],[127.78371,37.51216],[127.78713,37.51497],[127.7888,37.51854],[127.79127,37.51992],[127.79577,37.52416],[127.79504,37.52487],[127.79635,37.52856],[127.8023,37.52927],[127.80644,37.5312],[127.80623,37.53494],[127.81008,37.53807],[127.81712,37.53741],[127.82206,37.53846],[127.82888,37.53714],[127.8336,37.53923],[127.83731,37.53818],[127.84203,37.5389],[127.84304,37.54192],[127.84595,37.54462],[127.845,37.54572],[127.84515,37.5477],[127.84762,37.54952],[127.84805,37.55232],[127.84479,37.55359],[127.84036,37.55678],[127.83949,37.5592],[127.8323,37.56156],[127.8262,37.56068],[127.8206,37.56278],[127.81509,37.56377],[127.81378,37.56459],[127.81414,37.56602],[127.80964,37.57345],[127.80565,37.57411],[127.80485,37.57504],[127.80427,37.57911],[127.79998,37.5828],[127.7941,37.58528],[127.79294,37.58528],[127.79134,37.58363],[127.79011,37.5806],[127.78785,37.57889],[127.78444,37.57812],[127.77151,37.58192],[127.76897,37.58187],[127.76658,37.58269],[127.76462,37.58588],[127.76128,37.58759],[127.75801,37.58682],[127.75706,37.58929],[127.75409,37.59204],[127.74864,37.59045],[127.74472,37.58786],[127.73891,37.58759],[127.72526,37.58984],[127.72315,37.59061],[127.7116,37.58748],[127.7087,37.58649],[127.70725,37.58676],[127.70638,37.58841],[127.70216,37.58907],[127.69948,37.59006],[127.69744,37.59182],[127.70086,37.59611],[127.69708,37.59875],[127.69621,37.60079],[127.69171,37.60134],[127.68597,37.60635],[127.68336,37.60822],[127.67958,37.60932],[127.67421,37.61361],[127.66753,37.61724],[127.66469,37.62026],[127.6644,37.62296],[127.66172,37.62434],[127.65743,37.62258],[127.65336,37.6223],[127.65119,37.62307],[127.64952,37.62467],[127.6469,37.63061],[127.64712,37.63259],[127.64436,37.63297],[127.63942,37.63264],[127.6318,37.63924],[127.62766,37.64255],[127.62541,37.64299],[127.62199,37.64216],[127.6188,37.64409],[127.61807,37.6459],[127.61553,37.64706],[127.61277,37.64601],[127.60994,37.64783],[127.609,37.64986],[127.60217,37.65151],[127.60028,37.64788],[127.596,37.64546],[127.59149,37.64365],[127.58489,37.64233],[127.58329,37.64013],[127.58351,37.63561],[127.58067,37.63341],[127.57871,37.63281],[127.57145,37.63198],[127.56884,37.63204],[127.5647,37.63314],[127.5602,37.62984],[127.5594,37.62852],[127.55649,37.63],[127.54865,37.63297],[127.5472,37.63737],[127.5379,37.6415],[127.53565,37.64502],[127.53522,37.64717],[127.53565,37.65069],[127.54182,37.65096],[127.54386,37.65173],[127.54574,37.65701],[127.548,37.65888],[127.54959,37.65916],[127.55279,37.66153],[127.5517,37.66516],[127.54959,37.66686],[127.54909,37.66862],[127.54952,37.67489],[127.55083,37.67726],[127.55112,37.68238],[127.55083,37.68832],[127.55322,37.69453],[127.55417,37.6953],[127.55584,37.70317],[127.55577,37.70438],[127.55824,37.7073],[127.55802,37.7139],[127.56056,37.71692],[127.56187,37.72006],[127.56129,37.72221],[127.55976,37.72314],[127.55932,37.7249],[127.55991,37.72859],[127.55664,37.72925],[127.55373,37.72881],[127.55126,37.72754],[127.5493,37.72391],[127.54248,37.71984],[127.54015,37.71946],[127.53391,37.72193],[127.52962,37.72644],[127.52723,37.72688],[127.52469,37.72644],[127.51343,37.71758],[127.51183,37.71571],[127.50798,37.71924],[127.50704,37.72061],[127.50617,37.72413],[127.50711,37.73134],[127.51125,37.73645],[127.51684,37.74025],[127.52272,37.74278],[127.53405,37.74861],[127.54211,37.75466],[127.54342,37.75642],[127.54487,37.76006],[127.54502,37.76363],[127.54095,37.77089],[127.53761,37.77452],[127.53362,37.7781],[127.53064,37.78173],[127.5257,37.78536],[127.52229,37.78894],[127.52084,37.79257],[127.52302,37.79614],[127.52679,37.79978],[127.53311,37.80693],[127.53732,37.81056],[127.53659,37.81413],[127.53492,37.81771],[127.53202,37.8203],[127.52781,37.82162],[127.52563,37.82288],[127.52461,37.82503],[127.52483,37.82965],[127.52563,37.83295],[127.5273,37.83647],[127.52948,37.83972],[127.53246,37.84214],[127.53667,37.84483],[127.54044,37.84654],[127.54582,37.84681],[127.54967,37.84654],[127.5501,37.85193],[127.55613,37.85562],[127.55853,37.85644],[127.56332,37.85644],[127.5668,37.85925],[127.5663,37.86156],[127.56862,37.86695],[127.56978,37.86821],[127.57399,37.87085],[127.57791,37.87399],[127.58518,37.87614],[127.59425,37.87603],[127.59818,37.87487],[127.60319,37.87421],[127.60587,37.87647],[127.60674,37.87949],[127.60907,37.88351],[127.60747,37.88714],[127.6074,37.88967],[127.61067,37.89534],[127.61197,37.89825],[127.6135,37.8988],[127.6156,37.90386],[127.61706,37.90601],[127.61655,37.91189],[127.61386,37.9196],[127.61212,37.92092],[127.61205,37.92405],[127.61662,37.92829],[127.61597,37.93093],[127.61205,37.94061],[127.609,37.94309],[127.60377,37.94452],[127.60173,37.94809],[127.60268,37.95172],[127.60246,37.95503],[127.60043,37.95651],[127.59345,37.95756],[127.58576,37.96152],[127.57784,37.96141],[127.57653,37.963],[127.57131,37.96399],[127.56187,37.96278],[127.55838,37.96317],[127.55635,37.9646],[127.55068,37.96614],[127.54734,37.96647],[127.54524,37.96773],[127.54429,37.96938],[127.54422,37.97412],[127.54466,37.97571],[127.54618,37.97632],[127.5472,37.9783],[127.54611,37.98391],[127.54458,37.98611],[127.54364,37.99117],[127.54044,37.99992],[127.53696,38.00063],[127.53108,38.00239],[127.52933,38.00168],[127.51234,38.00019],[127.50893,38.00129],[127.50392,37.99794],[127.49803,38.00129],[127.49738,38.00371],[127.48968,38.00503],[127.48533,38.00487],[127.48155,38.00624],[127.47153,38.00646],[127.46964,38.00883],[127.46296,38.01169],[127.45751,38.01697],[127.45686,38.01846],[127.45526,38.02522],[127.45635,38.02671],[127.45541,38.02924],[127.45272,38.03375],[127.45105,38.0381],[127.45272,38.04398],[127.45294,38.04717],[127.45236,38.04811],[127.44597,38.0518],[127.44669,38.05422],[127.44459,38.05724],[127.44481,38.06131],[127.44611,38.06395],[127.44677,38.06725],[127.44677,38.07122],[127.44451,38.07479],[127.4464,38.07765],[127.44706,38.08073],[127.44648,38.08557],[127.44481,38.08799],[127.44589,38.09267],[127.44517,38.09746],[127.44226,38.10186],[127.44139,38.10681],[127.44045,38.10885],[127.43747,38.1105],[127.43428,38.11061],[127.43297,38.11149],[127.43232,38.11341],[127.4305,38.11539],[127.42542,38.11116],[127.42505,38.10901],[127.42266,38.10675],[127.42041,38.10609],[127.41445,38.10219],[127.41343,38.10202],[127.40552,38.10296],[127.40327,38.11017],[127.40363,38.11259],[127.40065,38.11374],[127.39622,38.11385],[127.38381,38.11512],[127.38126,38.1171],[127.37858,38.11842],[127.37342,38.11462],[127.37182,38.1105],[127.36594,38.10692],[127.36434,38.10719],[127.35636,38.10598],[127.35374,38.10411],[127.34815,38.10483],[127.34517,38.10257],[127.34096,38.1018],[127.33929,38.10076],[127.33827,38.09641],[127.33878,38.09212],[127.33762,38.09009],[127.3329,38.09141],[127.32869,38.09438],[127.32346,38.09493],[127.3207,38.09471],[127.31678,38.09834],[127.31634,38.10202],[127.31242,38.10791],[127.31141,38.11594],[127.30981,38.11803],[127.30741,38.11864],[127.30632,38.11633],[127.30487,38.11567],[127.30059,38.11523],[127.29725,38.11594],[127.29136,38.11473],[127.28635,38.11462],[127.28287,38.11814],[127.282,38.12034],[127.28236,38.12232],[127.28069,38.1254],[127.27626,38.12441],[127.27575,38.12485],[127.27677,38.12804],[127.27633,38.13267],[127.27473,38.13388],[127.27481,38.13674],[127.2764,38.13954],[127.27974,38.14257],[127.28192,38.14372],[127.28425,38.14686],[127.28643,38.15264],[127.28403,38.15737],[127.28461,38.16045],[127.28635,38.16045],[127.2886,38.16457],[127.28824,38.16799],[127.28897,38.16947],[127.29267,38.17178],[127.29616,38.1725],[127.29797,38.17519],[127.29775,38.17629],[127.29398,38.17728],[127.28824,38.17684],[127.28635,38.17899],[127.28613,38.18025],[127.28446,38.18047],[127.28316,38.18289],[127.27626,38.1824],[127.27473,38.18108],[127.27052,38.18207],[127.26646,38.18042],[127.26464,38.178],[127.26646,38.17574],[127.26449,38.17173],[127.26181,38.17024],[127.25868,38.16936],[127.25643,38.16512],[127.25607,38.16298],[127.25244,38.1621],[127.24779,38.16039],[127.2459,38.15891],[127.23937,38.1566],[127.23763,38.15456],[127.23777,38.15121],[127.23472,38.1473],[127.23276,38.14686],[127.22637,38.1484],[127.22383,38.14702],[127.22434,38.14169],[127.22201,38.13745],[127.21918,38.13905],[127.20967,38.14669],[127.20829,38.14719],[127.20335,38.15214],[127.20284,38.15357],[127.19086,38.15973],[127.18926,38.16133],[127.18745,38.16859],[127.18585,38.1736],[127.18679,38.17723],[127.18904,38.18108],[127.18926,38.18823],[127.18331,38.18592],[127.18055,38.18614],[127.17554,38.19126],[127.16958,38.19813],[127.17343,38.20165],[127.1751,38.2055],[127.17212,38.20969],[127.17118,38.21348],[127.16646,38.21541],[127.16472,38.21568],[127.15971,38.21953],[127.16058,38.22025],[127.16181,38.2236],[127.16007,38.22603],[127.1629,38.23246],[127.16152,38.23477],[127.16334,38.23835],[127.15905,38.23923],[127.15782,38.2389],[127.15382,38.24033],[127.15324,38.24187],[127.14896,38.24236],[127.14736,38.24165],[127.14729,38.24005],[127.14206,38.23736],[127.13574,38.23648],[127.13509,38.23411],[127.13117,38.23274],[127.12674,38.23411],[127.12303,38.23279],[127.12086,38.23389],[127.11679,38.23697],[127.11359,38.23681],[127.10989,38.24181],[127.1096,38.24478],[127.11156,38.24737],[127.11062,38.25188],[127.10807,38.25832],[127.108,38.26112],[127.10916,38.26321],[127.10909,38.26734],[127.10807,38.26839],[127.11054,38.26938],[127.10967,38.27163],[127.10415,38.27246],[127.10168,38.27339],[127.10074,38.27504],[127.10437,38.27873],[127.10321,38.28076],[127.095,38.28109],[127.09515,38.28137],[127.09573,38.28373],[127.09747,38.28528],[127.10052,38.28594],[127.1027,38.28731],[127.10561,38.29089],[127.11105,38.29567],[127.11984,38.29886],[127.12783,38.29947],[127.13233,38.31234],[127.13218,38.31366],[127.13923,38.31592],[127.1409,38.3152],[127.14751,38.31036],[127.1523,38.30442],[127.15549,38.30404],[127.16668,38.30789],[127.16762,38.30778],[127.17605,38.31014],[127.18084,38.31201],[127.18599,38.31251],[127.19318,38.31421],[127.1971,38.31548],[127.20226,38.31784],[127.20981,38.31949],[127.21119,38.31916],[127.21729,38.3212],[127.21969,38.32659],[127.22259,38.3267],[127.22506,38.32852],[127.22855,38.33028],[127.23298,38.33094],[127.23443,38.33006],[127.24017,38.33259],[127.24271,38.33314],[127.24314,38.33154],[127.24852,38.32819],[127.2528,38.32846],[127.25396,38.32676],[127.25774,38.32665],[127.25977,38.32775],[127.26319,38.3278],[127.27423,38.32555],[127.28192,38.3256],[127.28403,38.32692],[127.28766,38.32566],[127.29158,38.32252],[127.29746,38.31652],[127.29804,38.31801],[127.29957,38.31317],[127.30095,38.31317],[127.30422,38.31515],[127.3064,38.31735],[127.31242,38.31757],[127.31489,38.31872],[127.32411,38.31988],[127.3284,38.31828],[127.33254,38.32026],[127.33704,38.32373],[127.33806,38.32373],[127.34481,38.32736],[127.34423,38.32863],[127.34742,38.32863],[127.35534,38.32758],[127.36195,38.32406],[127.36355,38.3267],[127.36936,38.32879],[127.37647,38.33446],[127.38134,38.33715],[127.38686,38.33495],[127.3902,38.33292],[127.39557,38.3322],[127.40182,38.33358],[127.40944,38.33198],[127.41111,38.32951],[127.41452,38.32841],[127.41786,38.32874],[127.4228,38.32813],[127.42752,38.32681],[127.43202,38.32158],[127.4366,38.31971],[127.44226,38.3185],[127.44481,38.31834],[127.44415,38.31696],[127.45076,38.31685],[127.45396,38.31823],[127.45352,38.32004],[127.45112,38.32219],[127.45069,38.32439],[127.45156,38.32654],[127.45454,38.32714],[127.45875,38.32632],[127.45969,38.32434],[127.46202,38.3218],[127.46441,38.32098],[127.46536,38.31691],[127.46841,38.31757],[127.47487,38.31652],[127.47625,38.31575],[127.48162,38.30679],[127.48344,38.30624],[127.4883,38.30657],[127.49201,38.30348],[127.49644,38.30101],[127.49716,38.29958],[127.50174,38.30079],[127.50675,38.30128],[127.51459,38.30387],[127.51721,38.30734],[127.51953,38.30838],[127.52396,38.30904],[127.52824,38.31179],[127.53275,38.31597],[127.53529,38.31691],[127.54349,38.32076],[127.54567,38.32246],[127.54785,38.32538],[127.54974,38.32665],[127.56034,38.32857],[127.56455,38.33044],[127.57087,38.33149],[127.57298,38.33352],[127.57791,38.33638],[127.583,38.33528],[127.58801,38.3371],[127.59062,38.33605],[127.59164,38.33688],[127.59433,38.33594],[127.59483,38.33429],[127.59796,38.33468],[127.60057,38.33633],[127.60907,38.33677],[127.6151,38.33391],[127.61735,38.32852],[127.61589,38.32676],[127.61938,38.32489],[127.62976,38.32549],[127.63354,38.32279],[127.63419,38.32538],[127.65293,38.32544],[127.65823,38.32351],[127.66397,38.32698],[127.66702,38.32505],[127.67065,38.3234],[127.68045,38.32483],[127.6827,38.32489],[127.68401,38.32401],[127.68633,38.32483],[127.69026,38.32516],[127.69243,38.32615],[127.69505,38.33187],[127.69679,38.33418],[127.70071,38.33622],[127.70362,38.33583],[127.70609,38.33473],[127.70921,38.33484],[127.714,38.33429],[127.71451,38.32945],[127.71596,38.32945],[127.72867,38.33501],[127.73383,38.33853],[127.74515,38.34271],[127.74377,38.34007],[127.74603,38.33748],[127.75104,38.33385],[127.75401,38.33407],[127.75859,38.33732],[127.76084,38.33814],[127.76302,38.33776],[127.76571,38.33616],[127.76934,38.33523],[127.77217,38.33726],[127.77224,38.33858],[127.77616,38.34249],[127.77856,38.34678],[127.78045,38.3486],[127.78241,38.34898],[127.78538,38.34695],[127.78727,38.34348],[127.79047,38.33446],[127.79737,38.32307],[127.80078,38.32021],[127.80565,38.31691],[127.81443,38.31146],[127.81908,38.30778],[127.82119,38.30541],[127.82177,38.30381],[127.83302,38.30541],[127.83949,38.30772],[127.84239,38.30926],[127.84697,38.31284],[127.84958,38.31427],[127.85263,38.31443],[127.85793,38.31174],[127.86548,38.31421],[127.87485,38.31691],[127.87943,38.31218],[127.88255,38.31042],[127.8885,38.30877],[127.89192,38.30948],[127.89489,38.31289],[127.89714,38.31278],[127.90208,38.31108],[127.90397,38.3097],[127.90767,38.31097],[127.91494,38.31075],[127.91871,38.30877],[127.92096,38.3097],[127.92677,38.30937],[127.92982,38.30701],[127.93512,38.30591],[127.94224,38.3064],[127.94878,38.30442],[127.95161,38.30216],[127.95822,38.30024],[127.96069,38.29798],[127.96315,38.29364],[127.96693,38.29309],[127.97223,38.2899],[127.97637,38.28671],[127.97724,38.28489],[127.98269,38.28027],[127.98334,38.27697],[127.98581,38.2735],[127.98973,38.27537],[127.98893,38.2773],[127.99249,38.27878],[128.00004,38.27801],[128.00259,38.27554],[128.00622,38.27779],[128.00869,38.28192],[128.01057,38.2839],[128.01079,38.2861],[128.01486,38.28803],[128.01595,38.29149],[128.01297,38.29419],[128.01784,38.30481],[128.0182,38.31421],[128.02277,38.31438],[128.03054,38.31515],[128.03243,38.3141],[128.03076,38.31157],[128.03243,38.31086],[128.03752,38.31058],[128.03955,38.3113],[128.04303,38.31157],[128.04463,38.31069],[128.04405,38.3075],[128.04913,38.30706],[128.05756,38.308],[128.06874,38.30998],[128.07586,38.31179],[128.08014,38.31344],[128.08733,38.31768],[128.09452,38.32483],[128.09837,38.32659],[128.1044,38.33006],[128.11202,38.33512],[128.11594,38.3366],[128.11892,38.33363],[128.12415,38.33237],[128.12807,38.33226],[128.13344,38.33363],[128.13584,38.33303],[128.14092,38.3355],[128.14441,38.34194],[128.14615,38.34287],[128.14993,38.34177],[128.15153,38.34216],[128.15203,38.3437],[128.15719,38.34238],[128.15813,38.34343],[128.15915,38.34755],[128.1614,38.34898],[128.16423,38.35338],[128.16649,38.35542],[128.17498,38.36428],[128.1797,38.36213],[128.18428,38.36059],[128.18762,38.36516],[128.19074,38.36791],[128.19197,38.37291],[128.20141,38.375],[128.20505,38.37533],[128.20759,38.37467],[128.20933,38.37104],[128.21035,38.37005],[128.21245,38.37016],[128.21601,38.37649],[128.21768,38.38254],[128.21957,38.38513],[128.22531,38.38854],[128.22763,38.39206],[128.22923,38.39684],[128.23061,38.39866],[128.23475,38.40169],[128.24077,38.40202],[128.24339,38.40268],[128.24607,38.40614],[128.24324,38.41087],[128.24578,38.4145],[128.24782,38.41533],[128.25573,38.41973],[128.25682,38.42133],[128.26067,38.42166],[128.26423,38.42353],[128.27011,38.43007],[128.27338,38.43216],[128.2818,38.43585],[128.28347,38.43618],[128.28609,38.44234],[128.28565,38.44509],[128.28739,38.4496],[128.29197,38.45406],[128.29103,38.45477],[128.29211,38.45642],[128.29473,38.45829],[128.29909,38.47161],[128.30192,38.47584],[128.30671,38.47859],[128.30642,38.47969],[128.30141,38.48619],[128.30126,38.4907],[128.30206,38.49279],[128.30577,38.49851],[128.30439,38.50264],[128.30555,38.50434],[128.30998,38.50781],[128.31317,38.51237],[128.31303,38.51738],[128.31376,38.5231],[128.31288,38.5258],[128.31071,38.53713],[128.31179,38.54373],[128.31245,38.55556],[128.31216,38.5631],[128.31216,38.57008],[128.31325,38.57008],[128.31448,38.57212],[128.31492,38.57476],[128.31346,38.57993],[128.31223,38.58087],[128.31274,38.5829],[128.31441,38.58477],[128.31354,38.58659],[128.31027,38.58967],[128.30933,38.59286],[128.30991,38.59418],[128.31637,38.59379],[128.32123,38.59721],[128.32777,38.59897],[128.32922,38.60023],[128.33423,38.60194],[128.33707,38.60172],[128.33823,38.60276],[128.33953,38.60617],[128.34244,38.61019],[128.34643,38.61162],[128.35326,38.61206],[128.35311,38.6125],[128.35718,38.6136],[128.35892,38.61112],[128.36052,38.60656],[128.36016,38.6048],[128.3643,38.60276],[128.36669,38.59814],[128.36982,38.59335],[128.3741,38.58868],[128.37751,38.58703],[128.37984,38.58279],[128.38187,38.58147],[128.38637,38.57668],[128.39124,38.57272],[128.39458,38.57267],[128.39458,38.56931],[128.39393,38.56876],[128.39705,38.56629],[128.40191,38.56475],[128.40344,38.56117],[128.40475,38.55534],[128.40787,38.5549],[128.4099,38.55627],[128.41106,38.55528],[128.41106,38.55182],[128.40961,38.55039],[128.41063,38.54736],[128.40504,38.5445],[128.40721,38.54016],[128.41026,38.5379],[128.41237,38.53498],[128.41186,38.53113],[128.41571,38.52915],[128.4176,38.52453],[128.41876,38.52349],[128.4221,38.52332],[128.42355,38.52266],[128.4229,38.52035],[128.42072,38.52035],[128.41934,38.51809],[128.4184,38.51243],[128.42101,38.50643],[128.42232,38.50517],[128.4266,38.50374],[128.42697,38.50225],[128.42493,38.50137],[128.4245,38.50016],[128.42726,38.49757],[128.43016,38.4907],[128.43278,38.48811],[128.43575,38.48679],[128.43851,38.48729],[128.43909,38.48432],[128.43742,38.48096],[128.44033,38.47568],[128.44962,38.47128],[128.4505,38.4693],[128.44919,38.46792],[128.45267,38.4638],[128.45558,38.46182],[128.45776,38.45928],[128.46284,38.45433],[128.46538,38.45274],[128.46698,38.4501],[128.46451,38.44713],[128.45914,38.44328],[128.46088,38.44537],[128.46349,38.44724],[128.46182,38.44889],[128.45972,38.44867],[128.45587,38.44619],[128.45478,38.44427],[128.45405,38.43794],[128.45587,38.43321],[128.45812,38.42914],[128.4648,38.41907],[128.47214,38.40961],[128.4762,38.40515],[128.47678,38.40207],[128.48063,38.40047],[128.48586,38.39536],[128.50474,38.37632],[128.5107,38.37319],[128.51099,38.36972],[128.5128,38.36862],[128.50815,38.36576],[128.50699,38.36356],[128.50743,38.36086],[128.51011,38.35652],[128.5128,38.35624],[128.51135,38.35399],[128.51237,38.35113],[128.51287,38.347],[128.51629,38.34276],[128.52093,38.33803],[128.5287,38.33248],[128.52812,38.32901],[128.53088,38.32758],[128.53103,38.32489],[128.52958,38.32698],[128.52849,38.32676],[128.52791,38.32274],[128.52856,38.32131],[128.53836,38.31284],[128.54047,38.31179],[128.54316,38.3091],[128.54337,38.3069],[128.54686,38.30602],[128.55114,38.30365],[128.55056,38.30238],[128.54882,38.30304],[128.54708,38.30018],[128.547,38.29837],[128.54867,38.29672],[128.54708,38.29127],[128.54853,38.28654],[128.55114,38.28439],[128.55383,38.28093],[128.5531,38.27851],[128.55398,38.27504],[128.55637,38.27488],[128.55906,38.27367],[128.55586,38.27378],[128.55572,38.27097],[128.55877,38.26415],[128.56022,38.25788],[128.56211,38.25562],[128.56821,38.24946],[128.57017,38.2488],[128.5722,38.24517],[128.57809,38.2378],[128.58491,38.23076],[128.58615,38.23026],[128.58869,38.2268],[128.59029,38.22113],[128.59406,38.21849],[128.59806,38.21475],[128.60198,38.21469],[128.60169,38.21282],[128.6027,38.20771],[128.6014,38.21134],[128.60023,38.21068],[128.5945,38.21068],[128.5945,38.20694],[128.59246,38.20259],[128.59101,38.20138],[128.58346,38.1994],[128.58433,38.19857],[128.58295,38.19725],[128.58215,38.19329],[128.58339,38.19208],[128.59348,38.19153],[128.59341,38.20061],[128.60023,38.20204],[128.59711,38.20072],[128.59798,38.19736],[128.60292,38.19219],[128.60721,38.18603],[128.60938,38.18344],[128.61163,38.1819],[128.61447,38.18146],[128.61418,38.17992],[128.61105,38.1791],[128.60975,38.1769],[128.61047,38.17365],[128.60677,38.17453],[128.60612,38.17393],[128.60844,38.16887],[128.60924,38.16331],[128.60873,38.16127],[128.61069,38.1561],[128.60895,38.15429],[128.60858,38.15143],[128.60975,38.14807],[128.61461,38.14097],[128.62434,38.12948],[128.62623,38.12815],[128.62768,38.12849],[128.63001,38.12694],[128.6324,38.12386],[128.6324,38.12034],[128.63509,38.11688],[128.64736,38.10615],[128.6502,38.10307],[128.65826,38.09553],[128.66269,38.09185],[128.6645,38.09091],[128.66595,38.09141],[128.66835,38.08992],[128.66479,38.09064],[128.67031,38.08425],[128.67234,38.08321],[128.67481,38.0809],[128.673,38.07859],[128.67619,38.07633],[128.67735,38.07441],[128.67619,38.0716],[128.67561,38.06841],[128.67627,38.0667],[128.67859,38.06445],[128.68404,38.05801],[128.68679,38.05515],[128.69965,38.04327],[128.70386,38.03964],[128.71352,38.03194],[128.72463,38.02396],[128.72543,38.02379]],[[129.1135,37.53785],[129.11495,37.5373],[129.11539,37.54016],[129.11241,37.54016],[129.1135,37.53785]]]]}},{"type":"Feature","id":"43","properties":{"sido_code":"43","sido_name":"충청북도","name_eng":"Chungcheongbuk-do","kostat_code":"33","base_year":"2018"},"geometry":{"type":"Polygon","coordinates":[[[127.2878,36.8938],[127.29027,36.89435],[127.2902,36.89738],[127.29376,36.9003],[127.29739,36.90398],[127.3,36.90987],[127.30153,36.91168],[127.30335,36.91641],[127.30059,36.91955],[127.29841,36.92274],[127.29536,36.92923],[127.29499,36.93066],[127.30022,36.9294],[127.30901,36.9294],[127.31329,36.93127],[127.3162,36.93473],[127.32426,36.93589],[127.3268,36.93594],[127.33029,36.9376],[127.33297,36.94018],[127.3406,36.9431],[127.34241,36.94634],[127.34481,36.94931],[127.3496,36.95278],[127.35403,36.95267],[127.3557,36.9514],[127.35759,36.94766],[127.36173,36.94948],[127.37204,36.94992],[127.37306,36.94898],[127.37567,36.94865],[127.37582,36.94992],[127.37821,36.95206],[127.37872,36.9541],[127.37829,36.95613],[127.37959,36.95872],[127.38482,36.9596],[127.38729,36.96444],[127.39303,36.96565],[127.39651,36.96455],[127.39804,36.96488],[127.40152,36.96769],[127.39637,36.9733],[127.39666,36.97462],[127.39397,36.97721],[127.3894,36.98007],[127.38613,36.98139],[127.38497,36.98364],[127.38671,36.98634],[127.39092,36.99112],[127.39223,36.99343],[127.39165,36.99398],[127.39267,36.99701],[127.39419,36.99839],[127.40254,36.99894],[127.40683,36.99833],[127.41133,37.0002],[127.41496,36.99998],[127.41859,37.00196],[127.4212,37.00394],[127.42883,37.00218],[127.43304,37.0046],[127.43616,37.00537],[127.43718,37.00653],[127.43711,37.00834],[127.44081,37.01208],[127.44459,37.01203],[127.44706,37.01087],[127.44858,37.01313],[127.44836,37.01654],[127.45091,37.01929],[127.45374,37.02127],[127.45839,37.02045],[127.45976,37.02507],[127.45911,37.02743],[127.45686,37.03002],[127.45962,37.03563],[127.45969,37.03811],[127.45722,37.0402],[127.45686,37.04223],[127.45759,37.04361],[127.46122,37.04685],[127.46841,37.05037],[127.46819,37.05351],[127.47189,37.05378],[127.47531,37.05301],[127.48344,37.05362],[127.48649,37.05478],[127.49034,37.05197],[127.49905,37.04757],[127.50472,37.04812],[127.50893,37.04944],[127.51002,37.0529],[127.51249,37.05637],[127.5183,37.05841],[127.51982,37.05676],[127.52302,37.05544],[127.52941,37.05549],[127.53296,37.05406],[127.53478,37.05197],[127.54095,37.05076],[127.54865,37.04641],[127.55206,37.0452],[127.55482,37.04284],[127.55468,37.04179],[127.55693,37.04124],[127.56216,37.0441],[127.5668,37.04735],[127.56956,37.04817],[127.56709,37.05246],[127.56789,37.05511],[127.56746,37.05637],[127.5647,37.05923],[127.56499,37.06061],[127.56746,37.06396],[127.5737,37.07056],[127.57595,37.07359],[127.57799,37.07535],[127.58307,37.07546],[127.58677,37.07442],[127.58924,37.07282],[127.5952,37.07387],[127.59767,37.07309],[127.60079,37.07089],[127.60297,37.06853],[127.60471,37.0688],[127.60413,37.07056],[127.60493,37.07618],[127.60108,37.07986],[127.59955,37.0858],[127.59578,37.08778],[127.59578,37.08833],[127.60391,37.08751],[127.6042,37.08674],[127.60733,37.08646],[127.61197,37.08723],[127.61611,37.08987],[127.61945,37.09147],[127.61938,37.0902],[127.62504,37.09329],[127.6318,37.09648],[127.63456,37.09983],[127.63514,37.10473],[127.63412,37.10726],[127.63601,37.11254],[127.63608,37.11463],[127.6331,37.12013],[127.6339,37.12217],[127.63775,37.1412],[127.63746,37.14203],[127.63361,37.14527],[127.62744,37.15171],[127.62737,37.15364],[127.62831,37.15529],[127.63071,37.15397],[127.64683,37.15116],[127.65351,37.14698],[127.6554,37.14544],[127.65692,37.1423],[127.65997,37.13994],[127.66244,37.13917],[127.6652,37.13933],[127.67021,37.13609],[127.68314,37.13614],[127.68677,37.13504],[127.68858,37.13554],[127.69548,37.14043],[127.69454,37.14126],[127.6941,37.1456],[127.69519,37.15121],[127.70064,37.15375],[127.70427,37.15765],[127.70478,37.16266],[127.70485,37.1675],[127.70681,37.17036],[127.7087,37.17096],[127.71233,37.1768],[127.71691,37.18345],[127.7185,37.18384],[127.72155,37.18307],[127.72279,37.18158],[127.72642,37.18252],[127.72831,37.18774],[127.72794,37.18862],[127.72947,37.19231],[127.73252,37.19578],[127.73317,37.20166],[127.73557,37.20551],[127.73528,37.20804],[127.73673,37.21019],[127.74043,37.21201],[127.74414,37.21487],[127.74472,37.21366],[127.74414,37.21124],[127.74436,37.20727],[127.74581,37.20337],[127.74784,37.20034],[127.74893,37.19677],[127.75017,37.19038],[127.74937,37.18956],[127.75125,37.18241],[127.75409,37.17603],[127.75597,37.17085],[127.76549,37.15914],[127.7697,37.15589],[127.77798,37.15077],[127.77928,37.14962],[127.78749,37.14505],[127.78952,37.1434],[127.79294,37.14533],[127.79766,37.14549],[127.80165,37.14428],[127.80695,37.14709],[127.8116,37.14654],[127.81741,37.1472],[127.8254,37.15226],[127.83266,37.15215],[127.83738,37.15165],[127.84689,37.15281],[127.85045,37.15485],[127.85125,37.15848],[127.85219,37.15991],[127.85532,37.15996],[127.8559,37.1565],[127.86127,37.15534],[127.86185,37.15666],[127.86134,37.15919],[127.862,37.16106],[127.86418,37.16238],[127.87202,37.16436],[127.88015,37.16227],[127.88654,37.16106],[127.89511,37.15617],[127.8978,37.15221],[127.89889,37.14978],[127.90165,37.15182],[127.90317,37.15589],[127.90412,37.16024],[127.90615,37.16172],[127.90717,37.16524],[127.90862,37.16711],[127.91508,37.16887],[127.92082,37.16585],[127.92467,37.16453],[127.92634,37.16552],[127.92728,37.16981],[127.92895,37.17091],[127.93171,37.17476],[127.9336,37.17581],[127.93258,37.18235],[127.93403,37.18527],[127.93585,37.18686],[127.93629,37.18879],[127.93447,37.19038],[127.93215,37.19523],[127.93091,37.20111],[127.93244,37.207],[127.93062,37.21058],[127.92953,37.21168],[127.92728,37.21745],[127.92706,37.22015],[127.92249,37.22213],[127.92169,37.22537],[127.92663,37.23159],[127.9312,37.23418],[127.9389,37.24072],[127.94522,37.24056],[127.94696,37.24182],[127.9474,37.24419],[127.9527,37.24793],[127.95764,37.2498],[127.96453,37.25101],[127.96976,37.25569],[127.97993,37.25833],[127.98262,37.25684],[127.98545,37.25816],[127.98835,37.25712],[127.99031,37.25552],[127.99423,37.2536],[127.9954,37.25431],[127.99903,37.25486],[128.00222,37.25327],[128.00796,37.25211],[128.01086,37.25002],[128.01261,37.24771],[128.0166,37.24688],[128.01922,37.24441],[128.01994,37.23654],[128.0211,37.23033],[128.02299,37.22565],[128.0267,37.2251],[128.0312,37.22383],[128.03214,37.22108],[128.03345,37.21954],[128.03606,37.21861],[128.03875,37.21602],[128.0389,37.2147],[128.03686,37.21278],[128.03309,37.2108],[128.03054,37.20705],[128.02837,37.20304],[128.02953,37.20089],[128.03221,37.19803],[128.03221,37.19391],[128.03388,37.19143],[128.03722,37.18928],[128.04107,37.18901],[128.04427,37.19088],[128.04703,37.18961],[128.04979,37.18956],[128.05182,37.19094],[128.05879,37.19374],[128.06046,37.19407],[128.06467,37.19341],[128.07005,37.19451],[128.07201,37.19451],[128.07433,37.19308],[128.08566,37.19704],[128.08828,37.19941],[128.09256,37.1993],[128.09503,37.1999],[128.10244,37.2026],[128.10883,37.20573],[128.11151,37.20766],[128.11224,37.2108],[128.1142,37.21305],[128.11522,37.21652],[128.11471,37.21817],[128.11551,37.22026],[128.11841,37.22284],[128.12233,37.22521],[128.12139,37.22675],[128.12153,37.22933],[128.12531,37.23456],[128.1296,37.23374],[128.13352,37.22972],[128.13845,37.23],[128.14201,37.22862],[128.1423,37.22433],[128.14463,37.22235],[128.14884,37.2207],[128.15087,37.22075],[128.15254,37.21745],[128.15465,37.21569],[128.15799,37.2163],[128.16147,37.21542],[128.16402,37.21333],[128.16707,37.21481],[128.16968,37.21784],[128.17215,37.218],[128.17309,37.21905],[128.17251,37.22493],[128.17396,37.22636],[128.17491,37.22922],[128.1736,37.23104],[128.17411,37.23258],[128.17789,37.23533],[128.1842,37.2383],[128.18653,37.24034],[128.19277,37.24485],[128.19655,37.24573],[128.20018,37.24727],[128.2012,37.24897],[128.20781,37.24881],[128.21027,37.24578],[128.21463,37.24606],[128.21478,37.24182],[128.2203,37.24028],[128.22284,37.23632],[128.22436,37.23291],[128.22625,37.23286],[128.22807,37.2306],[128.2285,37.22801],[128.23257,37.22697],[128.23446,37.22735],[128.23743,37.22933],[128.24041,37.22845],[128.24179,37.22713],[128.24433,37.22653],[128.24942,37.2295],[128.25094,37.22955],[128.25268,37.22796],[128.25798,37.22125],[128.2598,37.21641],[128.26169,37.2141],[128.26648,37.21058],[128.26837,37.20793],[128.27287,37.20986],[128.28137,37.20991],[128.28405,37.21069],[128.28819,37.21509],[128.29124,37.21459],[128.29705,37.21635],[128.29887,37.21608],[128.30141,37.2169],[128.30795,37.21712],[128.31405,37.22268],[128.31659,37.22339],[128.31637,37.2224],[128.32007,37.21987],[128.32704,37.21679],[128.33009,37.21624],[128.3322,37.21388],[128.33002,37.21035],[128.32879,37.20617],[128.32879,37.20144],[128.32748,37.19853],[128.32494,37.19699],[128.32247,37.19836],[128.32174,37.19556],[128.31448,37.19682],[128.3131,37.19649],[128.31368,37.19319],[128.31303,37.19116],[128.31049,37.18736],[128.30766,37.18598],[128.30598,37.18708],[128.30264,37.18664],[128.30068,37.18444],[128.2956,37.18329],[128.29604,37.17845],[128.29807,37.17168],[128.29589,37.17157],[128.28965,37.17014],[128.28783,37.17129],[128.28217,37.17245],[128.28115,37.17339],[128.27592,37.17107],[128.27069,37.16634],[128.26888,37.16161],[128.26445,37.1604],[128.26619,37.156],[128.27062,37.15424],[128.27193,37.15215],[128.27229,37.14896],[128.27331,37.14764],[128.27991,37.14247],[128.28529,37.14241],[128.2927,37.13928],[128.29567,37.13603],[128.29611,37.13422],[128.29836,37.13422],[128.30635,37.13752],[128.30954,37.14494],[128.31673,37.14758],[128.32174,37.14885],[128.32443,37.14797],[128.32595,37.14912],[128.32748,37.15292],[128.33068,37.15033],[128.33351,37.15248],[128.33547,37.15727],[128.33845,37.15815],[128.34048,37.15809],[128.34229,37.156],[128.3452,37.15611],[128.35152,37.15743],[128.35399,37.15567],[128.35602,37.15331],[128.35827,37.15226],[128.35972,37.15022],[128.36219,37.1527],[128.36444,37.15644],[128.36836,37.15446],[128.37584,37.15331],[128.37642,37.15243],[128.38318,37.15655],[128.38412,37.15798],[128.39255,37.15336],[128.3932,37.15171],[128.39639,37.14852],[128.4009,37.14687],[128.40104,37.14555],[128.40366,37.13961],[128.40082,37.13334],[128.39806,37.13163],[128.39603,37.1286],[128.40576,37.12701],[128.40729,37.1264],[128.41106,37.12211],[128.41506,37.12041],[128.41615,37.12079],[128.41847,37.1198],[128.42,37.11799],[128.41992,37.11628],[128.42101,37.1137],[128.42355,37.11226],[128.42217,37.11017],[128.42305,37.10346],[128.42508,37.10247],[128.43009,37.10368],[128.4306,37.10676],[128.43554,37.10951],[128.43525,37.11127],[128.43771,37.11111],[128.44272,37.10924],[128.44534,37.10748],[128.4502,37.11199],[128.45529,37.11182],[128.45805,37.11028],[128.46226,37.11045],[128.47228,37.10984],[128.4778,37.11017],[128.48187,37.1127],[128.48237,37.11496],[128.48622,37.11887],[128.48942,37.12101],[128.49109,37.12387],[128.49661,37.12574],[128.49835,37.12376],[128.503,37.11969],[128.50387,37.11799],[128.5067,37.11546],[128.51004,37.11403],[128.51077,37.11298],[128.51367,37.10605],[128.51418,37.10374],[128.51738,37.10253],[128.52362,37.10225],[128.52769,37.10154],[128.53117,37.1],[128.53415,37.09813],[128.53517,37.09301],[128.53684,37.09015],[128.54933,37.08657],[128.55383,37.08657],[128.55666,37.08723],[128.56167,37.09026],[128.56741,37.08822],[128.57075,37.08597],[128.57438,37.08129],[128.58172,37.08168],[128.59087,37.07838],[128.59312,37.07838],[128.59399,37.08085],[128.59689,37.08239],[128.60161,37.08305],[128.60198,37.08234],[128.60067,37.07953],[128.60161,37.07843],[128.60612,37.07673],[128.608,37.0775],[128.60989,37.07992],[128.61403,37.08124],[128.61752,37.08421],[128.62267,37.0874],[128.62456,37.08443],[128.62826,37.08135],[128.62732,37.07744],[128.62819,37.07513],[128.63349,37.07232],[128.64264,37.07078],[128.65208,37.06545],[128.65179,37.06391],[128.64613,37.0611],[128.64293,37.05714],[128.63785,37.05153],[128.63451,37.04658],[128.63284,37.04174],[128.63291,37.04053],[128.62826,37.04212],[128.62463,37.04548],[128.62282,37.04531],[128.62173,37.04669],[128.62173,37.04905],[128.61773,37.05065],[128.60975,37.05202],[128.60844,37.05279],[128.60706,37.04977],[128.60793,37.0474],[128.60713,37.04383],[128.60517,37.04333],[128.60161,37.0441],[128.59806,37.04311],[128.59682,37.04179],[128.59246,37.0419],[128.59072,37.04311],[128.586,37.04295],[128.58346,37.04372],[128.58215,37.04262],[128.58055,37.03921],[128.57888,37.03838],[128.57772,37.03558],[128.57155,37.03563],[128.56785,37.03387],[128.56545,37.03073],[128.5669,37.026],[128.56915,37.02375],[128.57264,37.02199],[128.57293,37.02078],[128.57032,37.01401],[128.56741,37.01153],[128.56349,37.0101],[128.56291,37.0079],[128.55681,37.00576],[128.55572,37.00284],[128.55557,37.00009],[128.5547,36.99828],[128.54947,36.99547],[128.5457,36.99437],[128.54301,36.99211],[128.53553,36.99024],[128.52965,36.99079],[128.52602,36.99008],[128.51694,36.98689],[128.51549,36.98683],[128.5152,36.98326],[128.51389,36.98062],[128.51462,36.97759],[128.50975,36.97462],[128.50641,36.97319],[128.5067,36.97011],[128.50227,36.96791],[128.49385,36.96444],[128.48956,36.96373],[128.48601,36.96191],[128.48492,36.95746],[128.48143,36.9579],[128.47707,36.95746],[128.4672,36.95146],[128.46277,36.94739],[128.46342,36.94376],[128.46008,36.93605],[128.46037,36.93402],[128.45689,36.93374],[128.45267,36.93072],[128.45042,36.93077],[128.44548,36.92813],[128.44178,36.92736],[128.44302,36.92192],[128.4428,36.91983],[128.44483,36.91768],[128.44476,36.91372],[128.44302,36.91064],[128.44018,36.90288],[128.43815,36.89986],[128.43358,36.89545],[128.4319,36.89287],[128.42907,36.89204],[128.42682,36.88924],[128.42813,36.88478],[128.42704,36.88126],[128.42479,36.87939],[128.42399,36.87653],[128.4282,36.87504],[128.43169,36.87554],[128.43641,36.87367],[128.43909,36.87174],[128.44251,36.86822],[128.44331,36.86844],[128.44803,36.86437],[128.44912,36.86289],[128.44781,36.86146],[128.44665,36.85337],[128.44904,36.84787],[128.44701,36.84363],[128.44258,36.84011],[128.44149,36.83758],[128.43938,36.83631],[128.43408,36.83417],[128.43365,36.82762],[128.43205,36.82405],[128.42798,36.82086],[128.42602,36.81838],[128.42522,36.8148],[128.42043,36.81156],[128.41513,36.81222],[128.4115,36.81139],[128.40816,36.81227],[128.40605,36.81194],[128.39966,36.81288],[128.39436,36.81486],[128.38332,36.81376],[128.3802,36.81266],[128.3733,36.80765],[128.37272,36.8054],[128.36836,36.8021],[128.36553,36.80303],[128.36408,36.80221],[128.36125,36.80287],[128.35711,36.80633],[128.35675,36.81062],[128.35319,36.81244],[128.34825,36.81299],[128.34099,36.81458],[128.33336,36.817],[128.32087,36.81563],[128.31644,36.81667],[128.31579,36.81744],[128.31586,36.82256],[128.31071,36.8263],[128.30497,36.82933],[128.30163,36.83268],[128.2956,36.83532],[128.29291,36.83945],[128.28943,36.84358],[128.28652,36.84501],[128.28551,36.84732],[128.28558,36.8499],[128.28246,36.85595],[128.28021,36.857],[128.27636,36.85711],[128.2688,36.86019],[128.26728,36.86261],[128.26503,36.86415],[128.25944,36.86509],[128.25428,36.86641],[128.24687,36.86932],[128.24179,36.87235],[128.24034,36.8713],[128.23947,36.86509],[128.23467,36.86283],[128.23547,36.85893],[128.23453,36.85766],[128.2346,36.85419],[128.2362,36.85183],[128.23874,36.85018],[128.237,36.84534],[128.2301,36.84539],[128.22378,36.84671],[128.22037,36.84831],[128.21666,36.8493],[128.21274,36.84919],[128.21078,36.8455],[128.21115,36.84116],[128.21303,36.83912],[128.21449,36.83483],[128.21434,36.83081],[128.21587,36.82614],[128.21637,36.82075],[128.21732,36.81937],[128.21623,36.81244],[128.2142,36.81167],[128.20715,36.81244],[128.20367,36.81337],[128.19364,36.81711],[128.19081,36.8164],[128.18479,36.81662],[128.1752,36.82086],[128.17135,36.82212],[128.16264,36.82097],[128.16002,36.82201],[128.15537,36.82201],[128.15145,36.82322],[128.14986,36.82757],[128.14746,36.82938],[128.14419,36.83015],[128.1418,36.83334],[128.13359,36.83279],[128.13395,36.82845],[128.12989,36.82515],[128.12458,36.82399],[128.11899,36.82234],[128.11841,36.82146],[128.11289,36.82102],[128.10984,36.82146],[128.10955,36.81799],[128.10825,36.81348],[128.10788,36.80892],[128.10585,36.80595],[128.10193,36.80628],[128.09416,36.80364],[128.093,36.80287],[128.0935,36.79676],[128.09009,36.79665],[128.08595,36.79808],[128.08385,36.79929],[128.08385,36.80221],[128.08537,36.80419],[128.08268,36.80683],[128.07913,36.80853],[128.07716,36.81101],[128.07179,36.81453],[128.06736,36.81678],[128.06417,36.81744],[128.06104,36.81717],[128.05923,36.8164],[128.05923,36.81359],[128.05749,36.81139],[128.05683,36.80914],[128.05792,36.80699],[128.05407,36.80562],[128.05611,36.79841],[128.05494,36.79269],[128.05327,36.7917],[128.05117,36.78884],[128.05008,36.78559],[128.04834,36.78323],[128.04558,36.78246],[128.04688,36.7786],[128.0447,36.77459],[128.04478,36.77107],[128.04165,36.76843],[128.03737,36.76105],[128.03236,36.75517],[128.03265,36.74939],[128.03236,36.74758],[128.03439,36.74554],[128.04238,36.7407],[128.05073,36.73668],[128.05291,36.73322],[128.0556,36.73041],[128.05727,36.73107],[128.05865,36.72992],[128.06061,36.72689],[128.06801,36.72222],[128.07172,36.71473],[128.07274,36.71187],[128.07041,36.70769],[128.06693,36.7083],[128.05872,36.70896],[128.05218,36.70775],[128.04972,36.70775],[128.04645,36.7094],[128.04318,36.71242],[128.03679,36.71495],[128.03309,36.71721],[128.03083,36.7193],[128.02561,36.71935],[128.02096,36.72194],[128.01936,36.7237],[128.01958,36.72502],[128.01486,36.73019],[128.0113,36.72959],[128.00934,36.72838],[128.00651,36.72546],[128.00607,36.72304],[128.00193,36.71726],[127.99932,36.71737],[127.99743,36.71831],[127.99017,36.71721],[127.98683,36.71754],[127.98022,36.72007],[127.97318,36.72618],[127.97071,36.73091],[127.96824,36.73129],[127.96315,36.73338],[127.96054,36.73718],[127.95843,36.73685],[127.95698,36.73558],[127.954,36.72359],[127.95146,36.72062],[127.94914,36.71974],[127.94885,36.71402],[127.94965,36.71264],[127.9495,36.70808],[127.94645,36.70621],[127.94289,36.70687],[127.9336,36.70648],[127.93098,36.70191],[127.93178,36.69559],[127.93062,36.69256],[127.92895,36.69086],[127.92655,36.69031],[127.92263,36.69212],[127.91748,36.69322],[127.91479,36.69333],[127.91225,36.69262],[127.90738,36.69262],[127.90252,36.69333],[127.89751,36.69344],[127.89388,36.69438],[127.88727,36.69119],[127.88189,36.68574],[127.88197,36.68343],[127.87877,36.68266],[127.87572,36.6831],[127.87427,36.68194],[127.87725,36.67974],[127.88001,36.6787],[127.88502,36.67947],[127.88763,36.67864],[127.8917,36.68244],[127.89475,36.68112],[127.90034,36.68222],[127.91298,36.67765],[127.9177,36.66786],[127.92321,36.66814],[127.92779,36.66896],[127.9296,36.66874],[127.92982,36.6666],[127.93222,36.66451],[127.93229,36.66142],[127.93157,36.65961],[127.93164,36.65537],[127.93411,36.65334],[127.93912,36.65273],[127.93868,36.64877],[127.93897,36.64597],[127.9357,36.64421],[127.93432,36.64107],[127.93382,36.63606],[127.9352,36.63496],[127.93592,36.63298],[127.93287,36.62875],[127.93193,36.62523],[127.93287,36.62038],[127.93236,36.61873],[127.92946,36.61747],[127.9251,36.61642],[127.92409,36.61543],[127.92423,36.60982],[127.92488,36.60784],[127.92525,36.60283],[127.92394,36.60201],[127.91995,36.60113],[127.91871,36.60344],[127.91878,36.60867],[127.91392,36.61224],[127.91138,36.61532],[127.91109,36.61681],[127.90862,36.6222],[127.90855,36.6239],[127.90717,36.62583],[127.90303,36.62754],[127.89816,36.6266],[127.89046,36.62875],[127.88865,36.631],[127.88792,36.63518],[127.8893,36.63694],[127.88872,36.64063],[127.88494,36.64277],[127.88233,36.64652],[127.88139,36.65191],[127.88001,36.65675],[127.87638,36.65642],[127.87391,36.65504],[127.87347,36.65218],[127.87231,36.65026],[127.86541,36.64129],[127.86352,36.64068],[127.86309,36.63766],[127.86062,36.63535],[127.85655,36.63447],[127.85307,36.6348],[127.84893,36.63463],[127.84675,36.63397],[127.8506,36.63128],[127.8506,36.62913],[127.84784,36.62495],[127.8498,36.61956],[127.85118,36.61835],[127.85575,36.61758],[127.85829,36.61351],[127.85517,36.61186],[127.85161,36.61323],[127.8498,36.61312],[127.84072,36.60828],[127.83767,36.60938],[127.83527,36.6112],[127.83215,36.61263],[127.8299,36.61263],[127.82663,36.61142],[127.82097,36.61329],[127.8209,36.61054],[127.81814,36.60839],[127.81429,36.60746],[127.81189,36.6074],[127.80833,36.60581],[127.80652,36.60366],[127.80201,36.60184],[127.79918,36.60239],[127.79758,36.60069],[127.79613,36.59524],[127.79657,36.59266],[127.79853,36.59079],[127.79955,36.58853],[127.79846,36.58644],[127.80441,36.58314],[127.80492,36.58138],[127.80811,36.58017],[127.81313,36.57918],[127.81618,36.57808],[127.81683,36.57588],[127.82155,36.57307],[127.82445,36.57093],[127.82736,36.57153],[127.83019,36.57428],[127.83418,36.57313],[127.83709,36.5701],[127.84261,36.57054],[127.84326,36.569],[127.84486,36.56911],[127.84885,36.57093],[127.85234,36.57115],[127.85742,36.56955],[127.8604,36.56796],[127.86025,36.56592],[127.86454,36.56399],[127.8665,36.56042],[127.87035,36.55915],[127.87282,36.55299],[127.87238,36.54876],[127.871,36.54551],[127.87049,36.54281],[127.87391,36.54133],[127.87514,36.54001],[127.87543,36.53792],[127.87899,36.53473],[127.88335,36.53489],[127.88872,36.53368],[127.89301,36.53049],[127.89635,36.53121],[127.89896,36.53027],[127.90245,36.52807],[127.90092,36.52499],[127.9015,36.51976],[127.90339,36.51729],[127.90252,36.51322],[127.90317,36.51102],[127.90622,36.50727],[127.90462,36.50403],[127.90078,36.50067],[127.89758,36.49847],[127.89489,36.49836],[127.89286,36.496],[127.88872,36.49314],[127.88044,36.49325],[127.8787,36.48951],[127.87609,36.48835],[127.87529,36.48318],[127.88059,36.48065],[127.8824,36.47586],[127.88102,36.47454],[127.88022,36.47064],[127.88081,36.46855],[127.87834,36.46706],[127.88022,36.46486],[127.88197,36.46183],[127.87899,36.45776],[127.87877,36.45512],[127.87972,36.45408],[127.87739,36.4494],[127.87478,36.4488],[127.8734,36.44538],[127.87318,36.44241],[127.87216,36.44087],[127.87449,36.43471],[127.8755,36.42965],[127.87492,36.42706],[127.87296,36.42426],[127.87776,36.42393],[127.88269,36.42437],[127.88262,36.42156],[127.87906,36.41661],[127.87572,36.41436],[127.87471,36.41122],[127.87325,36.40957],[127.87369,36.4066],[127.86955,36.40363],[127.86389,36.40302],[127.86389,36.39978],[127.86628,36.39477],[127.86301,36.39356],[127.86461,36.39147],[127.87006,36.39158],[127.87485,36.39103],[127.87732,36.38855],[127.87921,36.38338],[127.88218,36.38206],[127.88415,36.38003],[127.88313,36.37733],[127.88313,36.3742],[127.87993,36.37145],[127.88364,36.37062],[127.88523,36.36891],[127.88538,36.36605],[127.88654,36.36363],[127.89025,36.36121],[127.89126,36.35973],[127.89054,36.35659],[127.88567,36.35472],[127.88502,36.35247],[127.88553,36.35015],[127.88262,36.34592],[127.87935,36.34493],[127.87703,36.3457],[127.87362,36.34509],[127.87013,36.3435],[127.87064,36.34146],[127.86977,36.33954],[127.86577,36.33558],[127.86149,36.33508],[127.86033,36.33371],[127.8567,36.33128],[127.85256,36.32963],[127.85125,36.32672],[127.85074,36.32083],[127.84885,36.31896],[127.8458,36.31814],[127.84145,36.30999],[127.84152,36.30829],[127.8445,36.30543],[127.84689,36.30075],[127.8458,36.29679],[127.84566,36.29371],[127.84682,36.29134],[127.84922,36.28881],[127.85139,36.27545],[127.85212,36.27391],[127.86084,36.27704],[127.86519,36.27589],[127.86737,36.2766],[127.87042,36.2766],[127.87645,36.27578],[127.88262,36.27374],[127.88582,36.28018],[127.88814,36.28617],[127.88988,36.28925],[127.89213,36.29195],[127.89359,36.29267],[127.89845,36.29756],[127.90288,36.30103],[127.90426,36.30147],[127.90564,36.29861],[127.90637,36.29267],[127.90557,36.29123],[127.90709,36.2865],[127.91152,36.2832],[127.91268,36.28293],[127.9235,36.27869],[127.92648,36.27869],[127.93091,36.27803],[127.93374,36.27594],[127.9344,36.27258],[127.93796,36.26906],[127.94282,36.26675],[127.94732,36.26725],[127.9479,36.26626],[127.94834,36.25751],[127.94928,36.25663],[127.95459,36.25724],[127.95989,36.2525],[127.9625,36.25206],[127.96482,36.25316],[127.96809,36.2503],[127.97056,36.25041],[127.97463,36.25294],[127.97833,36.2546],[127.97869,36.25575],[127.97673,36.25927],[127.97768,36.26065],[127.98116,36.26367],[127.98414,36.26285],[127.99053,36.2634],[127.99438,36.26747],[127.99779,36.26818],[128.00048,36.26642],[128.00825,36.2717],[128.01079,36.27203],[128.01413,36.27011],[128.01558,36.26829],[128.01907,36.2673],[128.02626,36.26791],[128.02691,36.26538],[128.02982,36.26466],[128.03316,36.26153],[128.03962,36.25922],[128.04362,36.25839],[128.04732,36.25658],[128.04572,36.25212],[128.04027,36.25201],[128.03904,36.2503],[128.03563,36.24348],[128.02989,36.24002],[128.03316,36.23369],[128.03526,36.23264],[128.03933,36.22868],[128.04049,36.22467],[128.03897,36.22219],[128.04224,36.21757],[128.04761,36.21614],[128.0503,36.21592],[128.05015,36.21295],[128.04935,36.21075],[128.05051,36.20662],[128.05182,36.20508],[128.05625,36.20206],[128.05741,36.20079],[128.05291,36.20085],[128.04754,36.19832],[128.0463,36.19672],[128.0386,36.19413],[128.03345,36.20008],[128.0267,36.20519],[128.02408,36.20662],[128.01682,36.20871],[128.01145,36.20893],[128.00978,36.20937],[128.006,36.20728],[128.00004,36.20695],[127.99881,36.20745],[127.99474,36.2042],[127.99307,36.20002],[127.98922,36.19958],[127.98407,36.20052],[127.97804,36.1981],[127.97993,36.19595],[127.98116,36.1959],[127.97739,36.19232],[127.97615,36.18841],[127.97535,36.1877],[127.97971,36.18275],[127.98131,36.17912],[127.98414,36.17818],[127.98247,36.17257],[127.98298,36.16987],[127.98705,36.16663],[127.98988,36.16514],[127.99097,36.15843],[127.99482,36.1575],[127.99721,36.15546],[127.9962,36.15425],[127.99075,36.15144],[127.9877,36.14776],[127.98799,36.14501],[127.98915,36.14396],[127.98726,36.14088],[127.98886,36.13263],[127.98777,36.12883],[127.98407,36.12768],[127.97644,36.12273],[127.97296,36.12185],[127.97013,36.1219],[127.96679,36.11805],[127.96664,36.11612],[127.96519,36.11282],[127.96577,36.1098],[127.96795,36.10727],[127.96896,36.10435],[127.96664,36.10028],[127.9649,36.09863],[127.96461,36.09555],[127.95974,36.0945],[127.95858,36.09087],[127.95872,36.08752],[127.95938,36.08598],[127.96083,36.08559],[127.9617,36.08301],[127.96185,36.0758],[127.9609,36.07035],[127.95778,36.06925],[127.95459,36.06727],[127.95197,36.06469],[127.95219,36.06375],[127.94987,36.05974],[127.94747,36.0577],[127.94384,36.05627],[127.93629,36.0511],[127.93345,36.05082],[127.93019,36.04945],[127.92561,36.05242],[127.9206,36.05412],[127.91958,36.05368],[127.91668,36.05429],[127.91181,36.05049],[127.90942,36.05],[127.90615,36.0467],[127.90353,36.0434],[127.90266,36.03911],[127.89954,36.03828],[127.8938,36.03762],[127.88749,36.0347],[127.88487,36.03591],[127.88342,36.03234],[127.88349,36.02805],[127.88059,36.02524],[127.87732,36.02343],[127.87674,36.02249],[127.86773,36.02376],[127.86432,36.02568],[127.86359,36.02783],[127.86062,36.03146],[127.85568,36.03294],[127.85277,36.03911],[127.84631,36.03922],[127.83912,36.03586],[127.83847,36.0363],[127.83041,36.03525],[127.81981,36.02981],[127.81893,36.02893],[127.81109,36.02739],[127.8055,36.02596],[127.80107,36.02662],[127.79729,36.02502],[127.79519,36.02211],[127.79083,36.0188],[127.78989,36.01693],[127.78764,36.01451],[127.78364,36.01644],[127.78001,36.01633],[127.77529,36.01539],[127.76883,36.01253],[127.76607,36.0122],[127.76157,36.0133],[127.75939,36.01495],[127.75931,36.01594],[127.76266,36.02156],[127.76164,36.02519],[127.75975,36.02563],[127.75387,36.02403],[127.75147,36.02579],[127.74973,36.02805],[127.74733,36.0297],[127.74356,36.02849],[127.74254,36.0253],[127.74145,36.0248],[127.73942,36.02574],[127.73731,36.02981],[127.73484,36.03234],[127.73085,36.03234],[127.72664,36.03173],[127.72504,36.03239],[127.71916,36.03184],[127.71705,36.03459],[127.7116,36.03591],[127.70362,36.03443],[127.7002,36.03657],[127.69846,36.03949],[127.69643,36.04109],[127.69505,36.04593],[127.69527,36.04879],[127.69606,36.05038],[127.69592,36.05429],[127.69505,36.05875],[127.69316,36.05792],[127.69076,36.05803],[127.68902,36.06265],[127.68553,36.06221],[127.68081,36.05825],[127.67435,36.05473],[127.66978,36.05137],[127.67181,36.04846],[127.67174,36.04323],[127.67275,36.04164],[127.66905,36.03867],[127.6644,36.03751],[127.66092,36.03817],[127.65939,36.03966],[127.65794,36.04692],[127.6554,36.05198],[127.65445,36.05588],[127.65162,36.05748],[127.64908,36.05797],[127.64843,36.0626],[127.64458,36.06683],[127.63826,36.06859],[127.63819,36.06821],[127.63768,36.06947],[127.63419,36.0736],[127.63463,36.07673],[127.63296,36.08136],[127.62976,36.08383],[127.6278,36.08658],[127.6233,36.09071],[127.61923,36.09071],[127.61727,36.09357],[127.61735,36.09753],[127.61691,36.1049],[127.61902,36.1071],[127.61909,36.10886],[127.61633,36.11156],[127.61335,36.11156],[127.61074,36.11612],[127.61008,36.11855],[127.60551,36.11822],[127.60319,36.12064],[127.59897,36.1235],[127.59258,36.1301],[127.58946,36.13428],[127.59091,36.13731],[127.59113,36.13951],[127.5904,36.14336],[127.59353,36.15018],[127.59505,36.1526],[127.59868,36.15513],[127.60166,36.16003],[127.60123,36.16118],[127.60144,36.16905],[127.59861,36.17378],[127.59636,36.17433],[127.59309,36.17736],[127.59491,36.17961],[127.59469,36.18104],[127.59774,36.18489],[127.59629,36.18814],[127.59295,36.19221],[127.59244,36.19535],[127.59563,36.19909],[127.59774,36.2009],[127.59955,36.20459],[127.5989,36.20954],[127.5973,36.213],[127.5981,36.21482],[127.59781,36.21752],[127.59113,36.22164],[127.59033,36.22439],[127.58772,36.22527],[127.58525,36.22967],[127.58358,36.23127],[127.57958,36.23281],[127.57486,36.23204],[127.57029,36.23352],[127.56702,36.23198],[127.56571,36.22945],[127.56383,36.22775],[127.56158,36.22896],[127.55824,36.22753],[127.55286,36.22588],[127.54647,36.22527],[127.54531,36.22549],[127.54509,36.22841],[127.54611,36.22929],[127.54988,36.23842],[127.54909,36.23974],[127.54044,36.24183],[127.5379,36.24277],[127.53507,36.24733],[127.53681,36.25085],[127.5326,36.25091],[127.53042,36.24871],[127.52694,36.24832],[127.52381,36.24651],[127.52352,36.24535],[127.51815,36.24062],[127.51474,36.24123],[127.50871,36.23875],[127.50232,36.23776],[127.4992,36.23831],[127.49259,36.23798],[127.49324,36.24106],[127.49179,36.24519],[127.48939,36.24601],[127.48758,36.25146],[127.49012,36.2546],[127.48997,36.25735],[127.48634,36.25922],[127.48605,36.26125],[127.4883,36.26719],[127.49026,36.26835],[127.48874,36.27269],[127.4907,36.27391],[127.4968,36.27924],[127.49854,36.28133],[127.49883,36.28282],[127.4976,36.28568],[127.49266,36.29498],[127.49121,36.29657],[127.49164,36.29932],[127.49433,36.30086],[127.49745,36.30158],[127.49898,36.30565],[127.49818,36.3079],[127.49709,36.30851],[127.49455,36.31197],[127.49695,36.3144],[127.49782,36.31643],[127.496,36.3199],[127.5,36.32078],[127.50275,36.32512],[127.50094,36.33294],[127.50159,36.33624],[127.50058,36.33778],[127.50138,36.34009],[127.50384,36.34086],[127.50806,36.34322],[127.5074,36.3463],[127.50915,36.3468],[127.51198,36.34614],[127.51575,36.34867],[127.51938,36.35037],[127.52236,36.35434],[127.52309,36.35637],[127.522,36.35786],[127.5236,36.36039],[127.52447,36.36336],[127.5241,36.36589],[127.52599,36.36803],[127.52657,36.37007],[127.52592,36.37376],[127.52577,36.37755],[127.52461,36.38646],[127.52512,36.38762],[127.52679,36.38767],[127.53013,36.3912],[127.5334,36.39175],[127.53667,36.39466],[127.53921,36.39791],[127.54313,36.39703],[127.54364,36.39609],[127.54814,36.39675],[127.55366,36.39494],[127.55511,36.39521],[127.55969,36.39824],[127.55882,36.39983],[127.55715,36.39956],[127.55322,36.40121],[127.5517,36.4055],[127.5501,36.40709],[127.5456,36.4088],[127.54291,36.4121],[127.54182,36.41568],[127.54226,36.41925],[127.53964,36.42063],[127.53478,36.41931],[127.52941,36.4192],[127.52432,36.42343],[127.52098,36.42156],[127.51728,36.42167],[127.51452,36.4225],[127.51103,36.41029],[127.50951,36.40863],[127.5045,36.40819],[127.50152,36.40863],[127.50065,36.41067],[127.49745,36.41535],[127.49695,36.41947],[127.49564,36.42266],[127.49331,36.4258],[127.4899,36.4324],[127.48976,36.43411],[127.49346,36.44115],[127.49716,36.44472],[127.50348,36.44935],[127.5045,36.45182],[127.50275,36.45551],[127.50058,36.45622],[127.49164,36.45336],[127.48453,36.45292],[127.48213,36.45391],[127.47915,36.45628],[127.47756,36.45842],[127.47792,36.46117],[127.47937,36.46376],[127.48162,36.4664],[127.48329,36.47003],[127.48453,36.47471],[127.48402,36.47663],[127.48046,36.47718],[127.4761,36.47636],[127.4724,36.47504],[127.47015,36.47355],[127.46681,36.4702],[127.46376,36.46453],[127.46354,36.46029],[127.4626,36.45617],[127.4586,36.45243],[127.45475,36.45028],[127.45134,36.44924],[127.44713,36.44918],[127.44241,36.45127],[127.43747,36.45573],[127.43587,36.45644],[127.42745,36.45688],[127.42469,36.45617],[127.41627,36.45479],[127.40748,36.45479],[127.40211,36.45606],[127.39993,36.45892],[127.39971,36.46183],[127.40138,36.46266],[127.40102,36.46733],[127.40203,36.47229],[127.40414,36.47658],[127.40414,36.48109],[127.40305,36.48549],[127.39615,36.49171],[127.39978,36.49336],[127.40537,36.49424],[127.4098,36.49534],[127.41082,36.49776],[127.40871,36.49946],[127.40784,36.50331],[127.40908,36.50744],[127.40908,36.50975],[127.40494,36.51195],[127.40414,36.5169],[127.3976,36.52059],[127.39789,36.52136],[127.40152,36.52367],[127.40617,36.52378],[127.40762,36.52306],[127.40871,36.52394],[127.40842,36.52719],[127.40559,36.53137],[127.40501,36.53731],[127.40152,36.54149],[127.40022,36.54177],[127.39782,36.54023],[127.3923,36.54001],[127.38439,36.54122],[127.38352,36.54314],[127.38388,36.54545],[127.38315,36.54788],[127.37851,36.5498],[127.37923,36.55261],[127.37778,36.55558],[127.3756,36.55783],[127.37357,36.55772],[127.37255,36.5597],[127.37647,36.56097],[127.378,36.56289],[127.37705,36.56394],[127.37756,36.56785],[127.37088,36.56653],[127.36507,36.56427],[127.36253,36.56443],[127.3605,36.56229],[127.35628,36.56168],[127.35098,36.56223],[127.34713,36.56443],[127.34263,36.56416],[127.33806,36.56234],[127.33704,36.56284],[127.33515,36.56812],[127.33653,36.56999],[127.33573,36.57109],[127.33094,36.57505],[127.32731,36.57604],[127.32208,36.58149],[127.32143,36.5838],[127.31322,36.58286],[127.30574,36.58297],[127.30385,36.58341],[127.29979,36.58595],[127.29986,36.58771],[127.30182,36.58853],[127.30487,36.59139],[127.3048,36.59623],[127.30654,36.59986],[127.30632,36.60228],[127.30494,36.60437],[127.3008,36.60773],[127.3016,36.60927],[127.30182,36.61279],[127.30008,36.61406],[127.3003,36.61648],[127.29892,36.61868],[127.29637,36.61895],[127.29579,36.62016],[127.2963,36.62423],[127.29223,36.62479],[127.29071,36.63012],[127.29085,36.63205],[127.29223,36.63491],[127.29078,36.63683],[127.28722,36.63612],[127.28497,36.63414],[127.28083,36.63441],[127.27945,36.63348],[127.27568,36.6398],[127.27698,36.64184],[127.27953,36.64068],[127.28279,36.64228],[127.28163,36.64514],[127.28439,36.64998],[127.28613,36.65169],[127.28868,36.65889],[127.29674,36.66076],[127.29971,36.66219],[127.30233,36.66577],[127.30509,36.66759],[127.3061,36.67226],[127.30625,36.67545],[127.30756,36.67831],[127.30763,36.682],[127.30414,36.68503],[127.30182,36.68574],[127.29666,36.6858],[127.28955,36.68822],[127.28889,36.68948],[127.28526,36.69069],[127.28948,36.69542],[127.29202,36.69729],[127.29463,36.69718],[127.30131,36.69999],[127.30712,36.70368],[127.30843,36.70483],[127.3061,36.7083],[127.30792,36.71308],[127.30807,36.71864],[127.31075,36.72381],[127.31729,36.72453],[127.3199,36.72695],[127.32223,36.73047],[127.32549,36.73366],[127.32963,36.73437],[127.33239,36.73201],[127.33689,36.72937],[127.33922,36.72975],[127.34256,36.73377],[127.34314,36.73569],[127.34169,36.73806],[127.33755,36.74158],[127.33748,36.74323],[127.3361,36.74521],[127.33341,36.74675],[127.33363,36.74868],[127.33552,36.75264],[127.34394,36.75368],[127.34844,36.7533],[127.35381,36.75467],[127.35534,36.75599],[127.35665,36.75852],[127.35883,36.76056],[127.3642,36.76139],[127.36856,36.76133],[127.37204,36.75803],[127.37487,36.75797],[127.37923,36.75907],[127.38257,36.75869],[127.38504,36.75962],[127.38635,36.75929],[127.38867,36.75346],[127.39252,36.75253],[127.39463,36.75115],[127.39455,36.74983],[127.39601,36.74791],[127.40189,36.7462],[127.40443,36.74604],[127.40559,36.75027],[127.40842,36.7522],[127.40959,36.75225],[127.41162,36.75423],[127.41089,36.75605],[127.41249,36.75742],[127.41518,36.7566],[127.41968,36.75764],[127.42041,36.76094],[127.41953,36.76177],[127.41387,36.77002],[127.41438,36.77101],[127.41264,36.77332],[127.40537,36.7742],[127.40196,36.77591],[127.40182,36.77805],[127.39978,36.78086],[127.3955,36.78246],[127.39499,36.78411],[127.39659,36.78994],[127.40174,36.79516],[127.4008,36.79907],[127.39746,36.79967],[127.39317,36.80402],[127.39158,36.80661],[127.38628,36.80963],[127.38148,36.81409],[127.37095,36.81673],[127.3695,36.81623],[127.3666,36.81695],[127.36565,36.81838],[127.3581,36.82245],[127.35716,36.82355],[127.3581,36.82542],[127.35607,36.82867],[127.35171,36.83065],[127.34815,36.83037],[127.34634,36.82933],[127.33936,36.83125],[127.3366,36.82971],[127.33457,36.83065],[127.33406,36.83235],[127.33559,36.83741],[127.33421,36.83807],[127.33464,36.84215],[127.33668,36.84506],[127.33624,36.84913],[127.33653,36.85463],[127.33479,36.85617],[127.33261,36.857],[127.32637,36.85777],[127.32455,36.85689],[127.32092,36.85793],[127.31874,36.85909],[127.31533,36.85898],[127.31271,36.85744],[127.30915,36.85931],[127.30727,36.8597],[127.30719,36.86129],[127.30581,36.86338],[127.31053,36.86855],[127.31126,36.87048],[127.30988,36.87345],[127.3093,36.8817],[127.30792,36.88539],[127.30385,36.8861],[127.29928,36.88979],[127.29601,36.88973],[127.29245,36.89199],[127.29056,36.89221],[127.2878,36.8938]]]}},{"type":"Feature","id":"44","properties":{"sido_code":"44","sido_name":"충청남도","name_eng":"Chungcheongnam-do","kostat_code":"34","base_year":"2018"},"geometry":{"type":"MultiPolygon","coordinates":[[[[126.37485,36.59656],[126.37507,36.59667],[126.37485,36.59656]]],[[[126.37507,36.59667],[126.37775,36.60432],[126.38022,36.60641],[126.38102,36.6025],[126.38197,36.60234],[126.38567,36.60432],[126.38552,36.60333],[126.38167,36.59238],[126.38059,36.59156],[126.37862,36.59497],[126.37877,36.59695],[126.37739,36.59777],[126.37507,36.59667]]],[[[126.37485,36.59656],[126.37318,36.59579],[126.37187,36.59348],[126.37151,36.59029],[126.3739,36.58925],[126.37579,36.58727],[126.3739,36.58308],[126.37412,36.58088],[126.3755,36.57956],[126.37347,36.57731],[126.36839,36.57599],[126.36534,36.57736],[126.36323,36.57714],[126.3588,36.57214],[126.35967,36.56994],[126.36279,36.56741],[126.36526,36.56647],[126.36853,36.56763],[126.37463,36.56515],[126.37521,36.56443],[126.37354,36.56185],[126.37427,36.558],[126.37754,36.55261],[126.37899,36.54936],[126.3779,36.54419],[126.37492,36.54287],[126.37492,36.54199],[126.37761,36.53539],[126.38051,36.53313],[126.3808,36.53],[126.38639,36.52664],[126.38661,36.52411],[126.38603,36.52119],[126.38371,36.52009],[126.38218,36.52026],[126.37812,36.51921],[126.38146,36.51437],[126.38596,36.51547],[126.39409,36.51465],[126.39475,36.51333],[126.39162,36.51124],[126.39097,36.50942],[126.39242,36.50854],[126.39482,36.51052],[126.39736,36.51124],[126.39823,36.5097],[126.39736,36.50766],[126.39816,36.50656],[126.40005,36.50694],[126.40179,36.50546],[126.40164,36.50172],[126.40346,36.49897],[126.40194,36.49688],[126.39939,36.49655],[126.39809,36.49077],[126.39896,36.48824],[126.40085,36.48846],[126.40317,36.49011],[126.40564,36.48774],[126.40876,36.49275],[126.41029,36.49154],[126.40854,36.48351],[126.40869,36.47454],[126.41312,36.47025],[126.41501,36.46783],[126.4153,36.4648],[126.41719,36.46497],[126.41682,36.46211],[126.41297,36.4615],[126.4113,36.46046],[126.4113,36.45842],[126.40883,36.45699],[126.40651,36.45419],[126.40709,36.45237],[126.40905,36.45166],[126.41479,36.45127],[126.41515,36.45023],[126.42176,36.44604],[126.42132,36.44054],[126.43004,36.43774],[126.43185,36.43746],[126.43185,36.43592],[126.42844,36.43306],[126.42793,36.43191],[126.43076,36.42794],[126.43069,36.42662],[126.43345,36.42261],[126.43498,36.42206],[126.43389,36.4181],[126.43171,36.41744],[126.4304,36.41793],[126.42757,36.41617],[126.4222,36.41007],[126.42583,36.40214],[126.42815,36.40022],[126.42692,36.39917],[126.42132,36.39994],[126.42118,36.40253],[126.41987,36.40484],[126.41806,36.40599],[126.41479,36.40616],[126.41232,36.40495],[126.41116,36.40709],[126.41283,36.40902],[126.41268,36.41117],[126.4105,36.41342],[126.40687,36.41436],[126.40419,36.41293],[126.40041,36.41238],[126.39859,36.41375],[126.3983,36.41689],[126.39722,36.41914],[126.39003,36.42189],[126.38124,36.42123],[126.37971,36.42057],[126.37913,36.41881],[126.38051,36.41766],[126.38066,36.41573],[126.37594,36.41177],[126.37158,36.41117],[126.36984,36.4121],[126.3665,36.41568],[126.36236,36.41551],[126.36091,36.42013],[126.35916,36.42266],[126.35691,36.42481],[126.35452,36.42547],[126.35314,36.42398],[126.35125,36.4247],[126.35423,36.42767],[126.35452,36.43136],[126.35662,36.43768],[126.35771,36.4395],[126.35967,36.44038],[126.36163,36.44016],[126.36192,36.43818],[126.36497,36.43719],[126.36403,36.4406],[126.36214,36.44104],[126.3559,36.44137],[126.35372,36.44181],[126.34871,36.4412],[126.34842,36.44016],[126.34493,36.43895],[126.33781,36.43994],[126.33498,36.44159],[126.33041,36.44115],[126.33128,36.44395],[126.33288,36.44489],[126.33295,36.44676],[126.33113,36.45463],[126.32903,36.45787],[126.33142,36.462],[126.33084,36.46486],[126.32983,36.46634],[126.32757,36.46761],[126.32416,36.46821],[126.32525,36.47146],[126.32881,36.47465],[126.33186,36.48466],[126.33266,36.49292],[126.33258,36.49567],[126.3315,36.49858],[126.33019,36.50001],[126.33455,36.50227],[126.33876,36.50513],[126.33767,36.50661],[126.33607,36.50381],[126.33338,36.50392],[126.33208,36.50513],[126.33324,36.50689],[126.33237,36.50986],[126.33048,36.5119],[126.32823,36.51162],[126.32728,36.5158],[126.32786,36.52147],[126.33048,36.52499],[126.33084,36.52934],[126.32903,36.54067],[126.32932,36.5432],[126.32772,36.55486],[126.32532,36.55717],[126.31421,36.57109],[126.31537,36.5745],[126.31472,36.57714],[126.3116,36.58336],[126.3116,36.58545],[126.31777,36.58655],[126.31901,36.58611],[126.31893,36.58418],[126.32249,36.58303],[126.32343,36.58369],[126.32481,36.58837],[126.323,36.58991],[126.3222,36.59799],[126.33309,36.60382],[126.3352,36.60586],[126.33868,36.60779],[126.34181,36.60823],[126.3434,36.60641],[126.34246,36.60515],[126.3442,36.60426],[126.3482,36.60498],[126.34856,36.61021],[126.35132,36.61054],[126.35285,36.6096],[126.35488,36.60977],[126.35916,36.61246],[126.36112,36.61087],[126.36592,36.60966],[126.36737,36.60713],[126.36672,36.60311],[126.36802,36.60008],[126.37107,36.59717],[126.3726,36.59634],[126.37485,36.59656]]],[[[126.15823,36.75357],[126.15845,36.7522],[126.16048,36.74851],[126.15888,36.74681],[126.15736,36.74868],[126.15823,36.75357]]],[[[126.15823,36.75357],[126.15888,36.75555],[126.15823,36.75357]]],[[[126.6948,37.00042],[126.6948,37.00042]]],[[[126.6948,37.00042],[126.69836,36.99921],[126.70076,36.99751],[126.70047,36.99624],[126.70468,36.99938],[126.71811,36.9931],[126.71928,36.99167],[126.7216,36.99145],[126.73228,36.98859],[126.73576,36.98722],[126.73736,36.98843],[126.74157,36.98507],[126.74455,36.98656],[126.7476,36.98557],[126.74854,36.98711],[126.74999,36.98711],[126.77193,36.97963],[126.78078,36.97622],[126.78282,36.97511],[126.78362,36.97236],[126.7797,36.96675],[126.79378,36.94403],[126.79451,36.94194],[126.79233,36.9404],[126.7916,36.93699],[126.79248,36.93545],[126.80126,36.92571],[126.8025,36.92461],[126.8038,36.92511],[126.80635,36.93127],[126.80969,36.92868],[126.81201,36.92555],[126.81274,36.92373],[126.81346,36.91829],[126.81506,36.90981],[126.81477,36.90486],[126.81542,36.90393],[126.81731,36.8965],[126.82051,36.89402],[126.82283,36.89287],[126.82682,36.88852],[126.82908,36.88836],[126.8619,36.88005],[126.87025,36.88313],[126.88267,36.88682],[126.88949,36.88737],[126.90344,36.88808],[126.90591,36.88869],[126.91004,36.89116],[126.91142,36.89364],[126.90968,36.90162],[126.91034,36.90167],[126.91673,36.90618],[126.9396,36.91735],[126.95645,36.9212],[126.96523,36.92384],[126.97373,36.92588],[126.97976,36.92819],[126.98557,36.93248],[126.99152,36.93352],[126.99515,36.93534],[126.9982,36.93473],[126.99973,36.9338],[127.00263,36.93363],[127.00358,36.93512],[127.00982,36.93589],[127.01556,36.93539],[127.02086,36.93237],[127.02202,36.93061],[127.0258,36.92874],[127.03095,36.92808],[127.03299,36.92874],[127.0372,36.93226],[127.04758,36.93319],[127.05281,36.93528],[127.05608,36.93749],[127.05949,36.93842],[127.06552,36.94194],[127.06784,36.94222],[127.07293,36.94051],[127.07409,36.93864],[127.07489,36.93985],[127.0783,36.94249],[127.08622,36.94772],[127.08985,36.94568],[127.09188,36.94343],[127.09384,36.94238],[127.09573,36.94238],[127.09704,36.94799],[127.10292,36.95272],[127.10074,36.95443],[127.09842,36.95448],[127.09638,36.95569],[127.09653,36.95933],[127.10248,36.96477],[127.10662,36.96598],[127.11105,36.96939],[127.11156,36.97126],[127.11439,36.97148],[127.1202,36.97033],[127.12115,36.96835],[127.12434,36.96835],[127.12964,36.96642],[127.13567,36.96747],[127.1364,36.96824],[127.14366,36.97104],[127.14736,36.97082],[127.14889,36.96956],[127.15237,36.96934],[127.15622,36.97],[127.1592,36.96978],[127.15441,36.9662],[127.15535,36.96444],[127.16341,36.96274],[127.16552,36.96164],[127.17234,36.96323],[127.17517,36.9623],[127.17822,36.96241],[127.1791,36.95779],[127.18048,36.95669],[127.18832,36.95454],[127.19013,36.95283],[127.19217,36.95217],[127.19776,36.95228],[127.20212,36.95173],[127.20429,36.94986],[127.20684,36.94612],[127.20625,36.94293],[127.21134,36.93848],[127.21141,36.93561],[127.21025,36.93446],[127.20989,36.93121],[127.21163,36.93017],[127.21715,36.92962],[127.22085,36.93017],[127.22862,36.92439],[127.23378,36.92362],[127.23632,36.92373],[127.23763,36.92054],[127.24402,36.91763],[127.24895,36.91906],[127.24888,36.9212],[127.25317,36.92241],[127.25622,36.9184],[127.25861,36.91586],[127.26159,36.91471],[127.27081,36.91328],[127.27343,36.91146],[127.27531,36.90805],[127.27887,36.90624],[127.27974,36.90442],[127.27924,36.90057],[127.28316,36.89661],[127.28584,36.89446],[127.2878,36.8938],[127.29056,36.89221],[127.29245,36.89199],[127.29601,36.88973],[127.29928,36.88979],[127.30385,36.8861],[127.30792,36.88539],[127.3093,36.8817],[127.30988,36.87345],[127.31126,36.87048],[127.31053,36.86855],[127.30581,36.86338],[127.30719,36.86129],[127.30727,36.8597],[127.30915,36.85931],[127.31271,36.85744],[127.31533,36.85898],[127.31874,36.85909],[127.32092,36.85793],[127.32455,36.85689],[127.32637,36.85777],[127.33261,36.857],[127.33479,36.85617],[127.33653,36.85463],[127.33624,36.84913],[127.33668,36.84506],[127.33464,36.84215],[127.33421,36.83807],[127.33559,36.83741],[127.33406,36.83235],[127.33457,36.83065],[127.3366,36.82971],[127.33936,36.83125],[127.34634,36.82933],[127.34815,36.83037],[127.35171,36.83065],[127.35607,36.82867],[127.3581,36.82542],[127.35716,36.82355],[127.3581,36.82245],[127.36565,36.81838],[127.3666,36.81695],[127.3695,36.81623],[127.37095,36.81673],[127.38148,36.81409],[127.38628,36.80963],[127.39158,36.80661],[127.39317,36.80402],[127.39746,36.79967],[127.4008,36.79907],[127.40174,36.79516],[127.39659,36.78994],[127.39499,36.78411],[127.3955,36.78246],[127.39978,36.78086],[127.40182,36.77805],[127.40196,36.77591],[127.40537,36.7742],[127.41264,36.77332],[127.41438,36.77101],[127.41387,36.77002],[127.41953,36.76177],[127.42041,36.76094],[127.41968,36.75764],[127.41518,36.7566],[127.41249,36.75742],[127.41089,36.75605],[127.41162,36.75423],[127.40959,36.75225],[127.40842,36.7522],[127.40559,36.75027],[127.40443,36.74604],[127.40189,36.7462],[127.39601,36.74791],[127.39455,36.74983],[127.39463,36.75115],[127.39252,36.75253],[127.38867,36.75346],[127.38635,36.75929],[127.38504,36.75962],[127.38257,36.75869],[127.37923,36.75907],[127.37487,36.75797],[127.37204,36.75803],[127.36856,36.76133],[127.3642,36.76139],[127.35883,36.76056],[127.35665,36.75852],[127.35534,36.75599],[127.35381,36.75467],[127.34844,36.7533],[127.34394,36.75368],[127.33552,36.75264],[127.33363,36.74868],[127.33341,36.74675],[127.3361,36.74521],[127.33748,36.74323],[127.33755,36.74158],[127.34169,36.73806],[127.34314,36.73569],[127.34256,36.73377],[127.33922,36.72975],[127.33689,36.72937],[127.33239,36.73201],[127.32963,36.73437],[127.32549,36.73366],[127.32223,36.73047],[127.3199,36.72695],[127.31729,36.72453],[127.31075,36.72381],[127.30807,36.71864],[127.30792,36.71308],[127.3061,36.7083],[127.30843,36.70483],[127.30712,36.70368],[127.30131,36.69999],[127.29463,36.69718],[127.29202,36.69729],[127.28948,36.69542],[127.28526,36.69069],[127.28134,36.69042],[127.27662,36.6919],[127.27575,36.6935],[127.2735,36.69526],[127.26522,36.69218],[127.2576,36.69273],[127.25121,36.69702],[127.24801,36.69509],[127.24569,36.69592],[127.24162,36.70131],[127.23704,36.70439],[127.23639,36.70747],[127.23429,36.70879],[127.23225,36.70907],[127.2308,36.70802],[127.22862,36.70819],[127.22361,36.71165],[127.22361,36.71572],[127.21925,36.71545],[127.21606,36.71611],[127.21228,36.71809],[127.20785,36.71902],[127.20625,36.72067],[127.2048,36.72089],[127.20313,36.72618],[127.20066,36.72656],[127.19565,36.72838],[127.19071,36.72854],[127.1873,36.72799],[127.18454,36.7297],[127.17699,36.72854],[127.17358,36.72871],[127.17125,36.73223],[127.16464,36.73382],[127.15963,36.73283],[127.15753,36.72744],[127.15477,36.72788],[127.1499,36.72596],[127.14816,36.72271],[127.14881,36.72056],[127.14504,36.71748],[127.14054,36.716],[127.13168,36.71028],[127.12957,36.71022],[127.12797,36.70797],[127.13204,36.70615],[127.13436,36.70681],[127.13618,36.70505],[127.1393,36.69823],[127.14068,36.69735],[127.14293,36.69179],[127.14177,36.68998],[127.1438,36.68899],[127.14918,36.69025],[127.15223,36.69014],[127.15666,36.69113],[127.15709,36.69564],[127.16036,36.69273],[127.16145,36.6902],[127.1608,36.68783],[127.16297,36.68304],[127.16414,36.67848],[127.16348,36.67622],[127.16254,36.676],[127.15854,36.67303],[127.15615,36.66902],[127.15484,36.66429],[127.15905,36.66137],[127.16058,36.65614],[127.1547,36.65284],[127.15317,36.6452],[127.15339,36.64371],[127.15651,36.6398],[127.15811,36.63535],[127.15629,36.63172],[127.15615,36.63001],[127.15702,36.62721],[127.16036,36.62627],[127.16014,36.62407],[127.15433,36.6239],[127.15041,36.61972],[127.15063,36.61835],[127.15499,36.61653],[127.156,36.61516],[127.15499,36.61208],[127.15549,36.60669],[127.15789,36.60636],[127.1661,36.60256],[127.17249,36.59695],[127.1727,36.59546],[127.17837,36.59689],[127.18171,36.59552],[127.18207,36.59332],[127.18454,36.59117],[127.1873,36.59233],[127.18708,36.59348],[127.18999,36.59464],[127.19137,36.59392],[127.18926,36.58683],[127.19297,36.58083],[127.19703,36.5811],[127.20037,36.58259],[127.20567,36.58077],[127.20778,36.57797],[127.2064,36.57478],[127.20371,36.57263],[127.20313,36.56746],[127.19921,36.56493],[127.19747,36.56454],[127.19376,36.56482],[127.1905,36.55954],[127.18948,36.55695],[127.18672,36.55294],[127.1873,36.55101],[127.19173,36.54683],[127.1918,36.546],[127.18701,36.54578],[127.18505,36.54364],[127.1828,36.54408],[127.1812,36.54562],[127.17866,36.54534],[127.17423,36.54221],[127.17379,36.54078],[127.17438,36.53825],[127.17263,36.53616],[127.173,36.53346],[127.17496,36.53297],[127.17575,36.5289],[127.17786,36.52719],[127.18236,36.52141],[127.17968,36.51888],[127.17401,36.51553],[127.17024,36.51173],[127.17002,36.50904],[127.17597,36.5054],[127.17757,36.50243],[127.17343,36.49919],[127.17321,36.49743],[127.17706,36.49259],[127.18004,36.49209],[127.1828,36.4933],[127.18832,36.49264],[127.19471,36.48962],[127.19485,36.48439],[127.19413,36.48433],[127.1905,36.47949],[127.19202,36.47465],[127.19478,36.46877],[127.19863,36.46563],[127.2011,36.46678],[127.20328,36.46497],[127.20473,36.4593],[127.2032,36.45611],[127.20081,36.45358],[127.19841,36.45221],[127.20132,36.44913],[127.20182,36.44632],[127.20139,36.44203],[127.19892,36.43988],[127.20052,36.43884],[127.20713,36.43614],[127.21265,36.43559],[127.21315,36.43482],[127.21773,36.43372],[127.21962,36.43075],[127.22514,36.42662],[127.22564,36.42228],[127.22695,36.42123],[127.22877,36.42277],[127.23174,36.42195],[127.23196,36.41991],[127.23625,36.41865],[127.24227,36.41859],[127.24438,36.41463],[127.25077,36.40676],[127.25752,36.40808],[127.25956,36.41034],[127.25861,36.41331],[127.25956,36.41535],[127.26239,36.41661],[127.26551,36.41716],[127.2682,36.41672],[127.27546,36.41397],[127.2772,36.41397],[127.27989,36.4154],[127.28214,36.41463],[127.28229,36.41199],[127.28062,36.40302],[127.2788,36.39868],[127.27851,36.39675],[127.27916,36.39147],[127.27807,36.38674],[127.27902,36.37953],[127.28033,36.37871],[127.28105,36.37486],[127.27938,36.37134],[127.27742,36.36864],[127.27771,36.36528],[127.27234,36.36264],[127.27059,36.36088],[127.2711,36.35742],[127.27241,36.35412],[127.27655,36.35076],[127.27786,36.349],[127.27749,36.34713],[127.27909,36.34482],[127.27241,36.34295],[127.26863,36.34102],[127.26573,36.33805],[127.26558,36.3358],[127.26783,36.33228],[127.26609,36.32853],[127.26304,36.32727],[127.25977,36.32727],[127.26072,36.3238],[127.26014,36.31946],[127.25839,36.31764],[127.25803,36.30994],[127.25861,36.30922],[127.25839,36.3035],[127.26065,36.30185],[127.25927,36.29712],[127.25985,36.29564],[127.25469,36.29619],[127.25404,36.29685],[127.25121,36.29569],[127.24968,36.29322],[127.24663,36.29096],[127.25055,36.28573],[127.25382,36.2821],[127.25418,36.28051],[127.25876,36.27605],[127.26537,36.27435],[127.26936,36.27137],[127.27967,36.26587],[127.28345,36.26477],[127.2865,36.26494],[127.29013,36.26593],[127.29187,36.26356],[127.28977,36.26219],[127.28475,36.25999],[127.28236,36.25817],[127.28236,36.25575],[127.27945,36.25245],[127.28098,36.24849],[127.28141,36.24557],[127.28033,36.24436],[127.28279,36.23892],[127.28308,36.23705],[127.28192,36.23567],[127.28628,36.23457],[127.29231,36.22978],[127.29311,36.22819],[127.2926,36.22604],[127.29383,36.22313],[127.29732,36.22153],[127.30109,36.22137],[127.30371,36.22324],[127.30276,36.22714],[127.30356,36.22973],[127.30429,36.22962],[127.3064,36.22615],[127.31133,36.22329],[127.31431,36.22214],[127.31642,36.2195],[127.31809,36.21592],[127.31961,36.21543],[127.32157,36.21295],[127.32085,36.20893],[127.32317,36.20536],[127.32397,36.20316],[127.32811,36.20409],[127.33355,36.20068],[127.33355,36.1998],[127.32978,36.19419],[127.33167,36.19298],[127.33196,36.18467],[127.33406,36.18308],[127.33552,36.18335],[127.34038,36.18891],[127.34212,36.19342],[127.34401,36.19667],[127.34757,36.19755],[127.34771,36.20101],[127.34684,36.20415],[127.34953,36.20805],[127.35294,36.21185],[127.35941,36.21394],[127.36042,36.21823],[127.3642,36.21889],[127.36456,36.22005],[127.36326,36.22335],[127.36035,36.22549],[127.3634,36.23231],[127.36195,36.23419],[127.36318,36.23859],[127.36514,36.24365],[127.36413,36.25157],[127.35999,36.25383],[127.36086,36.25647],[127.36021,36.26219],[127.36326,36.26868],[127.36667,36.26873],[127.37124,36.26989],[127.37248,36.2722],[127.37763,36.27148],[127.38352,36.26769],[127.38439,36.26664],[127.39027,36.2623],[127.39041,36.26098],[127.38867,36.25498],[127.38686,36.25322],[127.38642,36.25069],[127.38787,36.2459],[127.39085,36.24293],[127.39034,36.23952],[127.38729,36.23727],[127.38736,36.23413],[127.38976,36.23336],[127.39659,36.23215],[127.39927,36.23253],[127.40094,36.23011],[127.40312,36.22505],[127.40457,36.22291],[127.40835,36.2206],[127.41067,36.2168],[127.40799,36.21289],[127.41213,36.21141],[127.41561,36.20888],[127.41975,36.20745],[127.42229,36.20811],[127.42396,36.20602],[127.42934,36.20519],[127.43094,36.20415],[127.43355,36.19859],[127.43674,36.19854],[127.44074,36.19661],[127.44088,36.19491],[127.44372,36.19474],[127.448,36.19672],[127.45069,36.19881],[127.45584,36.20107],[127.45635,36.2036],[127.4541,36.20657],[127.45519,36.20805],[127.45926,36.20976],[127.46027,36.21289],[127.46536,36.21432],[127.46891,36.21455],[127.46942,36.21603],[127.46783,36.21708],[127.46732,36.22236],[127.47683,36.22599],[127.47799,36.22687],[127.47785,36.22967],[127.48351,36.23033],[127.48729,36.23286],[127.48997,36.23347],[127.48939,36.23573],[127.48997,36.2371],[127.49259,36.23798],[127.4992,36.23831],[127.50232,36.23776],[127.50871,36.23875],[127.51474,36.24123],[127.51815,36.24062],[127.52352,36.24535],[127.52381,36.24651],[127.52694,36.24832],[127.53042,36.24871],[127.5326,36.25091],[127.53681,36.25085],[127.53507,36.24733],[127.5379,36.24277],[127.54044,36.24183],[127.54909,36.23974],[127.54988,36.23842],[127.54611,36.22929],[127.54509,36.22841],[127.54531,36.22549],[127.54647,36.22527],[127.55286,36.22588],[127.55824,36.22753],[127.56158,36.22896],[127.56383,36.22775],[127.56571,36.22945],[127.56702,36.23198],[127.57029,36.23352],[127.57486,36.23204],[127.57958,36.23281],[127.58358,36.23127],[127.58525,36.22967],[127.58772,36.22527],[127.59033,36.22439],[127.59113,36.22164],[127.59781,36.21752],[127.5981,36.21482],[127.5973,36.213],[127.5989,36.20954],[127.59955,36.20459],[127.59774,36.2009],[127.59563,36.19909],[127.59244,36.19535],[127.59295,36.19221],[127.59629,36.18814],[127.59774,36.18489],[127.59469,36.18104],[127.59491,36.17961],[127.59309,36.17736],[127.59636,36.17433],[127.59861,36.17378],[127.60144,36.16905],[127.60123,36.16118],[127.60166,36.16003],[127.59868,36.15513],[127.59505,36.1526],[127.59353,36.15018],[127.5904,36.14336],[127.59113,36.13951],[127.59091,36.13731],[127.58946,36.13428],[127.59258,36.1301],[127.59897,36.1235],[127.60319,36.12064],[127.60551,36.11822],[127.61008,36.11855],[127.61074,36.11612],[127.61335,36.11156],[127.61633,36.11156],[127.61909,36.10886],[127.61902,36.1071],[127.61691,36.1049],[127.61735,36.09753],[127.61727,36.09357],[127.61923,36.09071],[127.6233,36.09071],[127.6278,36.08658],[127.62976,36.08383],[127.63296,36.08136],[127.63463,36.07673],[127.63419,36.0736],[127.63768,36.06947],[127.63819,36.06821],[127.63797,36.06667],[127.63289,36.06683],[127.62933,36.0665],[127.62352,36.06716],[127.62054,36.06419],[127.62061,36.05963],[127.61865,36.05264],[127.61851,36.05016],[127.61967,36.04736],[127.61967,36.04428],[127.61851,36.04191],[127.61909,36.03916],[127.62381,36.04125],[127.62512,36.0423],[127.62737,36.04263],[127.63056,36.04213],[127.63143,36.04109],[127.63194,36.03635],[127.63427,36.03459],[127.63703,36.03509],[127.63971,36.03223],[127.63499,36.02953],[127.63267,36.03146],[127.63027,36.03245],[127.62751,36.03146],[127.62693,36.02689],[127.62526,36.0253],[127.62214,36.02453],[127.61655,36.02634],[127.61132,36.0259],[127.6103,36.02442],[127.61096,36.02233],[127.61364,36.02145],[127.61647,36.01908],[127.61865,36.00797],[127.61597,36.00285],[127.61415,36.00082],[127.61059,36.00104],[127.60979,36.00494],[127.6066,36.00813],[127.60769,36.00995],[127.6066,36.01193],[127.60006,36.01193],[127.59788,36.01682],[127.59629,36.01902],[127.59208,36.02051],[127.5912,36.02513],[127.58975,36.02607],[127.58648,36.02596],[127.58256,36.02722],[127.5806,36.02524],[127.57777,36.02387],[127.5745,36.02332],[127.57051,36.02689],[127.56775,36.03047],[127.5663,36.03124],[127.55903,36.03344],[127.55533,36.03239],[127.55221,36.03278],[127.55126,36.03481],[127.54683,36.03806],[127.54451,36.03883],[127.54095,36.03811],[127.53529,36.03999],[127.53369,36.04092],[127.53144,36.04087],[127.53079,36.03894],[127.53202,36.03459],[127.53565,36.03399],[127.53689,36.03261],[127.53739,36.02706],[127.53885,36.0259],[127.53812,36.02365],[127.53616,36.02139],[127.53616,36.01996],[127.53761,36.01583],[127.53972,36.01242],[127.5387,36.01055],[127.53304,36.00962],[127.53217,36.00753],[127.5342,36.00494],[127.53609,36.00049],[127.53667,35.99647],[127.53362,35.99201],[127.53057,35.99053],[127.52592,35.98745],[127.5244,35.98514],[127.5236,35.98552],[127.51997,35.98376],[127.51336,35.98321],[127.50973,35.98118],[127.50885,35.9798],[127.50675,35.97963],[127.50239,35.98382],[127.50203,35.98618],[127.49934,35.98739],[127.4944,35.98618],[127.49034,35.98233],[127.48925,35.97936],[127.48772,35.97826],[127.48518,35.97991],[127.48097,35.98068],[127.47661,35.98101],[127.47596,35.98057],[127.47218,35.98343],[127.46833,35.98811],[127.46623,35.98811],[127.4639,35.98393],[127.45671,35.98327],[127.45483,35.98508],[127.45483,35.98728],[127.45323,35.98838],[127.44858,35.99317],[127.44909,35.99449],[127.44815,35.99894],[127.44415,36.00357],[127.44459,36.00637],[127.44357,36.00808],[127.4403,36.00797],[127.4374,36.00912],[127.43747,36.01193],[127.43522,36.01462],[127.43711,36.0193],[127.43674,36.02299],[127.43493,36.02601],[127.43457,36.02948],[127.42934,36.02772],[127.42592,36.02612],[127.42302,36.02343],[127.41961,36.02271],[127.41685,36.01969],[127.41496,36.01649],[127.41343,36.01517],[127.4093,36.01374],[127.40733,36.01424],[127.40356,36.01044],[127.40123,36.00874],[127.3968,36.01066],[127.39405,36.01336],[127.39332,36.01594],[127.39187,36.01704],[127.38962,36.01622],[127.38795,36.01847],[127.38388,36.02128],[127.38163,36.02139],[127.37647,36.02293],[127.37683,36.02882],[127.37821,36.03063],[127.37553,36.03333],[127.37357,36.03454],[127.37277,36.03817],[127.37386,36.03949],[127.37364,36.04109],[127.37052,36.04565],[127.36631,36.04851],[127.36318,36.05225],[127.36086,36.05363],[127.36006,36.05643],[127.36151,36.05913],[127.36057,36.0615],[127.3618,36.06375],[127.3642,36.06546],[127.36405,36.06826],[127.36006,36.06865],[127.35912,36.07074],[127.36079,36.07272],[127.36173,36.07618],[127.36013,36.07982],[127.35824,36.08141],[127.35694,36.08152],[127.35723,36.08691],[127.35991,36.08834],[127.36006,36.08939],[127.35628,36.0923],[127.34946,36.09511],[127.34771,36.09825],[127.34946,36.10028],[127.35047,36.10397],[127.35381,36.10628],[127.3549,36.10831],[127.35309,36.11359],[127.35047,36.1164],[127.34437,36.11789],[127.34074,36.12427],[127.33987,36.12751],[127.34009,36.129],[127.33849,36.13048],[127.3353,36.12949],[127.33036,36.1296],[127.32811,36.13081],[127.32281,36.13065],[127.32281,36.12696],[127.31939,36.12421],[127.31852,36.11976],[127.31533,36.1191],[127.3109,36.12042],[127.30908,36.12168],[127.30886,36.12366],[127.30538,36.12581],[127.30429,36.12498],[127.30167,36.1252],[127.2971,36.12273],[127.29514,36.11783],[127.29441,36.1137],[127.29245,36.11227],[127.28933,36.11282],[127.28526,36.11216],[127.27626,36.10804],[127.27343,36.10727],[127.26486,36.1087],[127.26159,36.11057],[127.2597,36.11288],[127.25389,36.11249],[127.25215,36.11315],[127.25019,36.10925],[127.25033,36.10738],[127.24619,36.10479],[127.24561,36.101],[127.24605,36.09643],[127.24765,36.09368],[127.24983,36.09274],[127.25367,36.08922],[127.25469,36.08746],[127.25266,36.08488],[127.24874,36.08306],[127.24605,36.08345],[127.24235,36.08526],[127.2393,36.08818],[127.23516,36.09401],[127.23182,36.09659],[127.22593,36.09913],[127.22339,36.09869],[127.22201,36.09692],[127.21954,36.0967],[127.21845,36.09748],[127.21388,36.09792],[127.21199,36.10067],[127.20487,36.10017],[127.20415,36.09797],[127.20451,36.09648],[127.20379,36.09362],[127.2011,36.09225],[127.20074,36.08988],[127.20226,36.08845],[127.19805,36.08581],[127.1934,36.08664],[127.19035,36.08801],[127.19028,36.08917],[127.18694,36.0923],[127.18244,36.09467],[127.17866,36.09423],[127.17706,36.09093],[127.17096,36.08708],[127.17074,36.0846],[127.16878,36.084],[127.1645,36.08543],[127.16109,36.08394],[127.15833,36.0835],[127.15368,36.08477],[127.15273,36.08559],[127.15121,36.09005],[127.14576,36.09027],[127.13966,36.08785],[127.13676,36.08614],[127.13516,36.08416],[127.13371,36.08114],[127.13429,36.07756],[127.13371,36.06936],[127.13211,36.06689],[127.13059,36.0659],[127.1263,36.06502],[127.12267,36.06359],[127.11744,36.06744],[127.11555,36.06766],[127.11265,36.06925],[127.10938,36.07217],[127.10546,36.07327],[127.10205,36.0758],[127.09573,36.07393],[127.09384,36.07481],[127.09181,36.07365],[127.09036,36.07178],[127.08883,36.07321],[127.08781,36.07558],[127.08447,36.07717],[127.07482,36.08482],[127.07169,36.08466],[127.06872,36.08796],[127.06617,36.08917],[127.06116,36.089],[127.06312,36.09186],[127.06029,36.09505],[127.06036,36.10397],[127.06102,36.10545],[127.05848,36.10886],[127.05898,36.11079],[127.05811,36.11288],[127.05695,36.1131],[127.05724,36.11601],[127.06109,36.11717],[127.06298,36.1252],[127.0608,36.12603],[127.05608,36.1268],[127.05514,36.12784],[127.05564,36.1301],[127.05071,36.13092],[127.05005,36.13252],[127.04533,36.13527],[127.04555,36.13863],[127.04417,36.14325],[127.04482,36.14611],[127.0425,36.14649],[127.04083,36.1422],[127.03974,36.14154],[127.0396,36.1383],[127.03538,36.13901],[127.03081,36.13769],[127.02994,36.13665],[127.0234,36.13665],[127.0205,36.13813],[127.01708,36.14704],[127.01578,36.14864],[127.0136,36.14682],[127.01127,36.14583],[127.0067,36.14737],[127.00641,36.15012],[127.00532,36.15062],[127.00133,36.14798],[126.99806,36.14682],[126.99385,36.14682],[126.98586,36.1477],[126.98201,36.14781],[126.97722,36.14853],[126.97148,36.15106],[126.96306,36.15629],[126.95659,36.15656],[126.94447,36.15353],[126.93873,36.15062],[126.93437,36.14682],[126.93132,36.14292],[126.93198,36.1427],[126.92246,36.13852],[126.9197,36.13632],[126.91469,36.13576],[126.91106,36.13659],[126.90699,36.13989],[126.90082,36.14242],[126.89523,36.14242],[126.88978,36.13967],[126.88775,36.13797],[126.88223,36.13131],[126.88005,36.12559],[126.87802,36.11932],[126.87381,36.11046],[126.8741,36.10369],[126.87395,36.09742],[126.8733,36.08565],[126.87112,36.07156],[126.87083,36.06738],[126.86807,36.06243],[126.86371,36.06012],[126.85885,36.05875],[126.84055,36.05297],[126.82973,36.05187],[126.82109,36.04994],[126.81891,36.04824],[126.81419,36.04131],[126.80838,36.03575],[126.80584,36.03437],[126.80279,36.03355],[126.79386,36.03212],[126.78442,36.03135],[126.76975,36.02964],[126.76169,36.02601],[126.75668,36.02629],[126.74803,36.02574],[126.74607,36.02326],[126.74382,36.0188],[126.74164,36.0122],[126.73779,36.00269],[126.73649,36.00043],[126.73206,36.00208],[126.73024,36.00324],[126.72654,36.00038],[126.72443,36.00005],[126.70773,36.00538],[126.70127,36.00643],[126.69488,36.00676],[126.68391,36.00775],[126.68391,36.00863],[126.6765,36.00923],[126.67527,36.00896],[126.67149,36.00588],[126.66794,36.00423],[126.66423,36.00626],[126.66307,36.0094],[126.66125,36.01138],[126.66234,36.01462],[126.66387,36.01468],[126.66423,36.0209],[126.66307,36.02585],[126.66169,36.02893],[126.66648,36.02887],[126.66873,36.03118],[126.66554,36.03443],[126.65857,36.04444],[126.65646,36.04598],[126.64964,36.04763],[126.64847,36.05],[126.64586,36.05368],[126.64463,36.05676],[126.64012,36.05632],[126.63686,36.05522],[126.63119,36.05467],[126.6317,36.05781],[126.63126,36.06254],[126.63235,36.07151],[126.63184,36.07453],[126.62996,36.0785],[126.62785,36.08037],[126.62407,36.08064],[126.62313,36.07872],[126.62008,36.0769],[126.61892,36.07756],[126.62023,36.08119],[126.62277,36.08081],[126.62415,36.08449],[126.628,36.08334],[126.63054,36.08163],[126.63272,36.08163],[126.6362,36.08405],[126.64201,36.08675],[126.64579,36.08895],[126.64673,36.0884],[126.64615,36.09126],[126.6447,36.09395],[126.64303,36.09384],[126.63961,36.09076],[126.63642,36.09318],[126.63359,36.09324],[126.63235,36.09148],[126.63054,36.09159],[126.63068,36.09417],[126.63199,36.09461],[126.63243,36.09792],[126.63105,36.0999],[126.62357,36.10144],[126.62088,36.10226],[126.61674,36.10204],[126.61384,36.09692],[126.61209,36.09648],[126.60759,36.10056],[126.60824,36.10287],[126.60585,36.1087],[126.60737,36.11051],[126.60403,36.11084],[126.60251,36.11211],[126.59953,36.11893],[126.59604,36.12218],[126.59314,36.12685],[126.59125,36.12861],[126.58515,36.13092],[126.58232,36.13257],[126.58014,36.1351],[126.57622,36.13824],[126.56961,36.14033],[126.5678,36.13945],[126.56308,36.13285],[126.55988,36.1296],[126.55596,36.12845],[126.55472,36.13268],[126.55494,36.13483],[126.55029,36.14],[126.54398,36.14501],[126.5378,36.14842],[126.53272,36.14996],[126.52393,36.15188],[126.5203,36.15232],[126.51399,36.15183],[126.50701,36.15034],[126.50592,36.14798],[126.50113,36.14138],[126.50404,36.12933],[126.50658,36.12845],[126.50258,36.12867],[126.49997,36.13004],[126.49707,36.13318],[126.49423,36.13334],[126.49293,36.13659],[126.49314,36.14847],[126.49285,36.15865],[126.49975,36.15931],[126.5007,36.15651],[126.50171,36.15651],[126.50607,36.15942],[126.50803,36.1603],[126.51217,36.15893],[126.5166,36.15887],[126.51907,36.16019],[126.52205,36.16327],[126.52619,36.16943],[126.5256,36.1713],[126.52669,36.17433],[126.52648,36.17631],[126.52357,36.18203],[126.52364,36.18528],[126.52451,36.18687],[126.53642,36.20173],[126.53788,36.20178],[126.53759,36.20508],[126.53613,36.21047],[126.53316,36.21625],[126.53047,36.21933],[126.5304,36.22241],[126.53098,36.22511],[126.53105,36.23044],[126.5304,36.23193],[126.53032,36.23749],[126.52902,36.23831],[126.53018,36.23991],[126.53497,36.24348],[126.53642,36.24574],[126.53976,36.24805],[126.54042,36.25052],[126.53715,36.25162],[126.54013,36.26087],[126.5439,36.26037],[126.54616,36.26087],[126.54761,36.2623],[126.5479,36.2667],[126.54078,36.27748],[126.53918,36.27765],[126.53889,36.27523],[126.53526,36.276],[126.53533,36.27798],[126.53686,36.27886],[126.53737,36.28238],[126.52822,36.29608],[126.52815,36.29712],[126.52379,36.29971],[126.5211,36.3002],[126.51892,36.29767],[126.51689,36.2991],[126.51812,36.30152],[126.51507,36.30779],[126.51282,36.3117],[126.50338,36.32468],[126.50433,36.3298],[126.50484,36.3287],[126.50781,36.32765],[126.51507,36.32754],[126.51595,36.32815],[126.51616,36.33233],[126.51972,36.33525],[126.5256,36.33563],[126.53083,36.33734],[126.53809,36.33888],[126.54325,36.33893],[126.54456,36.33992],[126.5479,36.34465],[126.55044,36.34691],[126.55567,36.34922],[126.55973,36.35032],[126.55981,36.35318],[126.54601,36.35489],[126.53664,36.3611],[126.5272,36.3671],[126.52517,36.36869],[126.52001,36.37381],[126.51595,36.37502],[126.50956,36.38113],[126.50592,36.37948],[126.5028,36.37937],[126.50041,36.38096],[126.50157,36.38294],[126.50346,36.38355],[126.50767,36.3836],[126.50868,36.38553],[126.50803,36.38652],[126.50665,36.38421],[126.49518,36.38333],[126.49336,36.38289],[126.48842,36.38333],[126.48595,36.38234],[126.48196,36.38283],[126.47985,36.38476],[126.48044,36.38707],[126.48457,36.39351],[126.48407,36.39543],[126.48654,36.39939],[126.48697,36.40137],[126.48654,36.40445],[126.48733,36.40808],[126.48944,36.41496],[126.49242,36.41766],[126.49343,36.41964],[126.49779,36.41964],[126.50012,36.42189],[126.49612,36.42349],[126.49518,36.42547],[126.49721,36.42679],[126.50033,36.42607],[126.50302,36.42635],[126.50585,36.42761],[126.50941,36.43119],[126.51028,36.4329],[126.51486,36.43499],[126.51704,36.43834],[126.52328,36.44021],[126.52604,36.43955],[126.53011,36.43994],[126.53163,36.44098],[126.52669,36.44555],[126.52451,36.44544],[126.52386,36.44434],[126.52154,36.4434],[126.52052,36.44423],[126.515,36.44214],[126.50948,36.43856],[126.50454,36.4346],[126.50077,36.43257],[126.49852,36.43257],[126.4967,36.43378],[126.49634,36.43867],[126.4975,36.44126],[126.49997,36.44269],[126.50026,36.44483],[126.49249,36.44835],[126.48668,36.45479],[126.48755,36.45567],[126.489,36.45941],[126.48821,36.462],[126.48617,36.46288],[126.48552,36.46469],[126.48668,36.46634],[126.48922,36.46728],[126.48995,36.46844],[126.48871,36.47135],[126.4861,36.47157],[126.48392,36.47278],[126.48102,36.47773],[126.48123,36.48312],[126.47993,36.49061],[126.47935,36.49154],[126.48036,36.49567],[126.48145,36.49671],[126.48247,36.50122],[126.4832,36.50716],[126.48298,36.5141],[126.48211,36.51608],[126.4829,36.51894],[126.48436,36.52174],[126.48806,36.52647],[126.48632,36.52945],[126.48022,36.53456],[126.47891,36.53605],[126.47499,36.53819],[126.47259,36.53891],[126.47208,36.53797],[126.46954,36.53896],[126.46729,36.53781],[126.46678,36.53649],[126.46802,36.53407],[126.46678,36.53407],[126.4662,36.53665],[126.46903,36.53929],[126.4686,36.54105],[126.46519,36.54463],[126.4641,36.54667],[126.46439,36.54843],[126.46947,36.55618],[126.47143,36.55959],[126.46736,36.56471],[126.46736,36.56933],[126.46373,36.57659],[126.46475,36.57923],[126.46431,36.58308],[126.46272,36.58578],[126.45785,36.58914],[126.45531,36.59541],[126.42336,36.60614],[126.41355,36.60559],[126.41072,36.60377],[126.41043,36.6063],[126.41363,36.60597],[126.41602,36.60839],[126.41602,36.61087],[126.41421,36.61499],[126.39845,36.61901],[126.38589,36.61939],[126.3816,36.62055],[126.38015,36.62236],[126.37507,36.62385],[126.37361,36.62181],[126.37376,36.62044],[126.37216,36.62077],[126.37093,36.62264],[126.37158,36.62385],[126.37405,36.62429],[126.37405,36.62572],[126.37136,36.62583],[126.36969,36.6244],[126.36693,36.62468],[126.3657,36.62688],[126.35648,36.62368],[126.35488,36.62242],[126.35466,36.61928],[126.35364,36.61868],[126.34842,36.61807],[126.33999,36.61582],[126.33542,36.61868],[126.33273,36.61631],[126.33491,36.61472],[126.33534,36.61175],[126.33208,36.61021],[126.32859,36.60674],[126.32881,36.60531],[126.32489,36.60168],[126.32147,36.60041],[126.32009,36.59777],[126.3198,36.59469],[126.31675,36.59057],[126.31399,36.58837],[126.31036,36.59431],[126.30717,36.59541],[126.30325,36.59359],[126.30274,36.5926],[126.30303,36.58897],[126.29577,36.58644],[126.29482,36.58523],[126.29221,36.58479],[126.28872,36.59095],[126.28517,36.59161],[126.28313,36.59387],[126.28517,36.59618],[126.28807,36.59827],[126.2888,36.60267],[126.28749,36.61076],[126.28771,36.61659],[126.28669,36.62005],[126.28408,36.62088],[126.28306,36.6222],[126.28502,36.62385],[126.28546,36.62126],[126.28669,36.62027],[126.2888,36.6151],[126.29025,36.6156],[126.29787,36.62038],[126.30114,36.6266],[126.30136,36.63084],[126.301,36.63843],[126.29838,36.64498],[126.29591,36.65207],[126.29315,36.65691],[126.29446,36.65785],[126.29272,36.65944],[126.28945,36.66511],[126.28429,36.67171],[126.27994,36.67369],[126.27318,36.67243],[126.26897,36.67276],[126.2657,36.67144],[126.26454,36.67369],[126.26643,36.68018],[126.26556,36.68365],[126.26352,36.68453],[126.26302,36.68959],[126.26127,36.69388],[126.262,36.6968],[126.26679,36.70043],[126.27311,36.70346],[126.27289,36.7056],[126.271,36.71138],[126.27093,36.71418],[126.27217,36.71561],[126.27369,36.71996],[126.27057,36.72607],[126.27108,36.72761],[126.27289,36.7286],[126.2742,36.72667],[126.2795,36.72854],[126.27943,36.72992],[126.27696,36.73047],[126.27631,36.73261],[126.27522,36.7314],[126.27304,36.73135],[126.26941,36.72992],[126.2657,36.72651],[126.26461,36.72475],[126.25859,36.72012],[126.25757,36.71776],[126.253,36.71814],[126.2522,36.71737],[126.25154,36.71385],[126.25067,36.71396],[126.2482,36.71825],[126.23702,36.71836],[126.23506,36.71814],[126.23353,36.71055],[126.23448,36.70676],[126.23709,36.70599],[126.23869,36.70648],[126.24021,36.70555],[126.23869,36.70257],[126.23462,36.70269],[126.23077,36.70032],[126.23223,36.69592],[126.23063,36.69504],[126.22765,36.69526],[126.22257,36.69366],[126.21966,36.69328],[126.21429,36.69421],[126.20942,36.69322],[126.2079,36.69157],[126.20863,36.6897],[126.20804,36.68794],[126.20165,36.68646],[126.19875,36.68459],[126.19664,36.68095],[126.19875,36.67892],[126.19635,36.67435],[126.19432,36.67633],[126.19236,36.67644],[126.18916,36.67556],[126.18444,36.67782],[126.18089,36.67842],[126.17907,36.6782],[126.17827,36.67611],[126.1758,36.67622],[126.17348,36.67919],[126.17115,36.6798],[126.16956,36.67875],[126.16302,36.67809],[126.16004,36.67875],[126.15561,36.67776],[126.15227,36.67974],[126.15358,36.68244],[126.15169,36.68772],[126.15039,36.69355],[126.15148,36.69773],[126.14915,36.70186],[126.14683,36.70285],[126.1506,36.70494],[126.15808,36.70538],[126.15997,36.70582],[126.16324,36.70797],[126.16288,36.71055],[126.15983,36.71105],[126.16542,36.71462],[126.16571,36.71627],[126.16723,36.71721],[126.17689,36.71424],[126.1803,36.71446],[126.18386,36.71347],[126.18481,36.71083],[126.19011,36.70885],[126.19454,36.70643],[126.19933,36.70538],[126.20732,36.70522],[126.2087,36.7067],[126.21393,36.70863],[126.2177,36.71083],[126.22308,36.71776],[126.22337,36.71985],[126.2225,36.72238],[126.21487,36.72728],[126.20834,36.72453],[126.20492,36.72194],[126.20209,36.72128],[126.2034,36.7264],[126.20572,36.72827],[126.20783,36.72876],[126.20993,36.73091],[126.21197,36.73454],[126.21306,36.73883],[126.21153,36.74103],[126.20913,36.73877],[126.20587,36.73657],[126.20086,36.73679],[126.19563,36.73866],[126.19243,36.74224],[126.18902,36.74488],[126.18684,36.74571],[126.18546,36.7451],[126.18219,36.74692],[126.18575,36.74846],[126.18394,36.74901],[126.18597,36.75022],[126.18495,36.75324],[126.17544,36.75429],[126.17261,36.75583],[126.17232,36.75731],[126.16636,36.7583],[126.1668,36.7572],[126.16004,36.755],[126.15888,36.75555],[126.15845,36.75654],[126.15598,36.7566],[126.14087,36.75407],[126.14095,36.7533],[126.14465,36.75016],[126.1461,36.75038],[126.14763,36.74769],[126.14995,36.74802],[126.14922,36.74521],[126.14995,36.74285],[126.15184,36.73993],[126.15169,36.73333],[126.14944,36.72904],[126.14516,36.72953],[126.14305,36.72898],[126.14189,36.72706],[126.14145,36.7242],[126.13644,36.72089],[126.13332,36.71732],[126.12889,36.71583],[126.12642,36.71292],[126.12366,36.70764],[126.12156,36.70742],[126.1196,36.70852],[126.12039,36.71094],[126.12192,36.71209],[126.12083,36.71418],[126.12533,36.71561],[126.12693,36.71776],[126.12664,36.7188],[126.12395,36.7199],[126.12461,36.72172],[126.12403,36.72304],[126.12185,36.72381],[126.1217,36.72579],[126.12548,36.72656],[126.1249,36.72898],[126.12591,36.73157],[126.12904,36.73399],[126.13347,36.73894],[126.13441,36.74092],[126.13405,36.74378],[126.13187,36.74543],[126.13151,36.74664],[126.13405,36.7478],[126.13332,36.75049],[126.12983,36.75275],[126.12272,36.75286],[126.12119,36.75511],[126.12395,36.75847],[126.11989,36.7605],[126.12185,36.76452],[126.12076,36.7654],[126.11596,36.76733],[126.11321,36.76909],[126.11161,36.77217],[126.11386,36.77387],[126.11669,36.77283],[126.11466,36.77041],[126.11524,36.76953],[126.11734,36.76964],[126.11938,36.77101],[126.12047,36.77398],[126.12671,36.77475],[126.12795,36.77277],[126.13114,36.77431],[126.13078,36.77591],[126.12904,36.77805],[126.13354,36.77508],[126.13557,36.77596],[126.1347,36.77954],[126.13259,36.78075],[126.13238,36.78229],[126.13056,36.78323],[126.13063,36.78708],[126.13281,36.78581],[126.13332,36.78422],[126.13731,36.78339],[126.13898,36.78372],[126.14174,36.78554],[126.14443,36.78862],[126.14603,36.79148],[126.14603,36.79428],[126.14429,36.79401],[126.14247,36.79533],[126.14429,36.7961],[126.14646,36.79522],[126.14777,36.79681],[126.14951,36.80127],[126.14973,36.80369],[126.14596,36.80408],[126.14748,36.806],[126.14305,36.80875],[126.14661,36.81046],[126.15111,36.81139],[126.15336,36.81046],[126.15467,36.81161],[126.15489,36.81343],[126.15198,36.81436],[126.14937,36.81651],[126.15496,36.81623],[126.15685,36.81761],[126.15714,36.82003],[126.15634,36.82124],[126.1607,36.82702],[126.15968,36.82966],[126.15046,36.834],[126.14675,36.8362],[126.14545,36.83774],[126.14646,36.8389],[126.14922,36.83884],[126.15126,36.83659],[126.15344,36.83708],[126.15518,36.83879],[126.15496,36.84182],[126.15191,36.84314],[126.14915,36.84572],[126.14988,36.84627],[126.15307,36.84402],[126.15605,36.84369],[126.1575,36.84732],[126.15859,36.84864],[126.15954,36.84754],[126.15997,36.8422],[126.1623,36.84077],[126.16578,36.84033],[126.16731,36.84215],[126.17108,36.84072],[126.16927,36.83973],[126.16752,36.8373],[126.16723,36.8356],[126.16796,36.83329],[126.16629,36.83059],[126.17072,36.82454],[126.17341,36.82509],[126.17449,36.8246],[126.17188,36.81992],[126.17239,36.81442],[126.17137,36.81365],[126.17188,36.81178],[126.17675,36.81024],[126.179,36.81233],[126.18401,36.81293],[126.18575,36.81447],[126.18495,36.81645],[126.18168,36.81998],[126.18597,36.82102],[126.18844,36.82454],[126.18713,36.82768],[126.18459,36.82982],[126.18168,36.82911],[126.18001,36.82955],[126.17551,36.83197],[126.18764,36.83956],[126.19272,36.84424],[126.19722,36.85078],[126.19853,36.8559],[126.19759,36.85799],[126.19563,36.85959],[126.1933,36.8581],[126.19185,36.85837],[126.19105,36.86146],[126.19229,36.86371],[126.19033,36.86745],[126.188,36.86877],[126.18553,36.86839],[126.18379,36.86707],[126.18437,36.86949],[126.18604,36.87048],[126.18815,36.86993],[126.19062,36.87119],[126.19178,36.87559],[126.19163,36.87708],[126.18786,36.88126],[126.18597,36.88258],[126.17965,36.88368],[126.1774,36.88368],[126.17689,36.88456],[126.18132,36.88797],[126.18495,36.88825],[126.1896,36.88803],[126.19207,36.88632],[126.1949,36.88693],[126.19751,36.88858],[126.19911,36.89056],[126.1981,36.8932],[126.20086,36.89424],[126.20318,36.90046],[126.20224,36.90343],[126.20267,36.90486],[126.20529,36.9047],[126.2079,36.90266],[126.20587,36.90129],[126.20834,36.89958],[126.21306,36.89969],[126.21611,36.90107],[126.2177,36.90409],[126.22191,36.9058],[126.22939,36.90728],[126.23462,36.90772],[126.23549,36.90987],[126.24094,36.91058],[126.24334,36.91124],[126.24486,36.91333],[126.24944,36.91399],[126.25191,36.91306],[126.24857,36.9113],[126.24791,36.90948],[126.25793,36.9053],[126.26229,36.90382],[126.26643,36.90184],[126.27652,36.89782],[126.27899,36.89876],[126.28074,36.90178],[126.28364,36.89909],[126.28872,36.89914],[126.2925,36.90107],[126.29192,36.90206],[126.28974,36.90112],[126.28495,36.90398],[126.28408,36.90882],[126.28517,36.91185],[126.28836,36.91526],[126.29156,36.92219],[126.28996,36.9234],[126.29417,36.92929],[126.29243,36.93528],[126.28923,36.93638],[126.28996,36.94068],[126.29141,36.94337],[126.28967,36.94475],[126.28909,36.947],[126.29047,36.9508],[126.29047,36.95245],[126.28742,36.95509],[126.28749,36.95735],[126.28473,36.96329],[126.28575,36.96923],[126.28654,36.96961],[126.29264,36.96983],[126.29468,36.9695],[126.29722,36.97132],[126.29889,36.97445],[126.2994,36.97666],[126.30172,36.97792],[126.3047,36.97847],[126.30397,36.97511],[126.30521,36.97374],[126.3039,36.96774],[126.29824,36.9667],[126.29526,36.96532],[126.29206,36.96285],[126.29221,36.96219],[126.29664,36.96153],[126.30049,36.96142],[126.30543,36.96191],[126.31022,36.95613],[126.31007,36.95465],[126.30855,36.95305],[126.30448,36.94673],[126.30172,36.94409],[126.30172,36.94134],[126.30477,36.9355],[126.30833,36.9305],[126.30956,36.92962],[126.3039,36.92456],[126.30107,36.92247],[126.30034,36.91928],[126.3023,36.91691],[126.30586,36.91476],[126.30833,36.91256],[126.30833,36.90954],[126.31341,36.90503],[126.3193,36.90332],[126.32082,36.896],[126.31959,36.8943],[126.31937,36.89199],[126.32242,36.89078],[126.32656,36.89023],[126.33077,36.89215],[126.32953,36.88731],[126.32605,36.88528],[126.31799,36.88704],[126.3132,36.88352],[126.31269,36.88066],[126.31334,36.87735],[126.31182,36.87339],[126.30971,36.87213],[126.30572,36.86718],[126.30354,36.86668],[126.30216,36.86316],[126.30419,36.85959],[126.30288,36.85815],[126.29976,36.85716],[126.29562,36.85282],[126.2954,36.8499],[126.29337,36.84303],[126.29504,36.84176],[126.30187,36.84105],[126.30688,36.83906],[126.31283,36.83851],[126.31697,36.83736],[126.3153,36.83285],[126.31298,36.83142],[126.31044,36.83169],[126.30419,36.8301],[126.29729,36.82603],[126.29569,36.82443],[126.2888,36.82333],[126.2856,36.82355],[126.28371,36.82537],[126.28277,36.82504],[126.28074,36.81788],[126.28444,36.81607],[126.28654,36.81645],[126.28887,36.81392],[126.28734,36.8104],[126.28654,36.80584],[126.28727,36.79951],[126.2909,36.79802],[126.29315,36.79819],[126.29737,36.80325],[126.29562,36.80441],[126.29497,36.80617],[126.30463,36.81458],[126.30695,36.81519],[126.31247,36.81315],[126.31857,36.8142],[126.3214,36.81744],[126.32242,36.81981],[126.32423,36.81766],[126.32983,36.81425],[126.33164,36.81563],[126.33295,36.81409],[126.33745,36.81629],[126.33745,36.81788],[126.33012,36.823],[126.32583,36.83015],[126.32765,36.83433],[126.32663,36.83642],[126.32445,36.83648],[126.32118,36.83774],[126.31973,36.8389],[126.31784,36.84308],[126.32329,36.84633],[126.32474,36.84798],[126.3254,36.85656],[126.32786,36.86085],[126.33295,36.86344],[126.33331,36.86217],[126.33738,36.86052],[126.34072,36.86041],[126.34362,36.86195],[126.34769,36.86085],[126.34616,36.85926],[126.34508,36.85628],[126.34522,36.85348],[126.34224,36.8488],[126.34319,36.84627],[126.34537,36.84396],[126.34813,36.84418],[126.35074,36.84105],[126.3519,36.83862],[126.35226,36.8351],[126.35495,36.83252],[126.36294,36.83125],[126.36534,36.82982],[126.36584,36.83417],[126.3617,36.83851],[126.35938,36.84149],[126.35829,36.84556],[126.35836,36.84913],[126.36301,36.85067],[126.36584,36.85491],[126.37042,36.85755],[126.37187,36.868],[126.36962,36.87196],[126.36446,36.87559],[126.36446,36.87653],[126.36788,36.87884],[126.36977,36.87823],[126.37485,36.87928],[126.37543,36.88181],[126.37935,36.88225],[126.38298,36.88203],[126.38436,36.88099],[126.38915,36.88055],[126.39736,36.88049],[126.39852,36.8811],[126.39961,36.88407],[126.39656,36.88693],[126.39525,36.88753],[126.39649,36.8899],[126.39605,36.89298],[126.39918,36.89298],[126.40368,36.89078],[126.40557,36.89138],[126.40774,36.89633],[126.41007,36.89705],[126.4113,36.89441],[126.41457,36.8938],[126.41922,36.89672],[126.42183,36.89898],[126.42452,36.89848],[126.42931,36.89832],[126.43106,36.8987],[126.43236,36.90107],[126.43207,36.90266],[126.43069,36.90327],[126.42684,36.90684],[126.42111,36.90657],[126.41631,36.9069],[126.41493,36.90789],[126.41065,36.90816],[126.40905,36.90992],[126.41225,36.91256],[126.40978,36.91729],[126.40789,36.91873],[126.40469,36.91917],[126.40448,36.92137],[126.40673,36.92137],[126.40883,36.91917],[126.41348,36.91961],[126.41617,36.92291],[126.41777,36.92346],[126.42009,36.92681],[126.4206,36.93143],[126.41893,36.93743],[126.41827,36.9355],[126.41849,36.93292],[126.41602,36.93132],[126.40862,36.93605],[126.40557,36.93253],[126.40027,36.93264],[126.40041,36.93424],[126.39881,36.9355],[126.39605,36.93545],[126.39308,36.93209],[126.38974,36.92709],[126.38865,36.92742],[126.39017,36.93],[126.38879,36.93204],[126.38494,36.93567],[126.38226,36.93655],[126.38226,36.94172],[126.3803,36.9453],[126.37499,36.94579],[126.37332,36.94711],[126.36824,36.947],[126.36642,36.94623],[126.36243,36.942],[126.35996,36.93881],[126.35735,36.94123],[126.35786,36.94491],[126.35953,36.94755],[126.3617,36.94871],[126.362,36.94975],[126.35873,36.95294],[126.35372,36.95091],[126.35088,36.95267],[126.3519,36.9558],[126.35132,36.95977],[126.3498,36.96175],[126.33767,36.96065],[126.33571,36.95993],[126.33317,36.96114],[126.33382,36.96499],[126.33607,36.96692],[126.33651,36.96939],[126.33455,36.96983],[126.3336,36.97137],[126.33484,36.97357],[126.33738,36.96835],[126.34348,36.96675],[126.34776,36.96681],[126.35118,36.96873],[126.35684,36.96901],[126.36272,36.96851],[126.36584,36.96648],[126.3681,36.96378],[126.36722,36.96197],[126.37042,36.96026],[126.3739,36.9623],[126.37608,36.96505],[126.37507,36.9667],[126.37703,36.96857],[126.38146,36.96906],[126.38669,36.96752],[126.38865,36.96983],[126.38647,36.97363],[126.38407,36.97418],[126.38153,36.97297],[126.37717,36.97319],[126.37587,36.97533],[126.3771,36.97588],[126.37979,36.98012],[126.37463,36.9826],[126.37056,36.9826],[126.36519,36.97902],[126.36345,36.97979],[126.36258,36.98276],[126.36069,36.98172],[126.35582,36.98067],[126.35045,36.98106],[126.34326,36.98436],[126.33985,36.98535],[126.33302,36.98485],[126.33055,36.98546],[126.32772,36.99079],[126.32728,36.99718],[126.32757,36.9996],[126.32903,36.99998],[126.33251,36.99674],[126.35212,37.0046],[126.35219,37.00576],[126.35619,37.01104],[126.35909,37.01219],[126.36025,37.01115],[126.36047,37.0068],[126.36149,37.00653],[126.37964,37.00928],[126.38197,37.01043],[126.38342,37.01219],[126.39003,37.01159],[126.40629,37.01208],[126.40811,37.01252],[126.40891,37.0139],[126.41203,37.01428],[126.41232,37.01214],[126.41769,37.01219],[126.41748,37.01731],[126.41835,37.01494],[126.42583,37.01522],[126.43106,37.01368],[126.43062,37.01247],[126.43752,37.01049],[126.4365,37.00774],[126.44529,37.00691],[126.4495,37.00625],[126.45211,37.0068],[126.45335,37.0002],[126.45437,36.99894],[126.45967,37.00174],[126.46976,37.00636],[126.47027,37.0084],[126.46344,37.01786],[126.46126,37.01803],[126.46018,37.02006],[126.46235,37.02259],[126.46417,37.02193],[126.47107,37.02848],[126.46882,37.02996],[126.47005,37.032],[126.47303,37.03486],[126.48908,37.05951],[126.49503,37.05973],[126.49663,37.06094],[126.4983,37.06495],[126.49997,37.06468],[126.51355,37.06127],[126.51929,37.05929],[126.51871,37.0572],[126.52045,37.05577],[126.52292,37.05527],[126.52756,37.0485],[126.52706,37.04449],[126.52807,37.04317],[126.54013,37.03761],[126.541,37.03563],[126.54594,37.03414],[126.54957,37.0342],[126.55465,37.0353],[126.55952,37.03706],[126.56119,37.03668],[126.55843,37.03486],[126.55865,37.03277],[126.56235,37.02892],[126.56707,37.02738],[126.57143,37.02721],[126.57106,37.02556],[126.57477,37.02375],[126.57745,37.0243],[126.58079,37.02375],[126.5837,37.0227],[126.60222,37.01467],[126.61144,37.01087],[126.62582,37.00471],[126.62814,37.00345],[126.63446,37.00125],[126.64049,36.99998],[126.64426,36.99954],[126.68093,36.99844],[126.68391,36.998],[126.68732,36.9991],[126.69219,36.99905],[126.6948,37.00042]],[[126.48799,36.50854],[126.4914,36.50838],[126.49205,36.51102],[126.49169,36.51278],[126.49409,36.51679],[126.49881,36.52097],[126.49939,36.52284],[126.50556,36.524],[126.50745,36.52202],[126.51123,36.51938],[126.51878,36.52042],[126.5195,36.5196],[126.52255,36.51894],[126.52401,36.5196],[126.53127,36.51355],[126.53926,36.50584],[126.54056,36.50397],[126.54499,36.50403],[126.55029,36.50496],[126.55973,36.50496],[126.56308,36.50579],[126.56162,36.50827],[126.56104,36.51305],[126.55988,36.51492],[126.55944,36.51921],[126.55973,36.52108],[126.55915,36.52427],[126.55828,36.52422],[126.55894,36.52114],[126.55828,36.51613],[126.56053,36.51091],[126.55865,36.50799],[126.5561,36.50639],[126.55327,36.50645],[126.5471,36.50733],[126.54274,36.5092],[126.53715,36.51289],[126.53352,36.51685],[126.52902,36.52075],[126.52321,36.52262],[126.51754,36.524],[126.51275,36.52312],[126.5121,36.52692],[126.5105,36.52846],[126.50454,36.53159],[126.50149,36.53176],[126.49452,36.52614],[126.48995,36.52152],[126.48595,36.51927],[126.48356,36.51685],[126.48421,36.51014],[126.48472,36.5092],[126.48799,36.50854]],[[126.61521,36.4883],[126.61471,36.48609],[126.611,36.48285],[126.60302,36.47938],[126.60149,36.47911],[126.59938,36.47669],[126.5874,36.47526],[126.58464,36.47922],[126.57738,36.48092],[126.57513,36.48197],[126.57382,36.48345],[126.57114,36.48389],[126.56968,36.48257],[126.57012,36.47949],[126.56852,36.479],[126.56743,36.48065],[126.56671,36.48433],[126.56148,36.48406],[126.56032,36.48318],[126.56148,36.48048],[126.56111,36.47812],[126.55465,36.47476],[126.55211,36.47289],[126.54543,36.47234],[126.53904,36.46601],[126.53824,36.4631],[126.53417,36.45958],[126.53519,36.45683],[126.52887,36.45743],[126.52698,36.45633],[126.52481,36.4516],[126.52756,36.44946],[126.52619,36.44731],[126.52793,36.44511],[126.53316,36.44038],[126.53882,36.44351],[126.53715,36.44582],[126.53795,36.44863],[126.54209,36.4505],[126.5434,36.44891],[126.54485,36.44857],[126.54906,36.45001],[126.55117,36.45292],[126.55175,36.45474],[126.55124,36.45765],[126.54964,36.45881],[126.54942,36.46117],[126.54993,36.46552],[126.55342,36.46579],[126.55618,36.46761],[126.55603,36.46629],[126.55785,36.46271],[126.55625,36.45749],[126.55182,36.45474],[126.55255,36.45281],[126.55523,36.45155],[126.55915,36.45056],[126.56554,36.4521],[126.56685,36.45463],[126.56533,36.4576],[126.56613,36.45908],[126.56903,36.46123],[126.56954,36.46497],[126.56729,36.46585],[126.56707,36.47036],[126.56838,36.47185],[126.57535,36.47531],[126.57695,36.47317],[126.57912,36.47168],[126.58849,36.46871],[126.59169,36.46926],[126.59554,36.47185],[126.59771,36.47251],[126.60127,36.47262],[126.60287,36.47328],[126.61115,36.47949],[126.61282,36.48274],[126.61471,36.48477],[126.61703,36.48912],[126.61572,36.49083],[126.61877,36.49462],[126.6171,36.49446],[126.61521,36.49198],[126.61521,36.4883]],[[126.51958,36.33492],[126.51631,36.33222],[126.52139,36.33228],[126.52495,36.33305],[126.52829,36.33547],[126.52067,36.33541],[126.51958,36.33492]]]]}},{"type":"Feature","id":"52","properties":{"sido_code":"52","sido_name":"전북특별자치도","name_eng":"Jeollabuk-do","kostat_code":"35","base_year":"2018"},"geometry":{"type":"MultiPolygon","coordinates":[[[[126.69982,35.99575],[126.70127,35.99542],[126.70025,35.99333],[126.69146,35.98838],[126.68674,35.98668],[126.68122,35.98558],[126.67767,35.98558],[126.67244,35.98613],[126.65799,35.98624],[126.65588,35.98728],[126.6577,35.99047],[126.66903,35.99047],[126.67963,35.99146],[126.69183,35.99449],[126.69982,35.99575]]],[[[127.63819,36.06821],[127.63826,36.06859],[127.64458,36.06683],[127.64843,36.0626],[127.64908,36.05797],[127.65162,36.05748],[127.65445,36.05588],[127.6554,36.05198],[127.65794,36.04692],[127.65939,36.03966],[127.66092,36.03817],[127.6644,36.03751],[127.66905,36.03867],[127.67275,36.04164],[127.67174,36.04323],[127.67181,36.04846],[127.66978,36.05137],[127.67435,36.05473],[127.68081,36.05825],[127.68553,36.06221],[127.68902,36.06265],[127.69076,36.05803],[127.69316,36.05792],[127.69505,36.05875],[127.69592,36.05429],[127.69606,36.05038],[127.69527,36.04879],[127.69505,36.04593],[127.69643,36.04109],[127.69846,36.03949],[127.7002,36.03657],[127.70362,36.03443],[127.7116,36.03591],[127.71705,36.03459],[127.71916,36.03184],[127.72504,36.03239],[127.72664,36.03173],[127.73085,36.03234],[127.73484,36.03234],[127.73731,36.02981],[127.73942,36.02574],[127.74145,36.0248],[127.74254,36.0253],[127.74356,36.02849],[127.74733,36.0297],[127.74973,36.02805],[127.75147,36.02579],[127.75387,36.02403],[127.75975,36.02563],[127.76164,36.02519],[127.76266,36.02156],[127.75931,36.01594],[127.75939,36.01495],[127.76157,36.0133],[127.76607,36.0122],[127.76883,36.01253],[127.77529,36.01539],[127.78001,36.01633],[127.78364,36.01644],[127.78764,36.01451],[127.78989,36.01693],[127.79083,36.0188],[127.79519,36.02211],[127.79729,36.02502],[127.80107,36.02662],[127.8055,36.02596],[127.81109,36.02739],[127.81893,36.02893],[127.81981,36.02981],[127.83041,36.03525],[127.83847,36.0363],[127.83912,36.03586],[127.84631,36.03922],[127.85277,36.03911],[127.85568,36.03294],[127.86062,36.03146],[127.86359,36.02783],[127.86432,36.02568],[127.86773,36.02376],[127.87674,36.02249],[127.87529,36.01594],[127.87572,36.00879],[127.87797,36.00632],[127.87863,36.00274],[127.87826,36.00104],[127.8763,36.00016],[127.87558,35.99691],[127.87972,35.9941],[127.8811,35.99421],[127.8877,35.99058],[127.89322,35.98679],[127.89417,35.98464],[127.8917,35.98332],[127.88959,35.97963],[127.89163,35.9787],[127.89511,35.97842],[127.89635,35.97765],[127.89693,35.97408],[127.89642,35.9716],[127.89889,35.96836],[127.90121,35.96176],[127.9023,35.95691],[127.90397,35.95411],[127.91007,35.95125],[127.91138,35.94916],[127.91014,35.94591],[127.90825,35.94272],[127.90608,35.94063],[127.89896,35.9376],[127.89656,35.93573],[127.89569,35.93419],[127.88996,35.93183],[127.88531,35.93128],[127.88226,35.92886],[127.88226,35.92732],[127.88364,35.92479],[127.88255,35.91923],[127.88436,35.91741],[127.88792,35.91505],[127.88785,35.91208],[127.88509,35.9096],[127.8795,35.90988],[127.87732,35.90768],[127.87071,35.90432],[127.86701,35.90421],[127.8641,35.90663],[127.85989,35.90663],[127.85837,35.90421],[127.85815,35.9019],[127.85887,35.89986],[127.85829,35.897],[127.85706,35.89497],[127.85074,35.89007],[127.85365,35.88132],[127.85103,35.87764],[127.8498,35.87698],[127.84675,35.87791],[127.84486,35.8756],[127.84421,35.87236],[127.8445,35.86933],[127.84174,35.86625],[127.83498,35.86691],[127.83273,35.86889],[127.82954,35.86911],[127.82656,35.86834],[127.82322,35.86647],[127.81944,35.86251],[127.81944,35.85965],[127.81726,35.85915],[127.8145,35.85679],[127.81436,35.85387],[127.81189,35.85387],[127.80928,35.85508],[127.8071,35.85712],[127.80434,35.85871],[127.80027,35.85569],[127.79207,35.85239],[127.78756,35.85261],[127.78379,35.85085],[127.77914,35.84722],[127.77921,35.84573],[127.77725,35.84325],[127.77275,35.83957],[127.76883,35.8383],[127.76433,35.83885],[127.76099,35.83737],[127.75779,35.83676],[127.75409,35.83896],[127.75256,35.84138],[127.74973,35.84254],[127.74581,35.84342],[127.74443,35.84441],[127.74131,35.83935],[127.73804,35.83517],[127.73833,35.83176],[127.73949,35.82972],[127.73862,35.82708],[127.73557,35.82532],[127.73245,35.82092],[127.73223,35.81839],[127.73114,35.81487],[127.72969,35.813],[127.72526,35.81316],[127.72344,35.81069],[127.72424,35.8059],[127.72337,35.80408],[127.72083,35.80232],[127.71937,35.79732],[127.71451,35.79473],[127.70943,35.79138],[127.70652,35.79204],[127.70028,35.78912],[127.69977,35.78824],[127.6928,35.78274],[127.68481,35.77768],[127.68437,35.77498],[127.68125,35.77212],[127.67943,35.76849],[127.67573,35.77086],[127.66978,35.77135],[127.6684,35.77108],[127.66586,35.76882],[127.6623,35.76084],[127.66368,35.75595],[127.66186,35.74918],[127.66317,35.74605],[127.66317,35.74159],[127.66041,35.73746],[127.66251,35.73207],[127.6623,35.7285],[127.6631,35.72486],[127.66143,35.7203],[127.6607,35.71991],[127.6599,35.71584],[127.66099,35.7099],[127.65743,35.70583],[127.65547,35.70638],[127.64944,35.70379],[127.64973,35.70143],[127.64559,35.69879],[127.64371,35.6951],[127.64182,35.6929],[127.6424,35.68988],[127.64029,35.68674],[127.64066,35.68443],[127.63906,35.67898],[127.63913,35.67645],[127.64044,35.67282],[127.63906,35.66991],[127.63514,35.66704],[127.62897,35.66402],[127.62795,35.6622],[127.62947,35.65665],[127.62214,35.65104],[127.62279,35.64999],[127.62207,35.64812],[127.62011,35.64614],[127.61989,35.64273],[127.6212,35.6402],[127.6233,35.63959],[127.62446,35.63805],[127.62425,35.63178],[127.6257,35.62914],[127.62926,35.62479],[127.63187,35.6232],[127.63536,35.61847],[127.63303,35.61748],[127.631,35.61775],[127.62737,35.61654],[127.62562,35.61489],[127.62141,35.61511],[127.61873,35.6122],[127.61749,35.60983],[127.6143,35.60934],[127.61241,35.60686],[127.61306,35.60438],[127.61212,35.59888],[127.60885,35.59773],[127.60747,35.59492],[127.60805,35.59107],[127.60972,35.58925],[127.61117,35.58392],[127.6103,35.58298],[127.60798,35.58276],[127.60631,35.58161],[127.60682,35.58007],[127.60486,35.57759],[127.60348,35.57787],[127.59919,35.57583],[127.59607,35.57369],[127.59469,35.57033],[127.59237,35.56686],[127.58881,35.56477],[127.58728,35.55702],[127.58489,35.55388],[127.59026,35.55399],[127.59338,35.5513],[127.59382,35.54948],[127.60043,35.54502],[127.60239,35.54469],[127.60653,35.54288],[127.60929,35.54084],[127.60921,35.53903],[127.61205,35.53595],[127.61553,35.53551],[127.61698,35.5365],[127.61916,35.53661],[127.62069,35.53386],[127.62475,35.53369],[127.62867,35.536],[127.62882,35.53375],[127.62599,35.53237],[127.62533,35.53138],[127.62504,35.52692],[127.62635,35.5245],[127.63107,35.52049],[127.63427,35.52043],[127.63456,35.51691],[127.63303,35.51526],[127.63427,35.51207],[127.6363,35.51174],[127.63703,35.50904],[127.64182,35.50492],[127.64414,35.50008],[127.64705,35.49804],[127.65039,35.49788],[127.65002,35.49133],[127.65075,35.48902],[127.65307,35.48687],[127.65053,35.48572],[127.64102,35.48022],[127.63739,35.47928],[127.63659,35.47818],[127.63782,35.47428],[127.63768,35.47125],[127.63565,35.46223],[127.63666,35.45937],[127.63971,35.45568],[127.64254,35.45299],[127.64516,35.44913],[127.64981,35.45161],[127.65336,35.45161],[127.65787,35.44864],[127.66114,35.44754],[127.66419,35.44792],[127.66774,35.44908],[127.67275,35.44781],[127.67384,35.44468],[127.67065,35.43962],[127.66745,35.43813],[127.6652,35.43566],[127.66615,35.43213],[127.66578,35.4274],[127.66353,35.42619],[127.66324,35.42113],[127.66048,35.41442],[127.65685,35.41393],[127.64886,35.40622],[127.64647,35.40265],[127.64342,35.4016],[127.63949,35.40133],[127.6363,35.39918],[127.6318,35.3923],[127.6273,35.38812],[127.62526,35.38471],[127.6249,35.3824],[127.62562,35.3769],[127.62127,35.37222],[127.62011,35.37145],[127.61263,35.36892],[127.61023,35.3659],[127.61168,35.36144],[127.61146,35.3588],[127.61226,35.35583],[127.61437,35.3539],[127.61582,35.34994],[127.62061,35.34725],[127.6233,35.34219],[127.62265,35.33856],[127.6209,35.33492],[127.62076,35.33256],[127.61517,35.33074],[127.60769,35.32502],[127.60653,35.32068],[127.60478,35.31837],[127.59186,35.31149],[127.58568,35.30912],[127.57958,35.30956],[127.57748,35.3089],[127.57327,35.31149],[127.56782,35.31853],[127.56049,35.32106],[127.55482,35.322],[127.55228,35.3248],[127.54226,35.32849],[127.54153,35.33366],[127.53979,35.33476],[127.53434,35.33503],[127.53093,35.33603],[127.52853,35.33889],[127.5265,35.34312],[127.52447,35.34488],[127.52207,35.34598],[127.51786,35.34659],[127.51662,35.3473],[127.51401,35.35115],[127.51205,35.35225],[127.50936,35.35269],[127.50689,35.35396],[127.50428,35.35682],[127.50203,35.35836],[127.49789,35.3599],[127.48569,35.35836],[127.48075,35.36161],[127.47836,35.36397],[127.47414,35.36414],[127.47073,35.36535],[127.46594,35.36353],[127.4626,35.36337],[127.46194,35.36392],[127.45824,35.36353],[127.45381,35.36073],[127.44372,35.36095],[127.44139,35.3621],[127.44139,35.36386],[127.43747,35.36265],[127.43595,35.36117],[127.43086,35.35809],[127.42651,35.35412],[127.42258,35.35121],[127.42142,35.35088],[127.42048,35.34846],[127.42019,35.34521],[127.41772,35.34147],[127.41656,35.34092],[127.41576,35.33729],[127.41155,35.33217],[127.40879,35.32755],[127.40516,35.32381],[127.40116,35.32271],[127.3992,35.31985],[127.39913,35.31688],[127.39666,35.31424],[127.39274,35.31275],[127.39245,35.31044],[127.39317,35.30918],[127.39267,35.30736],[127.38954,35.30599],[127.38889,35.30439],[127.38453,35.30247],[127.3801,35.30368],[127.37836,35.30808],[127.37662,35.31132],[127.37066,35.31462],[127.36768,35.31418],[127.36333,35.31639],[127.3581,35.32112],[127.35425,35.32238],[127.34634,35.31837],[127.33515,35.31539],[127.33036,35.31462],[127.33036,35.31215],[127.32644,35.30923],[127.32557,35.3105],[127.32346,35.30742],[127.31968,35.30637],[127.31453,35.30604],[127.30988,35.3045],[127.3061,35.30461],[127.30458,35.30527],[127.29877,35.30962],[127.29514,35.31088],[127.29093,35.31336],[127.28672,35.31402],[127.27895,35.31385],[127.27212,35.31303],[127.2666,35.31369],[127.26333,35.31319],[127.26159,35.3122],[127.25716,35.31248],[127.25309,35.31451],[127.25084,35.31815],[127.24714,35.32101],[127.24344,35.32282],[127.23871,35.32772],[127.23552,35.3292],[127.2337,35.33256],[127.23218,35.33366],[127.22717,35.33399],[127.22078,35.33481],[127.217,35.33113],[127.21562,35.32799],[127.21569,35.32442],[127.21272,35.31738],[127.20974,35.31556],[127.20422,35.31556],[127.19907,35.31666],[127.19674,35.3193],[127.18774,35.32255],[127.18476,35.32612],[127.18389,35.32986],[127.18454,35.33305],[127.18679,35.33619],[127.18621,35.33696],[127.1836,35.33459],[127.1804,35.33289],[127.173,35.33047],[127.17118,35.33289],[127.16806,35.33201],[127.16479,35.32937],[127.16007,35.32706],[127.15419,35.3209],[127.15172,35.31787],[127.15063,35.31787],[127.14678,35.31539],[127.14671,35.31088],[127.14547,35.30896],[127.1438,35.30841],[127.13908,35.30934],[127.13008,35.30846],[127.12688,35.30659],[127.1271,35.30505],[127.12601,35.30324],[127.12456,35.30346],[127.11868,35.30131],[127.11548,35.29961],[127.11345,35.29988],[127.10524,35.29922],[127.10292,35.3001],[127.10219,35.30137],[127.09675,35.30181],[127.08927,35.3067],[127.08244,35.3089],[127.08121,35.31006],[127.07184,35.31242],[127.06893,35.31143],[127.06465,35.31347],[127.06247,35.31666],[127.06087,35.31732],[127.05303,35.31716],[127.05092,35.31672],[127.0462,35.31859],[127.04308,35.32189],[127.04446,35.32403],[127.04722,35.32563],[127.051,35.32942],[127.05129,35.33525],[127.0523,35.34026],[127.05528,35.34109],[127.05811,35.33839],[127.0624,35.33625],[127.06508,35.33652],[127.07031,35.33982],[127.06748,35.34549],[127.06988,35.35143],[127.06784,35.35473],[127.06523,35.35589],[127.06523,35.35776],[127.06719,35.35864],[127.0706,35.36524],[127.06864,35.36628],[127.0669,35.36821],[127.06356,35.36991],[127.06436,35.37602],[127.06196,35.37701],[127.06124,35.37883],[127.05797,35.38147],[127.05761,35.38268],[127.05506,35.38284],[127.05056,35.37806],[127.04729,35.37718],[127.03909,35.38015],[127.04018,35.38251],[127.03872,35.38482],[127.03466,35.38785],[127.03045,35.3901],[127.02747,35.39467],[127.02703,35.39984],[127.03328,35.40001],[127.0417,35.39874],[127.0433,35.39935],[127.04693,35.40221],[127.04729,35.40468],[127.04511,35.40721],[127.04606,35.40919],[127.04795,35.41558],[127.04824,35.41855],[127.0523,35.42652],[127.04904,35.43109],[127.04482,35.43318],[127.04018,35.4318],[127.03734,35.43384],[127.03829,35.43769],[127.03734,35.4389],[127.03684,35.44528],[127.03502,35.44765],[127.03495,35.457],[127.03655,35.45981],[127.03473,35.46657],[127.03074,35.4652],[127.02347,35.46399],[127.0173,35.45909],[127.01432,35.45783],[127.01222,35.46014],[127.00989,35.46168],[127.003,35.46448],[126.99951,35.46212],[126.99806,35.45733],[127.00053,35.45398],[126.99828,35.44732],[126.99457,35.43978],[126.98956,35.43912],[126.98528,35.43676],[126.98339,35.43373],[126.98368,35.43246],[126.98165,35.42663],[126.97693,35.42812],[126.97141,35.42768],[126.97017,35.42306],[126.97032,35.41981],[126.97148,35.41464],[126.97388,35.41128],[126.97598,35.40727],[126.97656,35.40358],[126.97649,35.40072],[126.9738,35.39995],[126.97112,35.3983],[126.97017,35.39698],[126.96313,35.39495],[126.95746,35.39632],[126.95427,35.39665],[126.94991,35.39533],[126.94483,35.39445],[126.94171,35.39429],[126.93866,35.39511],[126.93539,35.39456],[126.93306,35.39583],[126.93001,35.40017],[126.93212,35.4016],[126.93314,35.40606],[126.93001,35.406],[126.92014,35.40309],[126.91949,35.40193],[126.91745,35.40215],[126.91658,35.4049],[126.91978,35.40996],[126.91636,35.41563],[126.91513,35.41607],[126.91113,35.41497],[126.90881,35.41541],[126.90896,35.41827],[126.90779,35.42003],[126.90307,35.42064],[126.90184,35.423],[126.90257,35.42691],[126.90402,35.42801],[126.90431,35.42971],[126.9014,35.43043],[126.89777,35.43279],[126.89748,35.43494],[126.89901,35.43637],[126.90511,35.44083],[126.90017,35.44226],[126.89676,35.44798],[126.89254,35.44957],[126.88688,35.45045],[126.88361,35.45166],[126.8826,35.45453],[126.88114,35.4559],[126.87846,35.45596],[126.87584,35.45733],[126.87483,35.45942],[126.8701,35.46151],[126.86321,35.46118],[126.85885,35.46239],[126.85653,35.46415],[126.85028,35.46575],[126.84258,35.46388],[126.84004,35.46223],[126.83794,35.46454],[126.84164,35.46696],[126.8412,35.47147],[126.84186,35.47461],[126.84309,35.47615],[126.84331,35.47835],[126.84207,35.47906],[126.83459,35.47967],[126.83046,35.48082],[126.82871,35.48379],[126.82835,35.48572],[126.8269,35.48665],[126.82334,35.48693],[126.81789,35.4861],[126.8139,35.48418],[126.81281,35.47615],[126.81477,35.47334],[126.81397,35.46877],[126.80366,35.46795],[126.79712,35.46822],[126.79233,35.46762],[126.78855,35.46839],[126.78187,35.47064],[126.77287,35.46806],[126.77091,35.46718],[126.76488,35.46707],[126.76292,35.4663],[126.75776,35.46228],[126.75537,35.45623],[126.74949,35.45133],[126.74811,35.45056],[126.74513,35.45122],[126.74099,35.45299],[126.73772,35.44952],[126.74092,35.44583],[126.74208,35.44286],[126.74382,35.44066],[126.74716,35.44039],[126.74934,35.43912],[126.75188,35.43505],[126.75152,35.42278],[126.75413,35.418],[126.75421,35.41651],[126.74985,35.41624],[126.74767,35.41426],[126.74629,35.41145],[126.74448,35.40919],[126.73772,35.406],[126.7362,35.40342],[126.72777,35.40061],[126.72538,35.40089],[126.72247,35.39995],[126.72204,35.39852],[126.72414,35.39698],[126.72668,35.39698],[126.72966,35.39462],[126.73024,35.39005],[126.73126,35.38801],[126.7322,35.38317],[126.73126,35.38103],[126.73126,35.3769],[126.72777,35.37387],[126.72618,35.3709],[126.72247,35.36683],[126.71935,35.36496],[126.71085,35.36419],[126.7094,35.36529],[126.70461,35.36513],[126.70308,35.35941],[126.70032,35.35192],[126.69938,35.35011],[126.69684,35.34967],[126.69183,35.35143],[126.68754,35.34769],[126.68573,35.34422],[126.68231,35.34714],[126.67861,35.34835],[126.67491,35.34862],[126.66939,35.35148],[126.66641,35.35148],[126.6643,35.34813],[126.66438,35.34571],[126.66176,35.34549],[126.66009,35.34422],[126.66075,35.33993],[126.65908,35.33636],[126.6537,35.32865],[126.65174,35.32684],[126.64702,35.32849],[126.64426,35.32722],[126.64651,35.32541],[126.64666,35.32293],[126.64477,35.3198],[126.64179,35.32084],[126.63032,35.3204],[126.6264,35.32134],[126.62436,35.32299],[126.62117,35.32409],[126.60759,35.33206],[126.60418,35.33564],[126.60251,35.33454],[126.59931,35.33058],[126.59554,35.32942],[126.58704,35.3308],[126.58493,35.33019],[126.58319,35.32838],[126.58123,35.32299],[126.58225,35.32057],[126.58152,35.31743],[126.58283,35.31572],[126.58501,35.31738],[126.58944,35.31743],[126.58922,35.31253],[126.58856,35.30731],[126.58493,35.30076],[126.58137,35.30362],[126.57811,35.30346],[126.57615,35.30489],[126.57586,35.30659],[126.57273,35.31017],[126.56838,35.31127],[126.56402,35.30951],[126.56097,35.31187],[126.55777,35.3116],[126.55581,35.31259],[126.55313,35.31215],[126.55109,35.31369],[126.54812,35.31347],[126.54405,35.31006],[126.5394,35.31061],[126.53236,35.30676],[126.52967,35.30923],[126.52953,35.31259],[126.52669,35.31275],[126.52437,35.31396],[126.52328,35.31539],[126.52393,35.31628],[126.52292,35.32112],[126.52059,35.3253],[126.51399,35.32711],[126.5134,35.32948],[126.51566,35.32948],[126.51747,35.33415],[126.51718,35.3385],[126.5182,35.3401],[126.52045,35.34741],[126.51994,35.34956],[126.51725,35.35104],[126.51384,35.35644],[126.51275,35.36205],[126.50825,35.36166],[126.50324,35.35814],[126.49859,35.35275],[126.49648,35.34989],[126.49358,35.35038],[126.49213,35.35412],[126.49612,35.35759],[126.49583,35.36172],[126.49641,35.3665],[126.49648,35.37101],[126.49772,35.37233],[126.49663,35.37404],[126.49111,35.37531],[126.48624,35.37756],[126.48356,35.3802],[126.4829,35.38466],[126.48123,35.38565],[126.47739,35.3862],[126.48196,35.38972],[126.48487,35.39016],[126.48973,35.39384],[126.4906,35.39517],[126.49147,35.40017],[126.49097,35.40446],[126.49278,35.40804],[126.49285,35.40925],[126.49067,35.41255],[126.48741,35.41431],[126.48036,35.42102],[126.47927,35.42553],[126.47964,35.42652],[126.47601,35.42933],[126.47339,35.42702],[126.46853,35.42515],[126.46417,35.42537],[126.45575,35.42685],[126.45335,35.42691],[126.45023,35.4279],[126.44761,35.42977],[126.44732,35.43401],[126.4458,35.43538],[126.44122,35.43566],[126.43512,35.43235],[126.43156,35.43213],[126.42982,35.4329],[126.42873,35.435],[126.43084,35.43698],[126.43381,35.44154],[126.43657,35.44776],[126.43534,35.44974],[126.43912,35.45029],[126.44246,35.45519],[126.44689,35.46096],[126.45168,35.46806],[126.45437,35.47252],[126.45807,35.4778],[126.46047,35.48038],[126.46206,35.48038],[126.46177,35.4822],[126.46976,35.49705],[126.47237,35.50222],[126.47405,35.50651],[126.4776,35.50954],[126.48269,35.51834],[126.48356,35.5212],[126.48639,35.52258],[126.48748,35.51741],[126.49111,35.5118],[126.49605,35.50992],[126.49372,35.51466],[126.49402,35.51664],[126.49721,35.5168],[126.49801,35.51746],[126.49866,35.52065],[126.50128,35.52439],[126.51268,35.5305],[126.51791,35.53298],[126.51979,35.53336],[126.52539,35.53221],[126.52619,35.53479],[126.53287,35.53463],[126.54056,35.53413],[126.54325,35.53265],[126.54165,35.52758],[126.54427,35.52731],[126.54369,35.52995],[126.54753,35.53457],[126.54971,35.53364],[126.54877,35.53749],[126.55146,35.53842],[126.55233,35.53677],[126.55545,35.53655],[126.56003,35.54007],[126.5577,35.542],[126.55995,35.54326],[126.56199,35.54161],[126.56765,35.54299],[126.57586,35.54282],[126.58116,35.54458],[126.58261,35.54376],[126.58602,35.54348],[126.58813,35.54255],[126.59488,35.54079],[126.59546,35.54007],[126.59357,35.53732],[126.59234,35.53347],[126.59299,35.53127],[126.59539,35.52973],[126.59568,35.53077],[126.59416,35.53199],[126.59394,35.53474],[126.59721,35.53804],[126.59975,35.54332],[126.59779,35.54436],[126.60686,35.55482],[126.60861,35.55757],[126.61079,35.55751],[126.61376,35.56648],[126.61405,35.57044],[126.61739,35.57044],[126.61834,35.56928],[126.624,35.56824],[126.62691,35.57138],[126.62604,35.57347],[126.63322,35.57473],[126.63649,35.57303],[126.64245,35.5722],[126.64492,35.57253],[126.64935,35.57077],[126.65414,35.56554],[126.6569,35.56356],[126.66336,35.5579],[126.66801,35.55267],[126.67273,35.55113],[126.67389,35.5497],[126.67418,35.54645],[126.67549,35.54623],[126.67636,35.54766],[126.67585,35.54975],[126.67222,35.55317],[126.66859,35.55399],[126.66677,35.55537],[126.66481,35.5601],[126.66423,35.56609],[126.66815,35.5662],[126.66786,35.5689],[126.66968,35.57],[126.67229,35.56961],[126.67251,35.57099],[126.66823,35.57253],[126.66481,35.57594],[126.66452,35.5782],[126.66075,35.58529],[126.65755,35.58689],[126.65116,35.58062],[126.62734,35.58606],[126.62066,35.58837],[126.61877,35.58826],[126.61783,35.58689],[126.6089,35.58639],[126.60403,35.58645],[126.59357,35.59008],[126.59278,35.58837],[126.5858,35.58793],[126.58094,35.5887],[126.5752,35.59041],[126.57135,35.58898],[126.563,35.58749],[126.55756,35.58491],[126.54717,35.58414],[126.54608,35.58606],[126.53214,35.58073],[126.52923,35.5793],[126.51914,35.57957],[126.51667,35.58067],[126.5174,35.58304],[126.51747,35.58617],[126.51515,35.58766],[126.51311,35.58628],[126.51057,35.58293],[126.51224,35.57924],[126.50868,35.57919],[126.50375,35.58238],[126.50004,35.58304],[126.49844,35.58392],[126.49968,35.5854],[126.49539,35.58628],[126.49358,35.5854],[126.49184,35.5859],[126.48777,35.58975],[126.48871,35.59113],[126.48719,35.59575],[126.48428,35.59828],[126.47942,35.60163],[126.47542,35.60334],[126.47492,35.60207],[126.47288,35.60202],[126.4702,35.60295],[126.46773,35.60075],[126.46802,35.59833],[126.46649,35.59866],[126.46569,35.60053],[126.46577,35.60317],[126.46765,35.60229],[126.46809,35.60317],[126.46736,35.60598],[126.46475,35.6095],[126.46344,35.61016],[126.46047,35.6095],[126.45988,35.61049],[126.46141,35.6155],[126.46301,35.61852],[126.46344,35.61803],[126.46969,35.61863],[126.46932,35.62342],[126.46388,35.62303],[126.46642,35.62633],[126.46925,35.62798],[126.46867,35.63145],[126.46707,35.6347],[126.46373,35.63475],[126.46192,35.63349],[126.45756,35.6358],[126.45821,35.63789],[126.45959,35.63673],[126.46199,35.63756],[126.4654,35.63981],[126.46562,35.64328],[126.47049,35.64273],[126.47753,35.64377],[126.48102,35.64537],[126.4832,35.64762],[126.48487,35.64829],[126.489,35.65175],[126.49213,35.65538],[126.49612,35.65736],[126.49932,35.65698],[126.5036,35.65978],[126.51028,35.66556],[126.51311,35.66616],[126.51791,35.67018],[126.519,35.67178],[126.51892,35.6737],[126.52096,35.67623],[126.52473,35.67843],[126.52626,35.67783],[126.52553,35.67563],[126.52727,35.67618],[126.53105,35.68735],[126.53425,35.69059],[126.53759,35.69043],[126.54071,35.69098],[126.54557,35.69307],[126.55073,35.69598],[126.55494,35.69697],[126.55639,35.6978],[126.54078,35.71601],[126.53345,35.72475],[126.52953,35.72773],[126.52807,35.7269],[126.53091,35.72481],[126.53011,35.72464],[126.52684,35.72707],[126.52793,35.72883],[126.52408,35.73185],[126.52146,35.73119],[126.52023,35.73169],[126.5182,35.73658],[126.51014,35.75364],[126.50222,35.76998],[126.48327,35.80997],[126.48203,35.81195],[126.48109,35.81129],[126.47971,35.81311],[126.48225,35.8152],[126.48639,35.81608],[126.48654,35.81542],[126.48334,35.81388],[126.48508,35.81107],[126.48799,35.8048],[126.49358,35.79435],[126.49394,35.79198],[126.50774,35.76299],[126.51123,35.75611],[126.51573,35.74665],[126.5195,35.73807],[126.52299,35.73592],[126.52444,35.73268],[126.52727,35.73092],[126.53076,35.73141],[126.5317,35.73081],[126.53236,35.72822],[126.53548,35.72497],[126.55814,35.69824],[126.56082,35.69796],[126.56692,35.69422],[126.56649,35.69213],[126.56939,35.68641],[126.57157,35.69021],[126.57244,35.6907],[126.56997,35.69164],[126.56903,35.69279],[126.57615,35.69961],[126.5805,35.70088],[126.58,35.70247],[126.58421,35.70721],[126.58573,35.7082],[126.58762,35.70743],[126.58922,35.7082],[126.5943,35.71194],[126.59742,35.71463],[126.60229,35.72035],[126.60643,35.72784],[126.61158,35.73361],[126.61115,35.73603],[126.61551,35.7384],[126.62865,35.74907],[126.62778,35.75617],[126.6256,35.77801],[126.62727,35.78065],[126.62669,35.78235],[126.62436,35.78461],[126.62139,35.78659],[126.62153,35.78758],[126.62502,35.79061],[126.62691,35.79484],[126.63148,35.79946],[126.63257,35.80007],[126.63649,35.79935],[126.63765,35.79853],[126.63794,35.7949],[126.6394,35.79391],[126.64332,35.79396],[126.6516,35.79204],[126.65319,35.79193],[126.69008,35.79561],[126.69372,35.79754],[126.69793,35.79809],[126.70679,35.79649],[126.69154,35.82532],[126.69008,35.83253],[126.69001,35.84144],[126.68878,35.84199],[126.68348,35.84204],[126.68108,35.85415],[126.67977,35.85921],[126.6765,35.86988],[126.67454,35.88914],[126.66757,35.88358],[126.66227,35.88353],[126.65864,35.88485],[126.64738,35.88424],[126.64099,35.88435],[126.63584,35.88584],[126.63017,35.88688],[126.63032,35.89057],[126.62901,35.89156],[126.62836,35.88875],[126.62879,35.88666],[126.62306,35.8865],[126.62233,35.88809],[126.62023,35.88853],[126.61783,35.88782],[126.61725,35.88639],[126.61434,35.88589],[126.61231,35.88633],[126.61166,35.88749],[126.61478,35.89057],[126.61463,35.89222],[126.61187,35.90184],[126.61064,35.91675],[126.6118,35.92968],[126.6134,35.93304],[126.61507,35.9337],[126.6163,35.93557],[126.61754,35.93958],[126.61601,35.9425],[126.59946,35.94668],[126.5967,35.94613],[126.59437,35.94657],[126.59357,35.94833],[126.58806,35.94778],[126.58798,35.94217],[126.5882,35.92253],[126.58827,35.90273],[126.58813,35.90295],[126.58798,35.92077],[126.57215,35.91972],[126.56961,35.91807],[126.56954,35.91615],[126.56627,35.90916],[126.56453,35.90746],[126.56787,35.9145],[126.56947,35.91609],[126.56947,35.91807],[126.56627,35.92281],[126.56583,35.92638],[126.5646,35.92858],[126.56409,35.93573],[126.56482,35.93617],[126.55777,35.93595],[126.53991,35.93502],[126.54078,35.9326],[126.53439,35.93403],[126.51849,35.89524],[126.50956,35.87384],[126.49888,35.84766],[126.50048,35.84711],[126.50091,35.84314],[126.49961,35.83759],[126.49699,35.83368],[126.48762,35.82593],[126.48138,35.81998],[126.47332,35.81124],[126.47041,35.8108],[126.46664,35.81234],[126.46279,35.81272],[126.46199,35.81388],[126.46381,35.81564],[126.46293,35.81723],[126.46482,35.81718],[126.46468,35.81932],[126.46192,35.81916],[126.45916,35.81723],[126.45734,35.81459],[126.45575,35.81547],[126.45466,35.8147],[126.45495,35.81195],[126.45705,35.81014],[126.45611,35.80876],[126.45451,35.80871],[126.454,35.80623],[126.45284,35.80651],[126.45255,35.80832],[126.44906,35.80761],[126.44957,35.81146],[126.44805,35.81344],[126.44398,35.81245],[126.44326,35.81355],[126.44522,35.81487],[126.44667,35.81443],[126.44979,35.8158],[126.44856,35.81756],[126.44572,35.81883],[126.44783,35.81949],[126.45001,35.81839],[126.45088,35.81707],[126.45306,35.818],[126.45248,35.82037],[126.44848,35.82152],[126.44471,35.82345],[126.44623,35.82417],[126.44514,35.82653],[126.44173,35.82752],[126.44209,35.8289],[126.44369,35.82978],[126.44362,35.83104],[126.44572,35.83115],[126.4479,35.83022],[126.44986,35.83209],[126.45553,35.83088],[126.45792,35.8289],[126.45974,35.82527],[126.46199,35.82455],[126.46301,35.82554],[126.46504,35.82439],[126.46744,35.82433],[126.47528,35.82235],[126.47622,35.82306],[126.49075,35.83819],[126.48893,35.84149],[126.48574,35.84386],[126.48624,35.84639],[126.49024,35.84716],[126.4922,35.8465],[126.49656,35.84711],[126.49677,35.8481],[126.50367,35.8646],[126.51515,35.89277],[126.52059,35.90581],[126.52393,35.91417],[126.53127,35.93188],[126.53265,35.93727],[126.52923,35.93843],[126.5272,35.93579],[126.52648,35.9337],[126.52502,35.93524],[126.52517,35.93815],[126.52829,35.94019],[126.52974,35.94327],[126.52844,35.94443],[126.52524,35.94388],[126.52183,35.94806],[126.52306,35.95037],[126.52132,35.97221],[126.51747,35.97232],[126.51268,35.97457],[126.51333,35.97468],[126.5182,35.97243],[126.52176,35.97265],[126.52277,35.97149],[126.52314,35.96632],[126.52589,35.96649],[126.52539,35.9727],[126.52582,35.97364],[126.53737,35.97424],[126.53744,35.97342],[126.54608,35.97386],[126.54717,35.97474],[126.563,35.97562],[126.56322,35.97485],[126.57288,35.97534],[126.57295,35.97611],[126.59822,35.97743],[126.60374,35.97831],[126.60628,35.97798],[126.61325,35.97886],[126.6171,35.97765],[126.61783,35.97644],[126.61834,35.97072],[126.62436,35.971],[126.624,35.976],[126.62233,35.97793],[126.64092,35.97886],[126.65109,35.982],[126.65276,35.98283],[126.65653,35.98354],[126.66409,35.98409],[126.67237,35.98415],[126.67687,35.98371],[126.68152,35.98387],[126.68522,35.98459],[126.69183,35.98651],[126.69626,35.9886],[126.69589,35.98904],[126.70359,35.9941],[126.70613,35.99465],[126.71056,35.99317],[126.71231,35.9919],[126.71804,35.98904],[126.72451,35.98734],[126.72937,35.98525],[126.73409,35.98514],[126.7391,35.98673],[126.74462,35.98965],[126.74723,35.99185],[126.75159,35.9985],[126.75312,36.00203],[126.75406,36.00643],[126.75595,36.01055],[126.75181,36.01237],[126.74898,36.01314],[126.74164,36.0122],[126.74382,36.0188],[126.74607,36.02326],[126.74803,36.02574],[126.75668,36.02629],[126.76169,36.02601],[126.76975,36.02964],[126.78442,36.03135],[126.79386,36.03212],[126.80279,36.03355],[126.80584,36.03437],[126.80838,36.03575],[126.81419,36.04131],[126.81891,36.04824],[126.82109,36.04994],[126.82973,36.05187],[126.84055,36.05297],[126.85885,36.05875],[126.86371,36.06012],[126.86807,36.06243],[126.87083,36.06738],[126.87112,36.07156],[126.8733,36.08565],[126.87395,36.09742],[126.8741,36.10369],[126.87381,36.11046],[126.87802,36.11932],[126.88005,36.12559],[126.88223,36.13131],[126.88775,36.13797],[126.88978,36.13967],[126.89523,36.14242],[126.90082,36.14242],[126.90699,36.13989],[126.91106,36.13659],[126.91469,36.13576],[126.9197,36.13632],[126.92246,36.13852],[126.93198,36.1427],[126.93132,36.14292],[126.93437,36.14682],[126.93873,36.15062],[126.94447,36.15353],[126.95659,36.15656],[126.96306,36.15629],[126.97148,36.15106],[126.97722,36.14853],[126.98201,36.14781],[126.98586,36.1477],[126.99385,36.14682],[126.99806,36.14682],[127.00133,36.14798],[127.00532,36.15062],[127.00641,36.15012],[127.0067,36.14737],[127.01127,36.14583],[127.0136,36.14682],[127.01578,36.14864],[127.01708,36.14704],[127.0205,36.13813],[127.0234,36.13665],[127.02994,36.13665],[127.03081,36.13769],[127.03538,36.13901],[127.0396,36.1383],[127.03974,36.14154],[127.04083,36.1422],[127.0425,36.14649],[127.04482,36.14611],[127.04417,36.14325],[127.04555,36.13863],[127.04533,36.13527],[127.05005,36.13252],[127.05071,36.13092],[127.05564,36.1301],[127.05514,36.12784],[127.05608,36.1268],[127.0608,36.12603],[127.06298,36.1252],[127.06109,36.11717],[127.05724,36.11601],[127.05695,36.1131],[127.05811,36.11288],[127.05898,36.11079],[127.05848,36.10886],[127.06102,36.10545],[127.06036,36.10397],[127.06029,36.09505],[127.06312,36.09186],[127.06116,36.089],[127.06617,36.08917],[127.06872,36.08796],[127.07169,36.08466],[127.07482,36.08482],[127.08447,36.07717],[127.08781,36.07558],[127.08883,36.07321],[127.09036,36.07178],[127.09181,36.07365],[127.09384,36.07481],[127.09573,36.07393],[127.10205,36.0758],[127.10546,36.07327],[127.10938,36.07217],[127.11265,36.06925],[127.11555,36.06766],[127.11744,36.06744],[127.12267,36.06359],[127.1263,36.06502],[127.13059,36.0659],[127.13211,36.06689],[127.13371,36.06936],[127.13429,36.07756],[127.13371,36.08114],[127.13516,36.08416],[127.13676,36.08614],[127.13966,36.08785],[127.14576,36.09027],[127.15121,36.09005],[127.15273,36.08559],[127.15368,36.08477],[127.15833,36.0835],[127.16109,36.08394],[127.1645,36.08543],[127.16878,36.084],[127.17074,36.0846],[127.17096,36.08708],[127.17706,36.09093],[127.17866,36.09423],[127.18244,36.09467],[127.18694,36.0923],[127.19028,36.08917],[127.19035,36.08801],[127.1934,36.08664],[127.19805,36.08581],[127.20226,36.08845],[127.20074,36.08988],[127.2011,36.09225],[127.20379,36.09362],[127.20451,36.09648],[127.20415,36.09797],[127.20487,36.10017],[127.21199,36.10067],[127.21388,36.09792],[127.21845,36.09748],[127.21954,36.0967],[127.22201,36.09692],[127.22339,36.09869],[127.22593,36.09913],[127.23182,36.09659],[127.23516,36.09401],[127.2393,36.08818],[127.24235,36.08526],[127.24605,36.08345],[127.24874,36.08306],[127.25266,36.08488],[127.25469,36.08746],[127.25367,36.08922],[127.24983,36.09274],[127.24765,36.09368],[127.24605,36.09643],[127.24561,36.101],[127.24619,36.10479],[127.25033,36.10738],[127.25019,36.10925],[127.25215,36.11315],[127.25389,36.11249],[127.2597,36.11288],[127.26159,36.11057],[127.26486,36.1087],[127.27343,36.10727],[127.27626,36.10804],[127.28526,36.11216],[127.28933,36.11282],[127.29245,36.11227],[127.29441,36.1137],[127.29514,36.11783],[127.2971,36.12273],[127.30167,36.1252],[127.30429,36.12498],[127.30538,36.12581],[127.30886,36.12366],[127.30908,36.12168],[127.3109,36.12042],[127.31533,36.1191],[127.31852,36.11976],[127.31939,36.12421],[127.32281,36.12696],[127.32281,36.13065],[127.32811,36.13081],[127.33036,36.1296],[127.3353,36.12949],[127.33849,36.13048],[127.34009,36.129],[127.33987,36.12751],[127.34074,36.12427],[127.34437,36.11789],[127.35047,36.1164],[127.35309,36.11359],[127.3549,36.10831],[127.35381,36.10628],[127.35047,36.10397],[127.34946,36.10028],[127.34771,36.09825],[127.34946,36.09511],[127.35628,36.0923],[127.36006,36.08939],[127.35991,36.08834],[127.35723,36.08691],[127.35694,36.08152],[127.35824,36.08141],[127.36013,36.07982],[127.36173,36.07618],[127.36079,36.07272],[127.35912,36.07074],[127.36006,36.06865],[127.36405,36.06826],[127.3642,36.06546],[127.3618,36.06375],[127.36057,36.0615],[127.36151,36.05913],[127.36006,36.05643],[127.36086,36.05363],[127.36318,36.05225],[127.36631,36.04851],[127.37052,36.04565],[127.37364,36.04109],[127.37386,36.03949],[127.37277,36.03817],[127.37357,36.03454],[127.37553,36.03333],[127.37821,36.03063],[127.37683,36.02882],[127.37647,36.02293],[127.38163,36.02139],[127.38388,36.02128],[127.38795,36.01847],[127.38962,36.01622],[127.39187,36.01704],[127.39332,36.01594],[127.39405,36.01336],[127.3968,36.01066],[127.40123,36.00874],[127.40356,36.01044],[127.40733,36.01424],[127.4093,36.01374],[127.41343,36.01517],[127.41496,36.01649],[127.41685,36.01969],[127.41961,36.02271],[127.42302,36.02343],[127.42592,36.02612],[127.42934,36.02772],[127.43457,36.02948],[127.43493,36.02601],[127.43674,36.02299],[127.43711,36.0193],[127.43522,36.01462],[127.43747,36.01193],[127.4374,36.00912],[127.4403,36.00797],[127.44357,36.00808],[127.44459,36.00637],[127.44415,36.00357],[127.44815,35.99894],[127.44909,35.99449],[127.44858,35.99317],[127.45323,35.98838],[127.45483,35.98728],[127.45483,35.98508],[127.45671,35.98327],[127.4639,35.98393],[127.46623,35.98811],[127.46833,35.98811],[127.47218,35.98343],[127.47596,35.98057],[127.47661,35.98101],[127.48097,35.98068],[127.48518,35.97991],[127.48772,35.97826],[127.48925,35.97936],[127.49034,35.98233],[127.4944,35.98618],[127.49934,35.98739],[127.50203,35.98618],[127.50239,35.98382],[127.50675,35.97963],[127.50885,35.9798],[127.50973,35.98118],[127.51336,35.98321],[127.51997,35.98376],[127.5236,35.98552],[127.5244,35.98514],[127.52592,35.98745],[127.53057,35.99053],[127.53362,35.99201],[127.53667,35.99647],[127.53609,36.00049],[127.5342,36.00494],[127.53217,36.00753],[127.53304,36.00962],[127.5387,36.01055],[127.53972,36.01242],[127.53761,36.01583],[127.53616,36.01996],[127.53616,36.02139],[127.53812,36.02365],[127.53885,36.0259],[127.53739,36.02706],[127.53689,36.03261],[127.53565,36.03399],[127.53202,36.03459],[127.53079,36.03894],[127.53144,36.04087],[127.53369,36.04092],[127.53529,36.03999],[127.54095,36.03811],[127.54451,36.03883],[127.54683,36.03806],[127.55126,36.03481],[127.55221,36.03278],[127.55533,36.03239],[127.55903,36.03344],[127.5663,36.03124],[127.56775,36.03047],[127.57051,36.02689],[127.5745,36.02332],[127.57777,36.02387],[127.5806,36.02524],[127.58256,36.02722],[127.58648,36.02596],[127.58975,36.02607],[127.5912,36.02513],[127.59208,36.02051],[127.59629,36.01902],[127.59788,36.01682],[127.60006,36.01193],[127.6066,36.01193],[127.60769,36.00995],[127.6066,36.00813],[127.60979,36.00494],[127.61059,36.00104],[127.61415,36.00082],[127.61597,36.00285],[127.61865,36.00797],[127.61647,36.01908],[127.61364,36.02145],[127.61096,36.02233],[127.6103,36.02442],[127.61132,36.0259],[127.61655,36.02634],[127.62214,36.02453],[127.62526,36.0253],[127.62693,36.02689],[127.62751,36.03146],[127.63027,36.03245],[127.63267,36.03146],[127.63499,36.02953],[127.63971,36.03223],[127.63703,36.03509],[127.63427,36.03459],[127.63194,36.03635],[127.63143,36.04109],[127.63056,36.04213],[127.62737,36.04263],[127.62512,36.0423],[127.62381,36.04125],[127.61909,36.03916],[127.61851,36.04191],[127.61967,36.04428],[127.61967,36.04736],[127.61851,36.05016],[127.61865,36.05264],[127.62061,36.05963],[127.62054,36.06419],[127.62352,36.06716],[127.62933,36.0665],[127.63289,36.06683],[127.63797,36.06667],[127.63819,36.06821]]]]}},{"type":"Feature","id":"46","properties":{"sido_code":"46","sido_name":"전라남도","name_eng":"Jeollanam-do","kostat_code":"36","base_year":"2018"},"geometry":{"type":"MultiPolygon","coordinates":[[[[126.55037,34.17715],[126.55385,34.17556],[126.55523,34.1744],[126.5556,34.17099],[126.55436,34.16945],[126.55523,34.16786],[126.55828,34.16747],[126.5614,34.1694],[126.56438,34.17],[126.5699,34.16978],[126.57208,34.16769],[126.5707,34.16703],[126.57128,34.16312],[126.57266,34.16131],[126.57542,34.16389],[126.57542,34.16626],[126.57782,34.16868],[126.58326,34.16989],[126.58856,34.16896],[126.5927,34.16676],[126.59503,34.16863],[126.59859,34.1678],[126.60134,34.1656],[126.6073,34.1645],[126.60868,34.16219],[126.61042,34.16147],[126.61224,34.16186],[126.6179,34.16472],[126.62131,34.16417],[126.62139,34.16186],[126.62066,34.15526],[126.61652,34.14871],[126.61471,34.15003],[126.61413,34.15278],[126.61122,34.15333],[126.60556,34.15966],[126.60345,34.16114],[126.60251,34.16004],[126.60236,34.15773],[126.60396,34.1535],[126.60331,34.15031],[126.60556,34.14745],[126.60439,34.14602],[126.6028,34.14629],[126.60272,34.14915],[126.602,34.15025],[126.598,34.15322],[126.59684,34.15707],[126.59466,34.1612],[126.5935,34.16202],[126.59074,34.16241],[126.5882,34.16164],[126.58915,34.16114],[126.58769,34.15685],[126.58392,34.1585],[126.57956,34.15795],[126.57854,34.15691],[126.57862,34.15515],[126.58043,34.15317],[126.58014,34.15207],[126.57404,34.14981],[126.57382,34.14778],[126.57622,34.14492],[126.56772,34.14492],[126.56642,34.14464],[126.56409,34.14238],[126.56322,34.13996],[126.56322,34.13683],[126.5638,34.13529],[126.55894,34.13534],[126.55269,34.13094],[126.54833,34.13001],[126.54775,34.12819],[126.54594,34.12654],[126.54231,34.1255],[126.53838,34.12621],[126.53563,34.12605],[126.53272,34.12412],[126.52822,34.12208],[126.52379,34.12181],[126.52205,34.12296],[126.52146,34.12445],[126.51936,34.12555],[126.5174,34.125],[126.51558,34.12208],[126.51188,34.12203],[126.51137,34.12412],[126.51188,34.12693],[126.51442,34.12885],[126.51094,34.13138],[126.50462,34.13864],[126.50759,34.14123],[126.50934,34.14425],[126.5089,34.14574],[126.50614,34.1475],[126.50404,34.14679],[126.50367,34.14838],[126.50905,34.15025],[126.50956,34.1513],[126.5089,34.15603],[126.5044,34.15856],[126.50505,34.16043],[126.50992,34.16224],[126.51645,34.16577],[126.51674,34.16758],[126.51595,34.16951],[126.51718,34.17044],[126.52045,34.17044],[126.52292,34.17116],[126.52698,34.17424],[126.52851,34.17424],[126.53207,34.17567],[126.53846,34.18007],[126.53911,34.18188],[126.54049,34.18199],[126.54616,34.17946],[126.55037,34.17715]]],[[[126.65436,34.19833],[126.65704,34.19624],[126.66082,34.19432],[126.66598,34.19443],[126.66801,34.19393],[126.66917,34.19074],[126.67062,34.18926],[126.67629,34.1881],[126.68035,34.18546],[126.68471,34.18161],[126.68253,34.17743],[126.67905,34.17556],[126.67454,34.17495],[126.66293,34.1744],[126.65726,34.17308],[126.65595,34.17171],[126.65552,34.16885],[126.65646,34.16533],[126.65748,34.16395],[126.6606,34.16263],[126.66314,34.16384],[126.66322,34.16461],[126.66815,34.16197],[126.66786,34.15988],[126.6667,34.15801],[126.66953,34.1557],[126.66881,34.14981],[126.66982,34.14772],[126.67178,34.14734],[126.67309,34.14838],[126.67897,34.1513],[126.6829,34.14849],[126.6813,34.14381],[126.68086,34.13996],[126.67658,34.13908],[126.67571,34.1409],[126.6765,34.14271],[126.67193,34.14519],[126.66982,34.14453],[126.66866,34.14189],[126.67171,34.13947],[126.672,34.13408],[126.67266,34.13358],[126.67171,34.12968],[126.66728,34.12814],[126.66627,34.12687],[126.66685,34.12506],[126.66903,34.1239],[126.66953,34.12104],[126.66786,34.11961],[126.66322,34.1173],[126.66263,34.11609],[126.66409,34.11482],[126.66343,34.11196],[126.65995,34.11097],[126.6598,34.11306],[126.65842,34.1146],[126.65639,34.11532],[126.65523,34.11477],[126.65029,34.11477],[126.65043,34.11653],[126.65312,34.11719],[126.65312,34.11884],[126.65014,34.12159],[126.64985,34.12368],[126.65058,34.12572],[126.6524,34.1272],[126.65087,34.12973],[126.64651,34.13094],[126.64433,34.13012],[126.6423,34.12682],[126.63816,34.1223],[126.63678,34.1234],[126.63562,34.12869],[126.637,34.13028],[126.63548,34.13446],[126.63119,34.13776],[126.63315,34.13996],[126.63351,34.14222],[126.63134,34.14497],[126.62778,34.14563],[126.62807,34.14723],[126.63046,34.14948],[126.63373,34.14893],[126.6362,34.15042],[126.63744,34.15421],[126.64056,34.16092],[126.64288,34.16312],[126.64731,34.16511],[126.65189,34.16912],[126.65174,34.17193],[126.64746,34.17484],[126.64303,34.17528],[126.64085,34.17787],[126.6354,34.17968],[126.6362,34.18144],[126.63882,34.18122],[126.64143,34.18293],[126.64078,34.18491],[126.63751,34.18469],[126.63337,34.1875],[126.63337,34.18821],[126.63664,34.18865],[126.63765,34.18684],[126.64128,34.18607],[126.64317,34.18667],[126.64826,34.1925],[126.6455,34.19344],[126.64622,34.19817],[126.64985,34.19982],[126.65436,34.19833]]],[[[126.89037,34.21742],[126.89218,34.2166],[126.89124,34.21517],[126.89204,34.21352],[126.8969,34.21209],[126.90039,34.21159],[126.90387,34.21363],[126.90692,34.21423],[126.91048,34.21258],[126.91215,34.2073],[126.91157,34.20587],[126.90925,34.20433],[126.90562,34.20334],[126.90453,34.20406],[126.90387,34.20147],[126.90627,34.20031],[126.90874,34.1963],[126.91113,34.19558],[126.91201,34.19151],[126.91142,34.18761],[126.90736,34.18453],[126.9099,34.18271],[126.91179,34.18309],[126.91353,34.18519],[126.91593,34.187],[126.91941,34.18722],[126.92486,34.19096],[126.92849,34.18959],[126.92849,34.18849],[126.92333,34.18717],[126.92137,34.18524],[126.92362,34.18089],[126.92479,34.17506],[126.92195,34.17231],[126.91999,34.16962],[126.91825,34.16489],[126.91767,34.15982],[126.91789,34.15823],[126.91535,34.1541],[126.91382,34.15322],[126.91201,34.15366],[126.90932,34.15317],[126.90867,34.15135],[126.90591,34.15218],[126.90482,34.15482],[126.89487,34.15454],[126.88811,34.15185],[126.88354,34.15102],[126.88289,34.14998],[126.881,34.14976],[126.87867,34.15201],[126.88143,34.15355],[126.88071,34.1557],[126.87846,34.15608],[126.87315,34.15988],[126.87148,34.16186],[126.87192,34.16439],[126.87069,34.16577],[126.86873,34.16621],[126.8648,34.16582],[126.86023,34.16235],[126.85943,34.16087],[126.8603,34.15993],[126.8603,34.15647],[126.85812,34.15427],[126.85783,34.15146],[126.85609,34.1508],[126.85318,34.15652],[126.85231,34.16131],[126.84839,34.16274],[126.85072,34.16599],[126.85253,34.16648],[126.85478,34.16599],[126.85958,34.17006],[126.85907,34.17149],[126.85682,34.17308],[126.85536,34.17319],[126.85377,34.17055],[126.85108,34.16879],[126.84759,34.17264],[126.84723,34.17501],[126.85072,34.17814],[126.85348,34.17902],[126.85507,34.17803],[126.85471,34.17627],[126.85674,34.17688],[126.85776,34.1782],[126.85754,34.18023],[126.85413,34.1815],[126.85297,34.18557],[126.85573,34.18711],[126.85732,34.18997],[126.86103,34.1936],[126.86175,34.19701],[126.86045,34.19883],[126.85725,34.19905],[126.85849,34.20053],[126.86357,34.20108],[126.86894,34.20284],[126.8725,34.20543],[126.87345,34.20692],[126.87323,34.21038],[126.87584,34.21291],[126.87758,34.21319],[126.87889,34.21203],[126.88397,34.2128],[126.8847,34.21396],[126.88361,34.21605],[126.8847,34.21682],[126.89037,34.21742]]],[[[126.56794,34.23382],[126.56533,34.22997],[126.56605,34.22909],[126.57041,34.22727],[126.57222,34.22276],[126.57419,34.2221],[126.57542,34.22672],[126.57949,34.22826],[126.58486,34.22452],[126.58871,34.22276],[126.59074,34.22298],[126.59285,34.22634],[126.59575,34.22689],[126.60084,34.2254],[126.60665,34.22447],[126.60701,34.22045],[126.60861,34.21808],[126.6097,34.21891],[126.61187,34.21814],[126.615,34.21583],[126.61536,34.2128],[126.61718,34.20928],[126.61994,34.20747],[126.62364,34.20653],[126.62531,34.20318],[126.6219,34.19993],[126.61594,34.19872],[126.611,34.19646],[126.60941,34.19828],[126.60621,34.20075],[126.60287,34.19987],[126.60614,34.19481],[126.61144,34.19206],[126.61333,34.18717],[126.61492,34.18436],[126.61645,34.1832],[126.61296,34.18111],[126.60527,34.18106],[126.60091,34.18188],[126.59692,34.18326],[126.59655,34.18464],[126.59866,34.18684],[126.59967,34.18909],[126.59837,34.19085],[126.59445,34.18992],[126.59082,34.19085],[126.58675,34.19102],[126.58551,34.18981],[126.5837,34.18398],[126.5837,34.18095],[126.58566,34.17946],[126.59067,34.17385],[126.59082,34.17308],[126.58769,34.1727],[126.58588,34.17407],[126.58159,34.17506],[126.57702,34.17484],[126.5723,34.176],[126.56569,34.17715],[126.56126,34.17886],[126.56126,34.18552],[126.56358,34.18568],[126.56387,34.18777],[126.56228,34.1892],[126.55741,34.19047],[126.55385,34.1892],[126.5492,34.18898],[126.54695,34.19217],[126.54812,34.193],[126.55407,34.19333],[126.55639,34.19448],[126.55661,34.19586],[126.55509,34.20015],[126.5569,34.20064],[126.55865,34.20213],[126.55792,34.20422],[126.55639,34.20362],[126.55349,34.20411],[126.55334,34.20615],[126.5556,34.20521],[126.56003,34.20637],[126.56228,34.21121],[126.5646,34.21159],[126.56387,34.21319],[126.55894,34.215],[126.55698,34.21038],[126.55422,34.21269],[126.55647,34.21407],[126.55756,34.21638],[126.55712,34.21841],[126.56533,34.21797],[126.56678,34.22023],[126.56736,34.22392],[126.56504,34.22639],[126.56162,34.22535],[126.56053,34.22799],[126.56104,34.22991],[126.56286,34.23167],[126.56119,34.23321],[126.55952,34.23283],[126.55741,34.23074],[126.55334,34.23316],[126.55414,34.23409],[126.55683,34.2336],[126.56032,34.23382],[126.56322,34.23536],[126.56794,34.23437],[126.56794,34.23382]]],[[[126.83931,34.31238],[126.83931,34.31238],[126.83931,34.31238]]],[[[127.02979,34.33966],[127.02907,34.33796],[127.02623,34.33647],[127.02144,34.33829],[127.01868,34.33812],[127.01803,34.33922],[127.02144,34.33966],[127.02435,34.3395],[127.02732,34.33867],[127.02979,34.33966]]],[[[127.02979,34.33966],[127.02994,34.33966],[127.02979,34.33966]]],[[[126.83931,34.31238],[126.83953,34.31425],[126.83561,34.31683],[126.833,34.3236],[126.82842,34.32586],[126.82486,34.32646],[126.81615,34.32712],[126.80497,34.3263],[126.79945,34.3241],[126.79814,34.323],[126.79465,34.31755],[126.794,34.31535],[126.79269,34.31562],[126.79073,34.31804],[126.79052,34.32179],[126.78507,34.32404],[126.7802,34.32806],[126.7765,34.32784],[126.77243,34.3285],[126.76648,34.3318],[126.76103,34.33334],[126.75755,34.33229],[126.75442,34.33306],[126.75203,34.33438],[126.75254,34.33598],[126.75849,34.33598],[126.75813,34.33746],[126.75994,34.33834],[126.76372,34.33818],[126.76924,34.33554],[126.77882,34.33273],[126.77948,34.33603],[126.78362,34.33955],[126.78449,34.34324],[126.78703,34.3461],[126.79044,34.34506],[126.79233,34.34374],[126.79306,34.34176],[126.79887,34.33724],[126.80017,34.33482],[126.8017,34.33361],[126.80417,34.33334],[126.80867,34.3346],[126.81208,34.33603],[126.816,34.33653],[126.81891,34.3379],[126.82036,34.33972],[126.81789,34.3417],[126.81862,34.34764],[126.82414,34.35281],[126.82697,34.35474],[126.83358,34.35848],[126.83481,34.3587],[126.83568,34.35655],[126.84353,34.34786],[126.84796,34.34429],[126.85043,34.34511],[126.85166,34.34726],[126.85115,34.34808],[126.85289,34.3499],[126.8566,34.35111],[126.85645,34.34522],[126.85921,34.3439],[126.8595,34.34522],[126.86546,34.3494],[126.86814,34.35012],[126.8717,34.34946],[126.87541,34.34759],[126.87846,34.34027],[126.87838,34.33829],[126.87976,34.33669],[126.8826,34.33631],[126.88499,34.33884],[126.8892,34.34115],[126.89167,34.34368],[126.89639,34.34489],[126.89814,34.34357],[126.89915,34.34159],[126.8969,34.33966],[126.89719,34.33257],[126.89421,34.33037],[126.89291,34.33026],[126.88978,34.33295],[126.88971,34.33449],[126.88318,34.33262],[126.88122,34.33086],[126.8794,34.32624],[126.88434,34.32223],[126.88623,34.32267],[126.88586,34.31942],[126.88397,34.31562],[126.88158,34.31414],[126.88187,34.31144],[126.88122,34.31018],[126.87432,34.30924],[126.8717,34.30974],[126.87504,34.31221],[126.87461,34.31414],[126.87032,34.32113],[126.86858,34.32234],[126.86633,34.32245],[126.86299,34.3214],[126.86183,34.31958],[126.86393,34.31826],[126.86676,34.31414],[126.8656,34.31342],[126.86335,34.31414],[126.8566,34.31067],[126.85456,34.30897],[126.85493,34.30671],[126.84941,34.30473],[126.84912,34.30292],[126.84411,34.29901],[126.84186,34.29895],[126.8399,34.3006],[126.83677,34.30611],[126.84033,34.3104],[126.83931,34.31238]]],[[[127.02994,34.33966],[127.03219,34.3406],[127.03313,34.34247],[127.03241,34.3444],[127.03001,34.34489],[127.02812,34.34814],[127.02514,34.35012],[127.02159,34.35023],[127.01941,34.35331],[127.0128,34.35551],[127.01069,34.35452],[127.01026,34.35309],[127.01157,34.35149],[127.00881,34.34935],[127.00728,34.34935],[126.99893,34.3527],[126.9969,34.35507],[126.99327,34.35529],[126.98963,34.35677],[126.98579,34.35914],[126.98629,34.36046],[126.98927,34.36173],[126.99472,34.35875],[126.9961,34.35655],[126.99828,34.35754],[126.9977,34.35826],[127.0067,34.35683],[127.00801,34.35771],[127.01142,34.36354],[127.01106,34.36525],[127.0083,34.36519],[127.00772,34.36668],[127.01077,34.36893],[127.01113,34.36789],[127.01396,34.36596],[127.01694,34.36893],[127.01171,34.37284],[127.01411,34.37729],[127.02108,34.37663],[127.02333,34.3746],[127.02645,34.37295],[127.0287,34.37245],[127.02994,34.37669],[127.02943,34.38032],[127.02986,34.38087],[127.03233,34.37823],[127.03183,34.37498],[127.03495,34.37449],[127.0364,34.37355],[127.03771,34.37036],[127.04025,34.368],[127.0417,34.3691],[127.04432,34.36899],[127.04562,34.36651],[127.04228,34.36365],[127.04221,34.36195],[127.04533,34.35958],[127.04272,34.35716],[127.04424,34.35171],[127.04657,34.35056],[127.04896,34.35232],[127.05434,34.35342],[127.05753,34.35298],[127.06167,34.35501],[127.06378,34.35721],[127.06356,34.35925],[127.06617,34.36063],[127.06879,34.35964],[127.07126,34.36008],[127.07264,34.36129],[127.07612,34.36156],[127.07598,34.35798],[127.07866,34.35831],[127.08549,34.35732],[127.08397,34.35457],[127.08259,34.35397],[127.0823,34.3521],[127.0836,34.3505],[127.08883,34.3494],[127.09057,34.3444],[127.09558,34.34187],[127.09769,34.33961],[127.10103,34.33807],[127.09725,34.33548],[127.09377,34.33559],[127.09014,34.33708],[127.08767,34.34247],[127.08324,34.34423],[127.07997,34.34429],[127.07866,34.34374],[127.07322,34.34467],[127.07256,34.34599],[127.06843,34.34748],[127.0661,34.3461],[127.06262,34.3422],[127.06211,34.3406],[127.06639,34.33851],[127.06915,34.3379],[127.06959,34.33928],[127.07104,34.33961],[127.07569,34.33867],[127.07903,34.33686],[127.07714,34.3324],[127.07438,34.33108],[127.07431,34.33284],[127.06995,34.33427],[127.0632,34.33312],[127.05971,34.33191],[127.05666,34.33031],[127.05456,34.32811],[127.05586,34.32652],[127.05593,34.32333],[127.05405,34.32327],[127.05223,34.32476],[127.05049,34.32459],[127.04904,34.32311],[127.04758,34.32025],[127.04257,34.31667],[127.04286,34.31419],[127.04388,34.31342],[127.04228,34.30836],[127.04141,34.30842],[127.03872,34.31144],[127.03858,34.31683],[127.03676,34.32041],[127.0364,34.32393],[127.03684,34.32547],[127.03851,34.32668],[127.04555,34.32855],[127.04838,34.32877],[127.04925,34.32806],[127.05194,34.32987],[127.05397,34.33444],[127.05383,34.33631],[127.05223,34.33955],[127.05085,34.34093],[127.04403,34.34137],[127.04192,34.34121],[127.03698,34.33972],[127.03531,34.33719],[127.03596,34.33411],[127.03517,34.33279],[127.03306,34.33169],[127.03074,34.33224],[127.02878,34.33356],[127.02928,34.33559],[127.03262,34.33757],[127.03154,34.33928],[127.02994,34.33966]]],[[[126.69444,34.39848],[126.69444,34.39848]]],[[[126.69444,34.39848],[126.69626,34.39792],[126.70141,34.39842],[126.7033,34.39644],[126.70802,34.39413],[126.70991,34.39418],[126.71223,34.39028],[126.71245,34.38907],[126.71506,34.38714],[126.72,34.38736],[126.72058,34.38665],[126.71957,34.38439],[126.72661,34.38236],[126.72952,34.37939],[126.73097,34.37443],[126.73293,34.37179],[126.73336,34.36772],[126.733,34.3658],[126.73075,34.36459],[126.72959,34.362],[126.73242,34.35842],[126.73119,34.3571],[126.73191,34.35116],[126.73474,34.35067],[126.73801,34.34874],[126.73946,34.34429],[126.73569,34.34297],[126.74077,34.33609],[126.74331,34.33669],[126.74411,34.33587],[126.74382,34.33317],[126.74789,34.32773],[126.75065,34.32635],[126.74854,34.32349],[126.7484,34.32129],[126.75421,34.31573],[126.75559,34.31496],[126.75943,34.31562],[126.75914,34.31623],[126.76365,34.31815],[126.76604,34.31815],[126.76851,34.31683],[126.76851,34.31557],[126.77018,34.31282],[126.77193,34.31232],[126.77163,34.31122],[126.76917,34.30836],[126.7675,34.30517],[126.76394,34.30391],[126.76285,34.30407],[126.76154,34.3022],[126.76219,34.29895],[126.76314,34.29763],[126.76612,34.29802],[126.77055,34.29505],[126.77454,34.29048],[126.77752,34.28757],[126.77134,34.28696],[126.76858,34.28883],[126.76626,34.29109],[126.76016,34.29268],[126.75755,34.29048],[126.7529,34.2907],[126.74825,34.29153],[126.74128,34.29554],[126.74041,34.29725],[126.74208,34.29637],[126.74382,34.29697],[126.74281,34.29862],[126.73591,34.30154],[126.73671,34.3033],[126.7346,34.30468],[126.73278,34.30396],[126.73191,34.30149],[126.73605,34.29274],[126.73562,34.28971],[126.73779,34.2885],[126.73801,34.28663],[126.7322,34.28691],[126.73126,34.28735],[126.72153,34.29428],[126.72022,34.29565],[126.71732,34.29708],[126.70969,34.29785],[126.70265,34.29725],[126.6948,34.29252],[126.69161,34.29554],[126.6882,34.29697],[126.68718,34.2984],[126.68653,34.30116],[126.68275,34.30325],[126.68006,34.30358],[126.67883,34.30495],[126.68268,34.30671],[126.67665,34.31573],[126.67462,34.31507],[126.67106,34.3154],[126.66932,34.31738],[126.66881,34.32096],[126.66997,34.3225],[126.66859,34.32382],[126.66532,34.32399],[126.65777,34.32844],[126.65559,34.32789],[126.65581,34.32696],[126.65319,34.32663],[126.65501,34.32965],[126.65348,34.33125],[126.65123,34.33075],[126.64956,34.32767],[126.64557,34.32811],[126.64492,34.32916],[126.64804,34.33108],[126.64913,34.33394],[126.64746,34.33851],[126.64477,34.34016],[126.64463,34.34385],[126.64564,34.34704],[126.64521,34.35171],[126.64448,34.35446],[126.64136,34.36173],[126.6415,34.36437],[126.64368,34.36684],[126.64579,34.36734],[126.64426,34.36981],[126.64296,34.37031],[126.64136,34.373],[126.64143,34.37493],[126.64056,34.37839],[126.63961,34.37878],[126.63896,34.38214],[126.64317,34.38648],[126.64608,34.38764],[126.64753,34.39149],[126.64738,34.39303],[126.64862,34.39407],[126.65116,34.39424],[126.65428,34.39325],[126.65973,34.39446],[126.66445,34.39693],[126.66438,34.39859],[126.6659,34.39903],[126.66714,34.39561],[126.66968,34.39583],[126.67229,34.39688],[126.67099,34.40128],[126.67295,34.40024],[126.67643,34.39952],[126.68101,34.40051],[126.6821,34.40167],[126.68638,34.40244],[126.68718,34.40084],[126.68972,34.39881],[126.69277,34.39726],[126.69444,34.39848]]],[[[126.94316,34.39297],[126.94381,34.39198],[126.94221,34.38687],[126.94004,34.38533],[126.93597,34.38456],[126.93495,34.38368],[126.93626,34.38269],[126.93924,34.38236],[126.94236,34.38109],[126.94766,34.37751],[126.94926,34.37322],[126.94919,34.37036],[126.94788,34.36772],[126.93916,34.36602],[126.938,34.36618],[126.93415,34.36954],[126.92943,34.37047],[126.92755,34.36981],[126.92362,34.36646],[126.92312,34.36448],[126.9245,34.362],[126.92399,34.36046],[126.91905,34.35776],[126.91745,34.35584],[126.91353,34.35562],[126.91222,34.35677],[126.9123,34.35831],[126.91004,34.35897],[126.90714,34.35738],[126.90896,34.35375],[126.90605,34.35391],[126.9014,34.35606],[126.89843,34.35837],[126.89443,34.36024],[126.8916,34.36063],[126.89102,34.35931],[126.88899,34.3587],[126.88688,34.36167],[126.88681,34.36288],[126.88891,34.36448],[126.88848,34.3653],[126.88339,34.36668],[126.87069,34.36833],[126.86749,34.36981],[126.86371,34.37339],[126.86422,34.37493],[126.8648,34.38071],[126.86597,34.38511],[126.86771,34.38846],[126.87199,34.39374],[126.87163,34.40013],[126.86669,34.4042],[126.86233,34.40574],[126.86175,34.40673],[126.86422,34.41069],[126.86662,34.41124],[126.86894,34.40904],[126.87199,34.40865],[126.8741,34.407],[126.87265,34.40475],[126.87076,34.40497],[126.8704,34.40321],[126.87214,34.40106],[126.87773,34.39941],[126.88114,34.40194],[126.88194,34.40381],[126.88122,34.40667],[126.88238,34.40689],[126.88637,34.40277],[126.89,34.40073],[126.89044,34.39853],[126.89211,34.3966],[126.89392,34.39589],[126.89668,34.39732],[126.89392,34.4009],[126.89516,34.40354],[126.8969,34.40414],[126.89814,34.40255],[126.89755,34.39864],[126.90002,34.39787],[126.90264,34.39837],[126.90257,34.4004],[126.90387,34.40227],[126.90823,34.40227],[126.90692,34.40172],[126.90656,34.3993],[126.91077,34.39655],[126.91201,34.39644],[126.91339,34.39396],[126.91201,34.39182],[126.91614,34.39138],[126.91861,34.39253],[126.92065,34.39473],[126.92239,34.3944],[126.92261,34.39182],[126.925,34.39253],[126.92791,34.3922],[126.93074,34.39066],[126.93495,34.39176],[126.93561,34.39523],[126.93916,34.40013],[126.94301,34.40277],[126.94323,34.40431],[126.94236,34.41173],[126.94323,34.41289],[126.94505,34.4125],[126.94773,34.41025],[126.94991,34.40733],[126.95115,34.40359],[126.95028,34.402],[126.94643,34.39881],[126.94294,34.39462],[126.94316,34.39297]]],[[[126.65712,34.42048],[126.65712,34.42048]]],[[[126.83321,34.43709],[126.83307,34.43297],[126.83481,34.43121],[126.8375,34.43209],[126.83852,34.43445],[126.8399,34.43396],[126.84505,34.4306],[126.84556,34.42818],[126.84273,34.42637],[126.84171,34.42323],[126.8436,34.42098],[126.84186,34.41993],[126.83438,34.42037],[126.83176,34.42158],[126.82762,34.42252],[126.82406,34.42125],[126.82436,34.419],[126.82842,34.41668],[126.83198,34.41547],[126.83438,34.41536],[126.83895,34.41107],[126.84011,34.41058],[126.84309,34.41184],[126.84556,34.41399],[126.84643,34.41767],[126.85013,34.41828],[126.85144,34.41674],[126.85326,34.41278],[126.84774,34.40854],[126.84868,34.40656],[126.85224,34.40684],[126.85594,34.40854],[126.85754,34.40777],[126.85718,34.40634],[126.85928,34.40178],[126.85987,34.39859],[126.85914,34.39633],[126.86422,34.39649],[126.86626,34.39176],[126.86466,34.38934],[126.86023,34.39138],[126.85493,34.39253],[126.85362,34.3922],[126.85028,34.3894],[126.84708,34.39011],[126.83735,34.38472],[126.83372,34.38445],[126.83154,34.38274],[126.83256,34.3806],[126.83133,34.37834],[126.82987,34.37812],[126.8253,34.38362],[126.82523,34.3861],[126.82327,34.38698],[126.82109,34.3861],[126.81891,34.38219],[126.80823,34.38357],[126.80584,34.38533],[126.80402,34.38549],[126.80184,34.38467],[126.79349,34.38236],[126.79102,34.38032],[126.78616,34.37289],[126.78514,34.37036],[126.78296,34.36893],[126.78042,34.36904],[126.78035,34.36536],[126.78144,34.36514],[126.78187,34.36261],[126.78129,34.36173],[126.77657,34.35831],[126.77643,34.35661],[126.77832,34.35402],[126.78078,34.35309],[126.77839,34.35243],[126.77505,34.35419],[126.77207,34.35738],[126.77055,34.35776],[126.76829,34.35688],[126.7659,34.35908],[126.76655,34.36354],[126.76815,34.36563],[126.77163,34.37306],[126.77556,34.37531],[126.77882,34.37939],[126.7794,34.38197],[126.77759,34.38241],[126.77418,34.3817],[126.7704,34.38269],[126.76633,34.38181],[126.76183,34.38214],[126.75805,34.38335],[126.75617,34.38335],[126.75421,34.38104],[126.7505,34.37939],[126.74978,34.3801],[126.7529,34.38489],[126.75566,34.38665],[126.75566,34.39039],[126.75813,34.39363],[126.76031,34.39512],[126.76314,34.39506],[126.76728,34.3977],[126.76851,34.4004],[126.76691,34.40233],[126.76532,34.40277],[126.76379,34.40513],[126.76394,34.40904],[126.76619,34.41162],[126.77004,34.41294],[126.772,34.41597],[126.7749,34.42263],[126.77802,34.42378],[126.7818,34.42626],[126.78521,34.42956],[126.78717,34.43203],[126.79081,34.43319],[126.7964,34.43258],[126.79756,34.43165],[126.80061,34.43137],[126.80504,34.43286],[126.81303,34.43484],[126.81455,34.43352],[126.81738,34.43385],[126.8155,34.43555],[126.81651,34.43687],[126.81934,34.43864],[126.82748,34.44007],[126.83075,34.44221],[126.83416,34.44364],[126.83467,34.44304],[126.83321,34.43709]]],[[[126.89044,34.45613],[126.89044,34.45613]]],[[[127.4785,34.46411],[127.48148,34.46411],[127.48511,34.46713],[127.48765,34.46669],[127.49063,34.46532],[127.48874,34.46257],[127.48358,34.46092],[127.48358,34.45888],[127.48961,34.4585],[127.4936,34.45866],[127.49542,34.46394],[127.49767,34.46724],[127.49941,34.46735],[127.50029,34.4662],[127.49963,34.46279],[127.50239,34.46191],[127.50544,34.46422],[127.50675,34.46856],[127.5045,34.47302],[127.50798,34.46977],[127.51321,34.46411],[127.51343,34.46257],[127.51735,34.45949],[127.52156,34.45723],[127.51938,34.45574],[127.52084,34.45343],[127.5358,34.44876],[127.53776,34.44711],[127.53725,34.44573],[127.53471,34.44507],[127.53434,34.44359],[127.5363,34.43985],[127.53572,34.43687],[127.53609,34.43528],[127.53819,34.43335],[127.53819,34.43088],[127.535,34.42939],[127.53238,34.42648],[127.5302,34.4223],[127.52737,34.42274],[127.52686,34.424],[127.52047,34.4267],[127.51924,34.42615],[127.51786,34.42318],[127.51328,34.42147],[127.50893,34.41922],[127.50435,34.41845],[127.50152,34.41536],[127.49426,34.41382],[127.49426,34.41278],[127.49099,34.41184],[127.48729,34.41344],[127.48576,34.41536],[127.48692,34.41801],[127.48918,34.41949],[127.4915,34.42021],[127.49012,34.42285],[127.49273,34.42356],[127.49433,34.4262],[127.49419,34.42934],[127.49302,34.43148],[127.49106,34.43324],[127.4883,34.43264],[127.48605,34.43352],[127.48511,34.43671],[127.48293,34.43748],[127.48068,34.43643],[127.4801,34.43385],[127.47908,34.43253],[127.47523,34.43275],[127.47167,34.43605],[127.46819,34.43743],[127.46565,34.43985],[127.46645,34.44128],[127.46514,34.44342],[127.46281,34.44364],[127.4634,34.44667],[127.4647,34.44689],[127.47073,34.44463],[127.47363,34.44238],[127.47937,34.44194],[127.48242,34.44238],[127.48475,34.44557],[127.48533,34.44771],[127.47915,34.4509],[127.47298,34.45266],[127.47095,34.45283],[127.46942,34.45129],[127.4655,34.45057],[127.46412,34.45283],[127.46042,34.45162],[127.45984,34.44947],[127.45853,34.44881],[127.45563,34.44898],[127.45134,34.44656],[127.44967,34.44898],[127.45054,34.44969],[127.45381,34.44986],[127.45766,34.4514],[127.45839,34.45266],[127.45679,34.45662],[127.45541,34.45822],[127.45337,34.464],[127.45214,34.46878],[127.45388,34.47461],[127.45512,34.47593],[127.45715,34.47637],[127.46281,34.4717],[127.46688,34.47115],[127.47008,34.46642],[127.47284,34.46433],[127.4785,34.46411]]],[[[127.21737,34.49519],[127.22179,34.49403],[127.22586,34.48908],[127.22789,34.4887],[127.23131,34.48479],[127.22949,34.48342],[127.22964,34.48199],[127.23211,34.481],[127.23501,34.47577],[127.2345,34.4739],[127.23058,34.47263],[127.2292,34.4701],[127.22906,34.4657],[127.22986,34.46444],[127.22891,34.46257],[127.22688,34.46147],[127.22209,34.4553],[127.22187,34.45162],[127.22042,34.44997],[127.21983,34.44667],[127.22056,34.44458],[127.21831,34.43798],[127.2162,34.43594],[127.21344,34.43621],[127.2117,34.43539],[127.21068,34.43258],[127.20792,34.43143],[127.20836,34.42934],[127.20422,34.43005],[127.19928,34.43005],[127.19631,34.43115],[127.18904,34.43044],[127.17866,34.43192],[127.16878,34.43506],[127.16544,34.43484],[127.16268,34.43341],[127.16109,34.43368],[127.16276,34.42945],[127.16159,34.42796],[127.1576,34.42653],[127.15549,34.42736],[127.15564,34.42989],[127.15346,34.43121],[127.14598,34.42972],[127.14308,34.42752],[127.14315,34.42345],[127.1438,34.42213],[127.14148,34.42048],[127.13828,34.42681],[127.13581,34.42901],[127.13182,34.43027],[127.1271,34.43066],[127.1247,34.43132],[127.12507,34.43522],[127.12078,34.43787],[127.11686,34.43831],[127.11526,34.43996],[127.11505,34.44282],[127.11773,34.44469],[127.11737,34.447],[127.11468,34.44843],[127.10873,34.44782],[127.10793,34.44661],[127.10829,34.44304],[127.1067,34.44166],[127.10219,34.44133],[127.09929,34.4432],[127.10001,34.44546],[127.10161,34.44711],[127.10009,34.44969],[127.1064,34.45404],[127.1059,34.4558],[127.10183,34.46075],[127.0966,34.4684],[127.09341,34.46928],[127.09297,34.47071],[127.09508,34.47329],[127.09667,34.47318],[127.09696,34.47164],[127.10103,34.46884],[127.1051,34.46994],[127.10713,34.47181],[127.10699,34.47511],[127.10837,34.47571],[127.11062,34.47527],[127.11301,34.47577],[127.11664,34.47951],[127.11737,34.48182],[127.11643,34.48402],[127.1112,34.48474],[127.11062,34.48529],[127.11643,34.48721],[127.11817,34.48694],[127.12064,34.48886],[127.12115,34.49024],[127.12405,34.49035],[127.12456,34.48875],[127.12332,34.48699],[127.12398,34.48501],[127.12848,34.47814],[127.13291,34.47737],[127.1348,34.47913],[127.13625,34.47924],[127.13705,34.47781],[127.13538,34.47599],[127.13632,34.47285],[127.14184,34.4728],[127.1446,34.47351],[127.14693,34.47555],[127.14889,34.48045],[127.15724,34.47819],[127.16312,34.48012],[127.1637,34.48166],[127.17873,34.49095],[127.18265,34.48996],[127.18883,34.49392],[127.19558,34.4926],[127.19609,34.48881],[127.19885,34.48793],[127.20379,34.48952],[127.20676,34.4909],[127.21134,34.49398],[127.21272,34.49222],[127.21562,34.49535],[127.21737,34.49519]]],[[[127.7697,34.53045],[127.7697,34.53045],[127.7697,34.53045],[127.7697,34.53045]]],[[[126.78224,34.53089],[126.77911,34.53199],[126.77643,34.53596],[126.77694,34.53783],[126.77919,34.53816],[126.78071,34.5364],[126.78304,34.53618],[126.78543,34.53342],[126.78224,34.53089]]],[[[127.4663,34.54366],[127.47247,34.54426],[127.47531,34.5425],[127.47894,34.53717],[127.47843,34.53552],[127.47436,34.53227],[127.47458,34.53073],[127.47233,34.52946],[127.46361,34.53023],[127.45955,34.52902],[127.4586,34.52572],[127.45947,34.5249],[127.46456,34.52363],[127.46674,34.52402],[127.47073,34.5233],[127.47385,34.51995],[127.47567,34.5151],[127.47531,34.51406],[127.47284,34.51422],[127.46739,34.51621],[127.46797,34.51753],[127.46492,34.51758],[127.45897,34.51549],[127.4578,34.51362],[127.46158,34.50999],[127.46485,34.50817],[127.46652,34.50966],[127.46456,34.5123],[127.46543,34.51301],[127.46703,34.51015],[127.47211,34.50894],[127.47589,34.50966],[127.47952,34.50971],[127.4822,34.50823],[127.48228,34.5057],[127.48453,34.50465],[127.48605,34.50537],[127.48518,34.50713],[127.48649,34.50927],[127.49114,34.50817],[127.49411,34.50438],[127.4976,34.50284],[127.49927,34.50278],[127.50094,34.50009],[127.4997,34.49926],[127.50174,34.49491],[127.50646,34.492],[127.50573,34.4904],[127.50007,34.48897],[127.49695,34.48507],[127.4931,34.48397],[127.4891,34.48474],[127.48888,34.48688],[127.49143,34.48776],[127.4891,34.48991],[127.48809,34.4898],[127.48518,34.48611],[127.4854,34.48435],[127.47705,34.48314],[127.47487,34.48556],[127.47015,34.48655],[127.46398,34.48556],[127.46013,34.48353],[127.46231,34.48237],[127.46289,34.48006],[127.46049,34.47885],[127.45817,34.47858],[127.4586,34.47957],[127.45693,34.48094],[127.45279,34.47869],[127.45061,34.48094],[127.4512,34.48331],[127.4488,34.48776],[127.44742,34.48864],[127.44466,34.48809],[127.44234,34.49018],[127.44096,34.4931],[127.44444,34.49668],[127.44902,34.49943],[127.45323,34.50108],[127.45548,34.50042],[127.45868,34.50284],[127.45802,34.50614],[127.45468,34.50581],[127.4517,34.5068],[127.45221,34.50823],[127.45613,34.51054],[127.45577,34.51136],[127.44953,34.51665],[127.44589,34.51758],[127.44197,34.51604],[127.43921,34.51665],[127.43464,34.51863],[127.43384,34.51962],[127.43645,34.52341],[127.44001,34.52501],[127.44314,34.52721],[127.4419,34.5288],[127.44248,34.53034],[127.44706,34.53474],[127.44844,34.53827],[127.45178,34.54047],[127.45468,34.54162],[127.45439,34.54344],[127.45323,34.54377],[127.45664,34.54553],[127.45882,34.54569],[127.46405,34.54382],[127.4663,34.54366]]],[[[126.79422,34.54723],[126.79422,34.54723]]],[[[127.7697,34.53045],[127.76919,34.52985],[127.77079,34.52666],[127.77427,34.52462],[127.78016,34.52011],[127.78001,34.51621],[127.7819,34.51367],[127.78204,34.51158],[127.78103,34.51103],[127.7742,34.51125],[127.76709,34.51103],[127.7681,34.50922],[127.77028,34.50872],[127.77239,34.5068],[127.775,34.50663],[127.77761,34.50531],[127.77899,34.50685],[127.78139,34.50757],[127.78255,34.50641],[127.78553,34.50608],[127.78647,34.50779],[127.78771,34.50537],[127.79098,34.50256],[127.79301,34.50229],[127.79301,34.50091],[127.79098,34.4986],[127.79134,34.49734],[127.79439,34.49486],[127.79548,34.49464],[127.79838,34.49646],[127.79838,34.49524],[127.79613,34.49282],[127.79236,34.49172],[127.79119,34.49084],[127.79025,34.48705],[127.78916,34.48683],[127.77965,34.48815],[127.77144,34.48738],[127.77028,34.48881],[127.77035,34.49079],[127.76897,34.4915],[127.76672,34.48908],[127.76367,34.49002],[127.76266,34.49101],[127.76948,34.49249],[127.77377,34.49778],[127.77268,34.49992],[127.77217,34.49866],[127.7673,34.49624],[127.76229,34.49921],[127.75961,34.49822],[127.75394,34.49926],[127.75292,34.50146],[127.75459,34.50256],[127.75445,34.5046],[127.75104,34.50493],[127.74842,34.50201],[127.74232,34.50141],[127.73477,34.50317],[127.73368,34.50504],[127.74014,34.50779],[127.74087,34.51021],[127.73673,34.51252],[127.73223,34.51318],[127.72932,34.51279],[127.72591,34.51439],[127.72569,34.51687],[127.72656,34.51824],[127.7299,34.52088],[127.73237,34.52506],[127.73216,34.52688],[127.72998,34.52743],[127.72664,34.526],[127.72359,34.52374],[127.7201,34.52303],[127.71378,34.52682],[127.71306,34.52924],[127.71139,34.53029],[127.70645,34.53051],[127.70362,34.53111],[127.70064,34.5332],[127.69694,34.53766],[127.69715,34.53926],[127.70492,34.53964],[127.70986,34.53772],[127.71197,34.5381],[127.7148,34.54019],[127.72511,34.54707],[127.72547,34.54894],[127.72831,34.54899],[127.73317,34.55086],[127.74043,34.55312],[127.74929,34.55169],[127.75111,34.55059],[127.75351,34.55037],[127.75525,34.55174],[127.75779,34.55152],[127.75837,34.54883],[127.76229,34.54459],[127.76171,34.54305],[127.76411,34.53909],[127.76236,34.53485],[127.76382,34.53298],[127.76694,34.53056],[127.7697,34.53045]]],[[[126.2522,34.5842],[126.25445,34.58459],[126.25365,34.58552],[126.25467,34.58717],[126.25786,34.58745],[126.26011,34.58453],[126.2657,34.58459],[126.26643,34.58541],[126.27369,34.58492],[126.27834,34.58398],[126.28124,34.58052],[126.27921,34.57942],[126.27914,34.57804],[126.28146,34.577],[126.28625,34.57705],[126.29047,34.57766],[126.29148,34.57557],[126.29141,34.57226],[126.2941,34.5738],[126.29787,34.57309],[126.29918,34.57149],[126.30354,34.571],[126.30521,34.56792],[126.30913,34.56484],[126.30978,34.5628],[126.30826,34.56016],[126.30586,34.55901],[126.30368,34.55989],[126.301,34.55895],[126.30085,34.55681],[126.3023,34.55499],[126.31065,34.55086],[126.31196,34.54679],[126.31436,34.54377],[126.32525,34.5403],[126.32685,34.54338],[126.32656,34.54663],[126.32852,34.54756],[126.33179,34.54762],[126.33898,34.55158],[126.34028,34.55015],[126.3376,34.54701],[126.33687,34.54382],[126.33919,34.54245],[126.34282,34.54355],[126.34529,34.54162],[126.34522,34.53772],[126.34813,34.53452],[126.35183,34.53381],[126.35379,34.53243],[126.35379,34.53078],[126.35154,34.52963],[126.35139,34.52743],[126.35807,34.52594],[126.35909,34.52622],[126.36192,34.5249],[126.36381,34.52187],[126.36432,34.52006],[126.36788,34.51555],[126.37202,34.51378],[126.37463,34.51422],[126.37674,34.51307],[126.37688,34.50828],[126.38284,34.50531],[126.3832,34.50366],[126.38197,34.50196],[126.37942,34.50102],[126.37768,34.5024],[126.37274,34.50075],[126.3734,34.49557],[126.37826,34.49293],[126.37935,34.49018],[126.37921,34.48639],[126.38204,34.48496],[126.38494,34.48144],[126.38138,34.47841],[126.37884,34.47825],[126.37674,34.48083],[126.37616,34.48254],[126.37717,34.48441],[126.37572,34.48534],[126.37369,34.48523],[126.37231,34.48375],[126.37006,34.48298],[126.36802,34.4838],[126.3681,34.48485],[126.36403,34.48452],[126.35989,34.4832],[126.35822,34.48083],[126.35786,34.4772],[126.35851,34.47483],[126.36062,34.47296],[126.36323,34.47203],[126.3673,34.47137],[126.37158,34.47137],[126.37223,34.47038],[126.37129,34.46774],[126.37151,34.46603],[126.37049,34.46444],[126.36679,34.46488],[126.36236,34.46147],[126.35953,34.45861],[126.35829,34.45591],[126.35945,34.45228],[126.36069,34.4503],[126.36483,34.4459],[126.3657,34.44331],[126.35742,34.43748],[126.35176,34.43115],[126.35205,34.42686],[126.3482,34.42296],[126.34464,34.42147],[126.34304,34.41971],[126.34239,34.41547],[126.33941,34.41635],[126.33731,34.41575],[126.33534,34.41415],[126.33694,34.40799],[126.33767,34.40365],[126.33672,34.40073],[126.33418,34.3993],[126.33121,34.40073],[126.32874,34.39936],[126.32779,34.39594],[126.32932,34.39435],[126.32663,34.39396],[126.32678,34.39787],[126.32387,34.40007],[126.32009,34.40508],[126.32409,34.40491],[126.32503,34.40398],[126.32772,34.40585],[126.32206,34.41168],[126.32155,34.41388],[126.32569,34.41426],[126.32612,34.41586],[126.32264,34.41646],[126.32242,34.41834],[126.32496,34.41966],[126.32481,34.42114],[126.32278,34.42087],[126.32024,34.4245],[126.31864,34.42411],[126.31966,34.41977],[126.31784,34.41861],[126.31588,34.41944],[126.31116,34.41602],[126.31298,34.41415],[126.31254,34.41052],[126.31378,34.40799],[126.31508,34.40084],[126.31356,34.40029],[126.31225,34.40359],[126.31247,34.40557],[126.30927,34.40695],[126.30717,34.41025],[126.3039,34.41366],[126.30201,34.41437],[126.301,34.41294],[126.30448,34.4064],[126.30695,34.40464],[126.30644,34.402],[126.30492,34.40348],[126.30114,34.40321],[126.29925,34.40381],[126.29889,34.40821],[126.29802,34.40904],[126.29257,34.40887],[126.2917,34.40497],[126.29177,34.40288],[126.29402,34.40178],[126.29693,34.39848],[126.29664,34.39655],[126.29097,34.39572],[126.28952,34.39396],[126.29279,34.39132],[126.29744,34.39083],[126.29853,34.39418],[126.30252,34.39534],[126.30252,34.3927],[126.30441,34.38885],[126.30194,34.38736],[126.2994,34.38797],[126.29635,34.3861],[126.29671,34.3845],[126.29896,34.38219],[126.30332,34.38236],[126.30514,34.38522],[126.30753,34.38483],[126.31029,34.3823],[126.31007,34.38131],[126.30753,34.38181],[126.30608,34.38054],[126.30833,34.3779],[126.30891,34.37553],[126.30782,34.37333],[126.30463,34.3741],[126.30216,34.37003],[126.29925,34.3691],[126.29635,34.36998],[126.29417,34.37196],[126.29468,34.37366],[126.29228,34.37421],[126.28974,34.37196],[126.28909,34.37053],[126.29206,34.36624],[126.28843,34.36415],[126.28553,34.36464],[126.28604,34.3675],[126.28531,34.36833],[126.28168,34.36761],[126.27957,34.36943],[126.27965,34.37196],[126.28197,34.37289],[126.28088,34.37658],[126.28502,34.38005],[126.28509,34.3812],[126.28357,34.3828],[126.28335,34.38505],[126.28415,34.38835],[126.28749,34.38956],[126.28829,34.38791],[126.2917,34.38901],[126.29185,34.39132],[126.28967,34.39352],[126.28589,34.39396],[126.28364,34.39363],[126.28342,34.3927],[126.27957,34.39],[126.27638,34.39061],[126.27587,34.39253],[126.27812,34.39325],[126.27783,34.39523],[126.27558,34.39567],[126.26941,34.39556],[126.26556,34.39732],[126.262,34.39424],[126.26055,34.39231],[126.25946,34.38824],[126.25989,34.38588],[126.26636,34.38445],[126.26549,34.38126],[126.26614,34.37944],[126.2681,34.37944],[126.26745,34.37801],[126.2652,34.37801],[126.26229,34.37884],[126.25982,34.38027],[126.25539,34.38131],[126.2551,34.37895],[126.25205,34.37806],[126.24697,34.37944],[126.24392,34.37878],[126.24239,34.37691],[126.23927,34.37047],[126.2347,34.36893],[126.23317,34.36976],[126.23281,34.37399],[126.23027,34.37449],[126.22874,34.37278],[126.22932,34.37086],[126.22627,34.37036],[126.22155,34.36739],[126.21937,34.3675],[126.21342,34.37064],[126.20783,34.37196],[126.20274,34.37124],[126.20049,34.37009],[126.19853,34.36772],[126.201,34.36772],[126.20245,34.3697],[126.20913,34.36794],[126.21327,34.36332],[126.21414,34.3603],[126.2124,34.3603],[126.2108,34.36178],[126.20616,34.36112],[126.20325,34.35798],[126.19686,34.35776],[126.19461,34.35655],[126.18807,34.35661],[126.1864,34.35551],[126.18575,34.35287],[126.18306,34.35237],[126.18074,34.35083],[126.17994,34.34896],[126.17943,34.35017],[126.1803,34.3532],[126.18248,34.35474],[126.18241,34.35864],[126.18023,34.35914],[126.17617,34.35468],[126.17275,34.35265],[126.16389,34.35243],[126.16062,34.35369],[126.15641,34.35672],[126.15641,34.35958],[126.16375,34.36404],[126.16113,34.36525],[126.16135,34.3642],[126.15954,34.36261],[126.15598,34.36184],[126.1546,34.36244],[126.15649,34.36398],[126.1554,34.36569],[126.15235,34.36668],[126.14966,34.36668],[126.1445,34.36486],[126.14363,34.36327],[126.14603,34.36162],[126.14552,34.35842],[126.14174,34.35738],[126.13869,34.3571],[126.13644,34.35942],[126.13477,34.35975],[126.13056,34.35908],[126.1294,34.36046],[126.13223,34.36376],[126.13623,34.36426],[126.13666,34.36646],[126.13201,34.36712],[126.13528,34.36739],[126.13768,34.37031],[126.13412,34.37416],[126.13572,34.37581],[126.14196,34.37828],[126.14153,34.38258],[126.14225,34.385],[126.13354,34.38538],[126.13005,34.38329],[126.13114,34.3817],[126.13107,34.37994],[126.12991,34.37955],[126.13034,34.38241],[126.12962,34.38357],[126.12802,34.38291],[126.12664,34.38076],[126.12671,34.37878],[126.12192,34.37944],[126.11807,34.3795],[126.11451,34.38126],[126.11488,34.38313],[126.11291,34.3872],[126.10943,34.3911],[126.10928,34.39517],[126.10652,34.39726],[126.09934,34.40172],[126.09708,34.40458],[126.09614,34.40706],[126.09665,34.40953],[126.09345,34.41245],[126.09098,34.41399],[126.09084,34.4174],[126.08931,34.41889],[126.09135,34.42197],[126.0944,34.42351],[126.09672,34.42197],[126.09658,34.42356],[126.09251,34.42615],[126.09345,34.42846],[126.0973,34.43093],[126.09919,34.43005],[126.1005,34.43148],[126.09861,34.43308],[126.09629,34.43368],[126.09621,34.43594],[126.09825,34.43698],[126.09992,34.43616],[126.10188,34.44133],[126.11052,34.44672],[126.11836,34.44936],[126.12076,34.44733],[126.12134,34.4448],[126.12555,34.44243],[126.12838,34.44397],[126.12526,34.44716],[126.12504,34.45063],[126.11851,34.45365],[126.11705,34.45541],[126.11633,34.4585],[126.12032,34.46031],[126.12359,34.46317],[126.12424,34.4646],[126.12737,34.46565],[126.13042,34.46598],[126.13412,34.4657],[126.13971,34.46856],[126.14276,34.47087],[126.14378,34.47412],[126.14479,34.47533],[126.14872,34.47764],[126.15053,34.47792],[126.15932,34.48243],[126.16317,34.48281],[126.17246,34.48474],[126.17457,34.48804],[126.17573,34.49156],[126.17471,34.4926],[126.17384,34.49541],[126.17842,34.50185],[126.19069,34.51433],[126.19258,34.51406],[126.19447,34.51175],[126.19178,34.51021],[126.1904,34.50773],[126.18844,34.49998],[126.18829,34.49624],[126.19163,34.49403],[126.19773,34.49469],[126.2026,34.49574],[126.20492,34.49568],[126.20797,34.50086],[126.20761,34.5019],[126.20361,34.50663],[126.2018,34.50625],[126.20027,34.50482],[126.19802,34.50735],[126.19889,34.51076],[126.20165,34.51158],[126.20325,34.51378],[126.20797,34.51444],[126.21153,34.5167],[126.22322,34.51626],[126.22395,34.51901],[126.2217,34.5205],[126.21698,34.52198],[126.21306,34.5244],[126.21182,34.52693],[126.21465,34.52699],[126.21676,34.52831],[126.21683,34.531],[126.21872,34.53265],[126.22235,34.52985],[126.22489,34.53007],[126.22504,34.5337],[126.2246,34.53904],[126.22576,34.54129],[126.22758,34.5392],[126.22736,34.53629],[126.22998,34.53502],[126.23353,34.53463],[126.23593,34.53645],[126.25074,34.56115],[126.25038,34.56412],[126.24798,34.56462],[126.24493,34.56863],[126.24247,34.56869],[126.24094,34.56533],[126.23963,34.56638],[126.24203,34.57358],[126.24014,34.57414],[126.23992,34.57568],[126.24341,34.57947],[126.24457,34.5798],[126.24392,34.58272],[126.24297,34.58338],[126.23804,34.58266],[126.24014,34.58651],[126.24145,34.58739],[126.2498,34.5891],[126.25038,34.58794],[126.24995,34.58563],[126.2522,34.5842]]],[[[126.05816,34.62849],[126.06288,34.6275],[126.06949,34.62799],[126.07464,34.62557],[126.07632,34.62271],[126.08285,34.61837],[126.08278,34.61397],[126.08452,34.6116],[126.08772,34.60841],[126.09338,34.60648],[126.09498,34.60681],[126.09578,34.6083],[126.10006,34.60813],[126.10282,34.60582],[126.10122,34.60236],[126.09875,34.60065],[126.09846,34.59686],[126.09992,34.59598],[126.10326,34.59537],[126.10318,34.59245],[126.10761,34.58965],[126.11066,34.58943],[126.11139,34.5886],[126.10965,34.58574],[126.10732,34.5847],[126.10485,34.58481],[126.10282,34.58343],[126.10217,34.58162],[126.105,34.57997],[126.10376,34.57865],[126.10246,34.58024],[126.10035,34.58079],[126.0989,34.58024],[126.09912,34.57826],[126.1018,34.57738],[126.10347,34.57568],[126.10137,34.57358],[126.09607,34.57447],[126.09193,34.5688],[126.09396,34.56874],[126.09774,34.56627],[126.10028,34.56132],[126.09912,34.56027],[126.10224,34.55736],[126.10209,34.55527],[126.09941,34.55229],[126.0997,34.55394],[126.09817,34.55505],[126.09069,34.55609],[126.08931,34.55543],[126.0835,34.5562],[126.08205,34.55477],[126.08343,34.55273],[126.08539,34.55251],[126.08634,34.54641],[126.08314,34.54415],[126.07987,34.54261],[126.07922,34.54173],[126.07406,34.53937],[126.06637,34.5375],[126.06433,34.53964],[126.06281,34.54025],[126.06128,34.53876],[126.06165,34.53651],[126.06317,34.53474],[126.06136,34.53298],[126.05642,34.53062],[126.05322,34.531],[126.04901,34.53023],[126.04204,34.53084],[126.0408,34.53386],[126.03993,34.53419],[126.03224,34.53254],[126.03144,34.53106],[126.02766,34.53419],[126.0265,34.53678],[126.02802,34.54289],[126.0294,34.54382],[126.03325,34.54327],[126.03667,34.54063],[126.03688,34.53937],[126.04269,34.53761],[126.04473,34.53761],[126.04669,34.53871],[126.04792,34.54168],[126.04531,34.54245],[126.04473,34.54333],[126.04567,34.54613],[126.04828,34.54635],[126.05271,34.54888],[126.0599,34.54789],[126.06085,34.54883],[126.05707,34.55196],[126.05802,34.55284],[126.06056,34.55312],[126.06034,34.55488],[126.05344,34.55692],[126.05119,34.55615],[126.05148,34.55543],[126.04843,34.55472],[126.04364,34.5562],[126.04204,34.55752],[126.03797,34.55802],[126.03478,34.55229],[126.03412,34.55174],[126.02773,34.55257],[126.02628,34.554],[126.02686,34.55648],[126.03086,34.56115],[126.03333,34.56011],[126.03478,34.56093],[126.03754,34.56495],[126.04356,34.56528],[126.04712,34.565],[126.05533,34.56203],[126.06056,34.56055],[126.06179,34.56088],[126.06281,34.55928],[126.06484,34.56022],[126.07268,34.57078],[126.07116,34.57226],[126.07348,34.57347],[126.07661,34.57342],[126.08067,34.57755],[126.0814,34.58112],[126.08532,34.58008],[126.08699,34.58453],[126.08539,34.5853],[126.08104,34.58409],[126.07464,34.58409],[126.07377,34.58723],[126.07072,34.59097],[126.06855,34.59444],[126.06811,34.59658],[126.0692,34.59724],[126.06775,34.60274],[126.06455,34.60753],[126.06528,34.60813],[126.05976,34.61215],[126.05802,34.61138],[126.05286,34.61033],[126.05017,34.61061],[126.0485,34.60956],[126.04734,34.61011],[126.0493,34.61584],[126.04995,34.61963],[126.04872,34.62117],[126.04952,34.62447],[126.04959,34.62805],[126.0517,34.62986],[126.05569,34.63019],[126.05816,34.62849]]],[[[126.01742,34.63553],[126.01793,34.63454],[126.02265,34.63394],[126.03006,34.6346],[126.0379,34.63058],[126.03957,34.62997],[126.04008,34.62689],[126.03986,34.62299],[126.03855,34.6176],[126.03616,34.61683],[126.03274,34.61237],[126.03318,34.6111],[126.0363,34.60791],[126.04553,34.60192],[126.04865,34.60175],[126.05279,34.60225],[126.05409,34.60439],[126.05598,34.60263],[126.05707,34.59829],[126.05998,34.59482],[126.06121,34.59201],[126.06165,34.58794],[126.06048,34.58668],[126.06441,34.58321],[126.06404,34.58096],[126.06194,34.57573],[126.05838,34.57045],[126.05598,34.56819],[126.05322,34.56825],[126.05213,34.56913],[126.05257,34.57089],[126.04712,34.57116],[126.04523,34.57001],[126.04523,34.56869],[126.04226,34.56797],[126.04102,34.56852],[126.04182,34.57072],[126.04088,34.57188],[126.03703,34.57259],[126.03122,34.57199],[126.02919,34.56693],[126.02948,34.56555],[126.02512,34.56401],[126.0196,34.56385],[126.01851,34.56605],[126.01793,34.57193],[126.01909,34.57193],[126.02192,34.57452],[126.01808,34.57584],[126.01946,34.57705],[126.01924,34.57903],[126.01728,34.58299],[126.01466,34.58404],[126.01517,34.58684],[126.01633,34.58668],[126.01931,34.59058],[126.01902,34.58838],[126.02047,34.58805],[126.02418,34.58937],[126.02621,34.59108],[126.02672,34.59267],[126.02614,34.59515],[126.02127,34.59807],[126.01989,34.60027],[126.01837,34.60043],[126.01619,34.59939],[126.01466,34.59625],[126.01285,34.59554],[126.01118,34.59625],[126.01386,34.60054],[126.01546,34.60225],[126.01372,34.60489],[126.01168,34.60445],[126.01074,34.60593],[126.01096,34.60786],[126.01343,34.61028],[126.01619,34.61556],[126.01677,34.6182],[126.01582,34.62007],[126.01306,34.62161],[126.01248,34.62359],[126.01285,34.62629],[126.01183,34.62821],[126.00958,34.62849],[126.00994,34.63107],[126.01103,34.63267],[126.01277,34.63201],[126.01394,34.63295],[126.01299,34.6341],[126.01742,34.63553]]],[[[126.16033,34.66903],[126.16222,34.66678],[126.17021,34.66188],[126.17115,34.66276],[126.17479,34.66364],[126.17653,34.66155],[126.17711,34.65963],[126.17508,34.65913],[126.1742,34.656],[126.18001,34.65572],[126.17987,34.65688],[126.18161,34.65803],[126.18263,34.65644],[126.18219,34.65462],[126.18502,34.65187],[126.18713,34.65248],[126.18786,34.65088],[126.18568,34.64681],[126.18292,34.64488],[126.18364,34.64241],[126.18699,34.64219],[126.18771,34.64087],[126.1843,34.64004],[126.18524,34.63784],[126.18619,34.63762],[126.19163,34.63933],[126.19207,34.63999],[126.19955,34.64235],[126.20144,34.64109],[126.20173,34.63614],[126.19715,34.63421],[126.19635,34.63256],[126.18974,34.63328],[126.1859,34.63041],[126.18306,34.6308],[126.18081,34.63036],[126.17943,34.6275],[126.18001,34.62684],[126.17856,34.62524],[126.17391,34.62189],[126.16956,34.62178],[126.16709,34.62502],[126.1676,34.62706],[126.16389,34.62827],[126.15736,34.62684],[126.153,34.62447],[126.15082,34.62227],[126.15169,34.62035],[126.14668,34.62051],[126.14407,34.61941],[126.13797,34.61853],[126.13448,34.61721],[126.13477,34.61573],[126.13034,34.61325],[126.12206,34.61545],[126.12875,34.61991],[126.12896,34.62139],[126.12678,34.62343],[126.12315,34.62574],[126.12199,34.62926],[126.12947,34.63454],[126.13107,34.63856],[126.13216,34.63883],[126.13216,34.64169],[126.12947,34.64455],[126.12359,34.64565],[126.12221,34.64483],[126.12192,34.64241],[126.11778,34.64268],[126.11495,34.64582],[126.11255,34.64609],[126.11023,34.64483],[126.10863,34.64631],[126.11066,34.6495],[126.11255,34.64615],[126.11509,34.64774],[126.11458,34.65115],[126.11691,34.6533],[126.1196,34.65358],[126.12083,34.65203],[126.12301,34.65176],[126.12737,34.65209],[126.12831,34.6549],[126.13049,34.65721],[126.1302,34.66023],[126.13267,34.65919],[126.13259,34.65792],[126.13412,34.65787],[126.1363,34.66078],[126.14109,34.6621],[126.14138,34.6637],[126.14436,34.66727],[126.14763,34.67057],[126.14973,34.67201],[126.15351,34.67289],[126.15787,34.66958],[126.16033,34.66903]]],[[[125.42515,34.69665],[125.42733,34.6983],[125.43183,34.69594],[125.43045,34.69236],[125.42718,34.69021],[125.42921,34.68493],[125.43517,34.68499],[125.43633,34.68411],[125.44098,34.68356],[125.44475,34.68521],[125.44432,34.68862],[125.44287,34.69032],[125.44541,34.69247],[125.44439,34.69473],[125.44744,34.69137],[125.44904,34.69132],[125.45114,34.68939],[125.45434,34.69027],[125.45449,34.69121],[125.45267,34.6939],[125.45405,34.69544],[125.45601,34.69363],[125.45855,34.69291],[125.46008,34.69363],[125.46204,34.69302],[125.46378,34.69005],[125.464,34.68713],[125.46197,34.6873],[125.45986,34.68636],[125.46073,34.6846],[125.45957,34.68477],[125.46022,34.68306],[125.45761,34.68092],[125.45717,34.68246],[125.45492,34.6829],[125.45601,34.68499],[125.45383,34.68609],[125.45027,34.68521],[125.44853,34.68328],[125.4494,34.68224],[125.44788,34.68152],[125.44592,34.68246],[125.44388,34.68119],[125.44417,34.67855],[125.44526,34.67707],[125.44512,34.67415],[125.44388,34.67024],[125.44083,34.67206],[125.43924,34.67123],[125.44221,34.66876],[125.44221,34.66524],[125.4396,34.66474],[125.43604,34.66485],[125.43807,34.66238],[125.438,34.66122],[125.43459,34.6593],[125.4274,34.65946],[125.42493,34.6615],[125.42188,34.6593],[125.42457,34.65369],[125.42435,34.65115],[125.42776,34.64615],[125.42428,34.644],[125.41898,34.64538],[125.41629,34.64395],[125.41273,34.64389],[125.4115,34.64323],[125.4099,34.63834],[125.40866,34.63663],[125.40866,34.63273],[125.41041,34.63003],[125.41171,34.62491],[125.41084,34.62431],[125.40903,34.62524],[125.40532,34.62607],[125.40293,34.62502],[125.40126,34.62508],[125.39988,34.62634],[125.40089,34.62766],[125.39835,34.62992],[125.39523,34.63003],[125.39349,34.63295],[125.39065,34.63603],[125.38463,34.64334],[125.39138,34.64587],[125.39283,34.64692],[125.39545,34.64598],[125.3985,34.64626],[125.39915,34.64835],[125.3969,34.65082],[125.39741,34.65242],[125.39625,34.6527],[125.3945,34.65088],[125.39196,34.65148],[125.3884,34.65352],[125.38681,34.65704],[125.38833,34.66078],[125.39276,34.6621],[125.39588,34.66128],[125.39748,34.66249],[125.39806,34.66518],[125.39559,34.66914],[125.39755,34.67437],[125.40147,34.67756],[125.40402,34.67789],[125.40518,34.67916],[125.40467,34.68042],[125.40685,34.68339],[125.40917,34.68262],[125.40961,34.6851],[125.40663,34.69038],[125.41084,34.69352],[125.41208,34.69687],[125.41447,34.69841],[125.42035,34.69764],[125.42515,34.69665]]],[[[127.7864,34.712],[127.78684,34.70947],[127.78945,34.7065],[127.79098,34.70287],[127.79076,34.7016],[127.78902,34.70182],[127.78887,34.69946],[127.78597,34.69929],[127.78618,34.70155],[127.78284,34.70276],[127.78074,34.70089],[127.77841,34.70094],[127.77558,34.70298],[127.77754,34.70595],[127.78059,34.70776],[127.77899,34.71173],[127.77696,34.71112],[127.77427,34.7065],[127.77362,34.70419],[127.77144,34.7054],[127.77195,34.70809],[127.77137,34.71062],[127.76592,34.71101],[127.76374,34.70952],[127.76411,34.70782],[127.766,34.7049],[127.77108,34.7027],[127.77014,34.70226],[127.76643,34.70347],[127.76338,34.70512],[127.76309,34.70628],[127.7604,34.70628],[127.75917,34.7038],[127.76077,34.70078],[127.7636,34.69819],[127.76556,34.69451],[127.7681,34.69566],[127.77224,34.6966],[127.77435,34.69885],[127.77732,34.6972],[127.77921,34.69698],[127.77892,34.69517],[127.77979,34.69286],[127.78233,34.6895],[127.78052,34.68724],[127.7774,34.6862],[127.77623,34.68191],[127.7782,34.67844],[127.78052,34.67701],[127.78328,34.67448],[127.78292,34.67168],[127.78509,34.66991],[127.79025,34.66991],[127.79178,34.67245],[127.79519,34.67101],[127.79417,34.66903],[127.79635,34.66705],[127.7994,34.66788],[127.80107,34.66634],[127.79679,34.66513],[127.79374,34.66496],[127.79388,34.66232],[127.7949,34.66062],[127.79788,34.66007],[127.80129,34.66139],[127.80652,34.66084],[127.80637,34.65803],[127.80107,34.65666],[127.79817,34.65512],[127.79875,34.65336],[127.7978,34.65011],[127.79628,34.64873],[127.79693,34.64571],[127.79831,34.64549],[127.79693,34.64411],[127.79606,34.6456],[127.79432,34.64549],[127.79388,34.6429],[127.79715,34.64224],[127.79773,34.63834],[127.79773,34.63449],[127.80005,34.63014],[127.79729,34.62827],[127.79395,34.62854],[127.79432,34.63003],[127.79221,34.63019],[127.79199,34.62563],[127.79381,34.62431],[127.79359,34.62266],[127.79069,34.62244],[127.78967,34.61732],[127.79011,34.61534],[127.79141,34.61479],[127.79214,34.61061],[127.79069,34.60868],[127.78829,34.6083],[127.78807,34.6061],[127.79352,34.60318],[127.79519,34.60318],[127.79591,34.60478],[127.80238,34.6017],[127.80383,34.59928],[127.80122,34.59878],[127.80194,34.5962],[127.80448,34.59554],[127.80543,34.59658],[127.8079,34.59669],[127.80673,34.59499],[127.80543,34.58959],[127.80368,34.58783],[127.80071,34.58657],[127.79424,34.58618],[127.7925,34.58492],[127.78952,34.58481],[127.7848,34.58563],[127.78241,34.58717],[127.7827,34.58789],[127.77805,34.58965],[127.77558,34.58717],[127.77057,34.58794],[127.76643,34.59212],[127.76367,34.5935],[127.76077,34.59289],[127.75648,34.594],[127.75002,34.59273],[127.74835,34.59339],[127.74508,34.59625],[127.74319,34.59856],[127.74225,34.60115],[127.73811,34.60505],[127.73767,34.61055],[127.73477,34.61176],[127.73085,34.6116],[127.72765,34.6132],[127.7193,34.61375],[127.71632,34.61853],[127.71342,34.62128],[127.71168,34.62145],[127.71298,34.62425],[127.71538,34.62585],[127.71603,34.62788],[127.71741,34.62915],[127.71988,34.62876],[127.7217,34.6308],[127.72395,34.63531],[127.7246,34.63751],[127.71741,34.64345],[127.71596,34.64345],[127.71364,34.64153],[127.71226,34.6418],[127.71255,34.64367],[127.71567,34.64345],[127.71967,34.64648],[127.72075,34.65022],[127.72046,34.65121],[127.7217,34.65402],[127.72373,34.65583],[127.72867,34.65605],[127.73099,34.65765],[127.73717,34.66051],[127.74232,34.66436],[127.74806,34.66953],[127.74682,34.67245],[127.74791,34.67481],[127.74987,34.67547],[127.75227,34.68037],[127.75401,34.68185],[127.76142,34.68444],[127.76309,34.68768],[127.75881,34.68933],[127.7567,34.69187],[127.75779,34.69396],[127.75416,34.69786],[127.7551,34.7005],[127.75539,34.70512],[127.75634,34.70776],[127.7522,34.71398],[127.74661,34.71541],[127.74472,34.7197],[127.74269,34.72152],[127.74152,34.72377],[127.74203,34.72674],[127.74072,34.72812],[127.73724,34.72938],[127.73666,34.73071],[127.73826,34.73291],[127.74,34.7339],[127.74668,34.73307],[127.75605,34.73137],[127.76193,34.7279],[127.76658,34.72592],[127.77289,34.72443],[127.77449,34.7224],[127.78117,34.71959],[127.78698,34.71574],[127.7864,34.712]]],[[[127.67246,34.74204],[127.6697,34.74534],[127.67355,34.7455],[127.67392,34.74253],[127.67246,34.74204]]],[[[125.97,34.72559],[125.97225,34.72614],[125.97472,34.72328],[125.97632,34.71948],[125.97639,34.71783],[125.97893,34.71585],[125.98213,34.72212],[125.9907,34.71926],[125.9928,34.71387],[125.99077,34.71134],[125.99411,34.70776],[125.99963,34.70309],[126.00573,34.70215],[126.00943,34.7032],[126.01154,34.70199],[126.0135,34.70314],[126.01394,34.70116],[126.01256,34.70067],[126.01328,34.69786],[126.01096,34.6983],[126.00987,34.69737],[126.00929,34.6917],[126.01067,34.69038],[126.01001,34.68829],[126.00863,34.68735],[126.00696,34.6846],[126.00297,34.68466],[125.99883,34.68339],[125.99339,34.67993],[125.98961,34.6796],[125.98714,34.67817],[125.98765,34.67349],[125.98569,34.67289],[125.98351,34.67454],[125.97966,34.67316],[125.97857,34.67162],[125.97988,34.66414],[125.97458,34.65919],[125.96978,34.65847],[125.96724,34.65858],[125.96477,34.65682],[125.96209,34.65754],[125.95991,34.6571],[125.95541,34.65781],[125.95366,34.65869],[125.95359,34.66073],[125.95475,34.66529],[125.95657,34.66689],[125.95729,34.6687],[125.95482,34.67256],[125.95134,34.67261],[125.94931,34.67206],[125.94785,34.66898],[125.94974,34.66898],[125.94894,34.66766],[125.94597,34.66744],[125.94517,34.66639],[125.94212,34.66738],[125.94052,34.66694],[125.94052,34.66513],[125.93928,34.66546],[125.93798,34.66804],[125.93406,34.6714],[125.93529,34.67377],[125.93282,34.67927],[125.92708,34.67866],[125.92447,34.67024],[125.92062,34.67145],[125.9204,34.67415],[125.92128,34.6769],[125.9228,34.67734],[125.92207,34.67982],[125.91902,34.6796],[125.91902,34.67811],[125.91757,34.67718],[125.91634,34.67833],[125.91532,34.68097],[125.91634,34.68438],[125.9191,34.68581],[125.91888,34.68796],[125.91786,34.68686],[125.9143,34.68587],[125.91401,34.68763],[125.91583,34.69319],[125.91409,34.69698],[125.91496,34.69731],[125.9167,34.70072],[125.91576,34.70221],[125.91706,34.70721],[125.91561,34.71051],[125.91612,34.71129],[125.92106,34.71233],[125.92716,34.71277],[125.93362,34.71552],[125.93696,34.71585],[125.93827,34.71453],[125.94088,34.71354],[125.94626,34.71448],[125.94662,34.71569],[125.94597,34.7186],[125.94778,34.72229],[125.95308,34.72735],[125.95802,34.73164],[125.96136,34.73659],[125.9623,34.73731],[125.96448,34.73615],[125.96775,34.7312],[125.9684,34.72691],[125.97,34.72559]]],[[[126.10464,34.76652],[126.10754,34.7663],[126.1135,34.76767],[126.11553,34.7685],[126.11807,34.7707],[126.12366,34.77109],[126.12599,34.77043],[126.12795,34.76652],[126.12671,34.76586],[126.12708,34.76426],[126.13521,34.75563],[126.14116,34.75469],[126.14385,34.75194],[126.14922,34.75244],[126.15104,34.75414],[126.15002,34.75695],[126.1567,34.75805],[126.16077,34.75788],[126.16302,34.75717],[126.16324,34.75425],[126.16825,34.752],[126.17188,34.75145],[126.17348,34.75337],[126.17384,34.75266],[126.17246,34.74913],[126.1689,34.74836],[126.16738,34.74704],[126.16941,34.74429],[126.17166,34.74396],[126.1758,34.74182],[126.1758,34.74044],[126.1782,34.73538],[126.17958,34.72801],[126.17951,34.72537],[126.18285,34.72372],[126.18001,34.71948],[126.17653,34.71651],[126.17675,34.71431],[126.17827,34.7125],[126.17849,34.70914],[126.17784,34.70628],[126.17435,34.70375],[126.17457,34.70083],[126.16651,34.70001],[126.16121,34.70127],[126.15975,34.70276],[126.15765,34.70353],[126.15402,34.70331],[126.15097,34.70089],[126.14625,34.70193],[126.14712,34.70419],[126.1461,34.70512],[126.14901,34.70787],[126.15002,34.71085],[126.14973,34.71437],[126.14741,34.71767],[126.14225,34.71915],[126.13928,34.72113],[126.13826,34.72432],[126.14218,34.72702],[126.14196,34.72779],[126.13724,34.72856],[126.13543,34.72839],[126.13092,34.72636],[126.12918,34.72641],[126.12403,34.72427],[126.12243,34.72091],[126.12272,34.71844],[126.12192,34.71734],[126.11793,34.71481],[126.11495,34.71651],[126.11408,34.71772],[126.11066,34.718],[126.11023,34.71981],[126.1119,34.72014],[126.1103,34.7219],[126.10188,34.72009],[126.09766,34.72075],[126.08895,34.71888],[126.08394,34.71717],[126.08285,34.71629],[126.08336,34.71349],[126.08133,34.71162],[126.08125,34.70886],[126.08271,34.70925],[126.08045,34.70622],[126.07494,34.70875],[126.07377,34.71156],[126.07486,34.71404],[126.07719,34.71475],[126.08125,34.7202],[126.07944,34.72427],[126.07341,34.73192],[126.07159,34.73505],[126.07036,34.73555],[126.07116,34.74143],[126.07218,34.74259],[126.07399,34.74182],[126.07595,34.74347],[126.07414,34.74534],[126.07392,34.74671],[126.07937,34.74776],[126.08176,34.74974],[126.08104,34.75332],[126.07857,34.757],[126.0769,34.76371],[126.07537,34.76437],[126.07327,34.76377],[126.06775,34.76459],[126.06448,34.76718],[126.0655,34.76751],[126.06913,34.76586],[126.07036,34.76641],[126.07559,34.76674],[126.07849,34.76762],[126.07878,34.76393],[126.08336,34.76355],[126.08576,34.76459],[126.08852,34.76723],[126.08684,34.77213],[126.08714,34.77378],[126.08866,34.77488],[126.09273,34.77296],[126.09556,34.77054],[126.10035,34.76899],[126.10464,34.76652]]],[[[126.35778,34.77967],[126.35996,34.77769],[126.36461,34.77466],[126.37006,34.77351],[126.37521,34.77103],[126.37514,34.76921],[126.3726,34.76723],[126.37107,34.7641],[126.37115,34.76223],[126.37274,34.76091],[126.37202,34.75893],[126.36693,34.75887],[126.36432,34.75942],[126.36221,34.75233],[126.35865,34.75222],[126.35844,34.75018],[126.36054,34.74743],[126.36054,34.74495],[126.35858,34.74572],[126.35655,34.7477],[126.35408,34.74842],[126.35045,34.75057],[126.35038,34.76184],[126.35444,34.76173],[126.35444,34.76531],[126.35277,34.76558],[126.35858,34.76575],[126.35851,34.77131],[126.35546,34.77983],[126.35481,34.78313],[126.3551,34.78517],[126.35655,34.78137],[126.35778,34.77967]]],[[[125.99346,34.80695],[125.99694,34.80541],[125.99825,34.79931],[126.00057,34.79458],[125.99949,34.79326],[125.99927,34.791],[126.0005,34.78946],[125.99694,34.78682],[125.99694,34.7822],[125.996,34.78082],[125.9944,34.7811],[125.99026,34.7789],[125.98525,34.77549],[125.98511,34.7745],[125.9883,34.77279],[125.99578,34.77191],[125.99883,34.77356],[126.00007,34.77164],[125.99985,34.76723],[125.99832,34.76168],[125.99215,34.76036],[125.98946,34.76272],[125.98336,34.76047],[125.98119,34.75629],[125.97719,34.75392],[125.97472,34.75425],[125.97233,34.75541],[125.97262,34.75799],[125.97182,34.75904],[125.96826,34.75882],[125.96819,34.75684],[125.96303,34.75288],[125.96187,34.74748],[125.96027,34.74732],[125.95896,34.74836],[125.95758,34.75348],[125.95744,34.75585],[125.95875,34.76129],[125.96267,34.76217],[125.96151,34.76421],[125.95911,34.76569],[125.95729,34.76448],[125.95352,34.76674],[125.9525,34.76553],[125.95439,34.76289],[125.95555,34.76267],[125.95751,34.75986],[125.9562,34.75359],[125.95243,34.75348],[125.94872,34.7575],[125.93899,34.75464],[125.93696,34.74842],[125.93348,34.74974],[125.93246,34.75112],[125.93326,34.75271],[125.93093,34.75409],[125.92948,34.75178],[125.93602,34.74765],[125.93761,34.74473],[125.94037,34.74237],[125.9435,34.73725],[125.94822,34.73489],[125.94981,34.73362],[125.94589,34.73236],[125.9435,34.7345],[125.94197,34.73351],[125.94306,34.73087],[125.94175,34.72845],[125.93907,34.72971],[125.9379,34.72817],[125.93849,34.72735],[125.9419,34.72597],[125.94052,34.72273],[125.93638,34.72025],[125.92701,34.72053],[125.92556,34.7202],[125.92447,34.71811],[125.92295,34.71723],[125.91757,34.7169],[125.91321,34.71789],[125.90987,34.71981],[125.9053,34.7213],[125.90298,34.72641],[125.90189,34.72757],[125.89847,34.72718],[125.89724,34.72839],[125.8955,34.72856],[125.89375,34.72757],[125.89412,34.72889],[125.89666,34.72938],[125.89557,34.73159],[125.89194,34.73423],[125.89049,34.73285],[125.88918,34.73318],[125.88852,34.73516],[125.88918,34.73736],[125.88693,34.73879],[125.88823,34.74347],[125.89034,34.74446],[125.89034,34.74693],[125.89266,34.7482],[125.89586,34.74825],[125.89368,34.75117],[125.89107,34.75189],[125.89041,34.75684],[125.89085,34.75893],[125.8923,34.75887],[125.8931,34.7575],[125.89521,34.76019],[125.89738,34.75953],[125.89789,34.76041],[125.89412,34.76212],[125.88969,34.76597],[125.88976,34.76668],[125.89346,34.76894],[125.89702,34.76894],[125.90072,34.77026],[125.90239,34.77164],[125.90269,34.77439],[125.89905,34.77334],[125.89767,34.77477],[125.89804,34.77802],[125.9,34.78027],[125.90247,34.77901],[125.90595,34.78033],[125.90675,34.78231],[125.9082,34.78132],[125.90777,34.77686],[125.91191,34.77593],[125.91685,34.77692],[125.92839,34.77571],[125.93609,34.77664],[125.94059,34.77796],[125.9504,34.78231],[125.95374,34.78462],[125.95374,34.7877],[125.95236,34.78908],[125.95918,34.7888],[125.96107,34.78632],[125.9647,34.78764],[125.97,34.79441],[125.97204,34.79788],[125.97087,34.8003],[125.97349,34.80206],[125.97632,34.80272],[125.97886,34.80189],[125.98307,34.80332],[125.98489,34.80459],[125.98729,34.80365],[125.99193,34.80404],[125.99171,34.80591],[125.99346,34.80695]]],[[[126.14073,34.83479],[126.14073,34.83479]]],[[[126.29446,34.84998],[126.29446,34.84998]]],[[[126.11589,34.88199],[126.11858,34.8821],[126.12236,34.87974],[126.12424,34.87908],[126.12635,34.88001],[126.12983,34.88062],[126.13005,34.87644],[126.13158,34.87572],[126.13419,34.87644],[126.13804,34.87512],[126.13986,34.87583],[126.14095,34.87831],[126.14,34.88029],[126.1416,34.88166],[126.14385,34.881],[126.14588,34.87891],[126.14516,34.87534],[126.14792,34.87358],[126.14792,34.87193],[126.15053,34.87],[126.15271,34.8705],[126.1546,34.86934],[126.15714,34.86631],[126.15794,34.86224],[126.15692,34.86054],[126.14864,34.85955],[126.14675,34.86059],[126.1424,34.86054],[126.14015,34.86175],[126.13514,34.86208],[126.13274,34.85988],[126.1347,34.85289],[126.13659,34.85201],[126.13957,34.85223],[126.1469,34.84866],[126.15053,34.8448],[126.15075,34.84365],[126.14901,34.8398],[126.1477,34.83848],[126.14247,34.83683],[126.13971,34.83556],[126.13891,34.83028],[126.14065,34.82929],[126.14167,34.82714],[126.1379,34.82676],[126.13623,34.82742],[126.13412,34.83138],[126.13318,34.83215],[126.13013,34.83243],[126.12432,34.83584],[126.12025,34.83408],[126.11851,34.8288],[126.11458,34.8261],[126.11727,34.81691],[126.1209,34.81515],[126.12279,34.81306],[126.12257,34.81048],[126.11887,34.80684],[126.11865,34.80492],[126.12032,34.80255],[126.11865,34.8003],[126.10972,34.80041],[126.10812,34.80079],[126.10514,34.7998],[126.10159,34.79639],[126.09403,34.79716],[126.09215,34.79909],[126.09127,34.80156],[126.09563,34.80261],[126.09636,34.80602],[126.09425,34.80739],[126.09236,34.81053],[126.09062,34.81504],[126.08859,34.81686],[126.08714,34.81647],[126.08365,34.81697],[126.08009,34.81895],[126.0713,34.81328],[126.0737,34.80833],[126.07406,34.8064],[126.07617,34.80217],[126.07915,34.79898],[126.07922,34.79733],[126.07682,34.79447],[126.07573,34.79425],[126.07283,34.79595],[126.07145,34.79837],[126.06709,34.80376],[126.06477,34.80905],[126.06252,34.80861],[126.06288,34.8075],[126.05772,34.8091],[126.05562,34.81141],[126.05649,34.81202],[126.05562,34.81411],[126.05242,34.81488],[126.04894,34.81449],[126.04698,34.81576],[126.044,34.81977],[126.04393,34.82384],[126.04298,34.82489],[126.04407,34.8267],[126.0477,34.82814],[126.05039,34.82236],[126.053,34.82159],[126.05605,34.82291],[126.0586,34.82186],[126.05881,34.81977],[126.06077,34.81818],[126.06252,34.81834],[126.06644,34.81312],[126.07072,34.81317],[126.08002,34.81906],[126.07704,34.82214],[126.07392,34.82296],[126.07653,34.82703],[126.07595,34.82869],[126.06128,34.84398],[126.05961,34.84767],[126.06114,34.84954],[126.06767,34.85036],[126.07319,34.85064],[126.07653,34.85218],[126.07966,34.85493],[126.08263,34.85922],[126.0891,34.85839],[126.09222,34.85537],[126.10209,34.85174],[126.10507,34.85146],[126.10863,34.85009],[126.11517,34.85075],[126.11655,34.8519],[126.12018,34.85768],[126.11865,34.85867],[126.11626,34.85817],[126.11016,34.86521],[126.10907,34.86835],[126.11045,34.87033],[126.1111,34.87501],[126.10878,34.87732],[126.10849,34.87924],[126.10936,34.88029],[126.11226,34.87963],[126.11473,34.88293],[126.11589,34.88199]]],[[[126.29446,34.84998],[126.29308,34.85317],[126.29141,34.85493],[126.28379,34.85515],[126.28161,34.85564],[126.27652,34.8557],[126.27493,34.85465],[126.27282,34.85014],[126.27435,34.85119],[126.27297,34.84849],[126.26861,34.84497],[126.26454,34.84057],[126.2628,34.83974],[126.26142,34.84035],[126.2567,34.84095],[126.25554,34.84007],[126.25176,34.84134],[126.24755,34.84436],[126.24682,34.84563],[126.24101,34.84789],[126.23833,34.84844],[126.23121,34.84888],[126.22671,34.8475],[126.22598,34.85031],[126.22751,34.85042],[126.22896,34.85289],[126.22845,34.85515],[126.23077,34.85779],[126.23237,34.86153],[126.23317,34.86472],[126.23542,34.86422],[126.23716,34.86268],[126.23775,34.86103],[126.24174,34.85916],[126.24414,34.85861],[126.25401,34.85872],[126.25982,34.85823],[126.26411,34.85949],[126.26498,34.86032],[126.2665,34.86472],[126.26803,34.87105],[126.26933,34.87286],[126.27151,34.87138],[126.27144,34.87006],[126.27376,34.86422],[126.27529,34.86527],[126.2779,34.86488],[126.2779,34.86329],[126.27943,34.86345],[126.28161,34.86758],[126.2803,34.87176],[126.27885,34.87231],[126.27819,34.87396],[126.27877,34.87781],[126.28103,34.88232],[126.28139,34.88502],[126.28015,34.88579],[126.28124,34.88717],[126.28546,34.88728],[126.28887,34.88546],[126.28952,34.88221],[126.29272,34.88133],[126.2978,34.88227],[126.29933,34.88309],[126.30368,34.88772],[126.30288,34.89063],[126.30027,34.89421],[126.29889,34.89514],[126.29584,34.8996],[126.29511,34.90147],[126.29105,34.9013],[126.28553,34.90642],[126.28052,34.90983],[126.28161,34.91247],[126.28386,34.91451],[126.28836,34.91693],[126.29134,34.91781],[126.29395,34.92045],[126.29628,34.92193],[126.2994,34.92177],[126.3031,34.91929],[126.30543,34.92034],[126.30615,34.91709],[126.30521,34.91572],[126.30354,34.9155],[126.30405,34.91396],[126.31312,34.90785],[126.31813,34.90642],[126.32118,34.90763],[126.3214,34.91011],[126.3246,34.91176],[126.32874,34.90923],[126.33607,34.90917],[126.33839,34.90796],[126.33861,34.90466],[126.34065,34.90163],[126.34348,34.89987],[126.3495,34.89866],[126.35147,34.89745],[126.35147,34.89096],[126.34958,34.88733],[126.34856,34.88783],[126.34834,34.89239],[126.34675,34.89399],[126.34311,34.89459],[126.33694,34.89349],[126.33665,34.88854],[126.33513,34.88678],[126.33317,34.88695],[126.33331,34.8892],[126.33113,34.89058],[126.32634,34.89168],[126.32583,34.89069],[126.32554,34.88458],[126.32634,34.88227],[126.32961,34.87941],[126.32663,34.87875],[126.32373,34.88172],[126.31922,34.88359],[126.31697,34.88287],[126.31291,34.87902],[126.3132,34.87765],[126.31995,34.87589],[126.3254,34.87352],[126.32532,34.87237],[126.32322,34.87242],[126.32097,34.87083],[126.32133,34.86857],[126.32038,34.86791],[126.31625,34.86775],[126.31429,34.86819],[126.31443,34.86659],[126.31646,34.86472],[126.32009,34.8623],[126.32489,34.86125],[126.33302,34.86191],[126.33672,34.86411],[126.3405,34.86428],[126.34791,34.86285],[126.35009,34.86285],[126.3535,34.86406],[126.35691,34.86373],[126.35757,34.86235],[126.36272,34.85625],[126.36613,34.85652],[126.36693,34.85773],[126.36882,34.85537],[126.36759,34.85383],[126.36773,34.85086],[126.36984,34.84943],[126.37129,34.84728],[126.37151,34.84321],[126.37078,34.842],[126.36802,34.84216],[126.36505,34.83919],[126.36534,34.83639],[126.36722,34.83611],[126.37035,34.83732],[126.37115,34.83875],[126.37303,34.83314],[126.37085,34.83221],[126.36788,34.83265],[126.3657,34.83149],[126.36512,34.82808],[126.36701,34.82725],[126.3678,34.82582],[126.36722,34.82406],[126.362,34.82329],[126.36011,34.81944],[126.35822,34.81895],[126.35466,34.81504],[126.3511,34.81482],[126.35009,34.81367],[126.34783,34.81422],[126.34733,34.81609],[126.34297,34.81851],[126.33948,34.81625],[126.33825,34.81631],[126.33346,34.81818],[126.32736,34.82203],[126.32685,34.82456],[126.32961,34.82423],[126.3336,34.82494],[126.33607,34.82665],[126.33505,34.83067],[126.33745,34.8338],[126.3434,34.83281],[126.34595,34.83534],[126.34442,34.84156],[126.34188,34.84244],[126.33941,34.83859],[126.33687,34.83947],[126.33578,34.842],[126.33709,34.84299],[126.33701,34.84447],[126.33447,34.84833],[126.33171,34.85014],[126.3291,34.85108],[126.32068,34.85053],[126.31617,34.84629],[126.31247,34.85322],[126.30252,34.85399],[126.29664,34.85223],[126.29446,34.84998]]],[[[126.0631,34.93277],[126.06579,34.9347],[126.06615,34.93596],[126.0684,34.93679],[126.07377,34.93376],[126.07515,34.93387],[126.07878,34.93134],[126.07857,34.92931],[126.07486,34.9249],[126.07494,34.92276],[126.07653,34.92116],[126.08169,34.91918],[126.08634,34.92045],[126.08728,34.92138],[126.09069,34.9227],[126.09149,34.92138],[126.09011,34.9188],[126.08314,34.91566],[126.08292,34.91352],[126.08416,34.91132],[126.08641,34.91187],[126.09142,34.91148],[126.09171,34.90967],[126.09382,34.90846],[126.09527,34.90873],[126.09701,34.9111],[126.09861,34.90978],[126.0952,34.90598],[126.09215,34.90394],[126.08699,34.90147],[126.08554,34.90031],[126.08365,34.89564],[126.08394,34.89415],[126.09004,34.89019],[126.09156,34.89074],[126.09716,34.89047],[126.09897,34.88931],[126.09839,34.88656],[126.09672,34.88469],[126.09367,34.8837],[126.0944,34.88045],[126.09658,34.88062],[126.09716,34.87963],[126.09527,34.87655],[126.09244,34.87814],[126.0896,34.87561],[126.08583,34.87572],[126.0835,34.87743],[126.08336,34.87891],[126.08183,34.88095],[126.07893,34.88144],[126.07944,34.87825],[126.07828,34.87556],[126.0798,34.87033],[126.08242,34.86681],[126.08452,34.86626],[126.08401,34.86406],[126.08125,34.86389],[126.08016,34.86516],[126.07791,34.86576],[126.07552,34.86439],[126.06847,34.86417],[126.06796,34.86054],[126.06942,34.85933],[126.06891,34.85845],[126.06535,34.85691],[126.05976,34.85652],[126.05562,34.85482],[126.05221,34.85438],[126.05003,34.85498],[126.04415,34.84844],[126.04683,34.847],[126.04654,34.84475],[126.0424,34.84447],[126.03928,34.84976],[126.0334,34.85729],[126.03006,34.8596],[126.02686,34.86015],[126.02418,34.85938],[126.02229,34.85999],[126.02018,34.86175],[126.02251,34.86378],[126.02352,34.86692],[126.02309,34.86797],[126.02505,34.87226],[126.02287,34.87264],[126.01829,34.86604],[126.01757,34.86378],[126.01198,34.86235],[126.01154,34.86109],[126.00805,34.85916],[126.00442,34.86312],[125.99912,34.8651],[125.99658,34.86549],[125.99302,34.86461],[125.99302,34.86296],[125.98816,34.86538],[125.98271,34.86263],[125.97741,34.86422],[125.97676,34.8656],[125.98235,34.86703],[125.98162,34.87061],[125.97901,34.87369],[125.97676,34.87385],[125.97305,34.87077],[125.9716,34.8705],[125.96877,34.87132],[125.96688,34.87407],[125.96899,34.87627],[125.9716,34.8749],[125.97487,34.87413],[125.97995,34.87682],[125.983,34.87611],[125.98554,34.87429],[125.99019,34.87671],[125.99491,34.88271],[125.99564,34.88414],[125.99476,34.88706],[125.99651,34.88755],[125.99999,34.887],[126.00297,34.8903],[126.00827,34.89756],[126.01125,34.90257],[126.01292,34.9067],[126.01561,34.90868],[126.01365,34.91192],[126.01604,34.91247],[126.01764,34.91137],[126.01691,34.91055],[126.01829,34.90906],[126.0228,34.90703],[126.02599,34.90741],[126.03245,34.90939],[126.03681,34.91352],[126.03746,34.91566],[126.03449,34.91764],[126.03463,34.91962],[126.04001,34.91913],[126.04204,34.91357],[126.04008,34.91132],[126.04444,34.91005],[126.04974,34.91033],[126.0525,34.9111],[126.0562,34.91357],[126.06128,34.92023],[126.0615,34.9216],[126.05838,34.92391],[126.05794,34.92601],[126.06056,34.92909],[126.06056,34.93129],[126.05642,34.93486],[126.05605,34.93761],[126.05671,34.93871],[126.06245,34.93475],[126.0631,34.93277]]],[[[127.73797,34.94009],[127.73557,34.93492],[127.73753,34.93222],[127.76338,34.93189],[127.7652,34.93167],[127.78451,34.9155],[127.78444,34.90956],[127.7848,34.9051],[127.78437,34.90339],[127.78422,34.88651],[127.77587,34.88673],[127.76629,34.89201],[127.76266,34.89184],[127.76193,34.89294],[127.762,34.90196],[127.74218,34.90559],[127.74305,34.90581],[127.76026,34.90268],[127.762,34.90339],[127.762,34.90758],[127.76099,34.90846],[127.74842,34.90846],[127.74842,34.90659],[127.74392,34.90664],[127.74392,34.90862],[127.74072,34.90868],[127.73492,34.90807],[127.73847,34.90807],[127.73709,34.90648],[127.70928,34.91154],[127.70463,34.9133],[127.70449,34.91671],[127.70478,34.92496],[127.70383,34.92722],[127.70391,34.92947],[127.7055,34.93046],[127.70921,34.93013],[127.7148,34.93255],[127.71516,34.93794],[127.72206,34.94405],[127.72402,34.94713],[127.7299,34.95027],[127.73136,34.95197],[127.73433,34.94851],[127.73985,34.94548],[127.73797,34.94009]],[[127.76832,34.91187],[127.76832,34.90862],[127.76665,34.90862],[127.76672,34.89927],[127.76723,34.89646],[127.78168,34.89635],[127.78233,34.90048],[127.78226,34.90895],[127.78146,34.91253],[127.78045,34.91115],[127.77195,34.91137],[127.77195,34.91456],[127.76839,34.91462],[127.76832,34.91187]]],[[[126.13535,35.02619],[126.13797,35.02415],[126.13913,35.02239],[126.14109,35.02228],[126.1416,35.02443],[126.14254,35.0247],[126.14596,35.02173],[126.14792,35.02118],[126.15271,35.02217],[126.15532,35.02228],[126.16019,35.01848],[126.16411,35.01942],[126.16556,35.02057],[126.16629,35.01546],[126.16426,35.01403],[126.16186,35.01045],[126.16288,35.00886],[126.16571,35.0082],[126.1652,35.00479],[126.16593,35.00335],[126.17573,34.99736],[126.17805,34.99653],[126.17871,34.99158],[126.17754,34.98817],[126.17813,34.98157],[126.17798,34.9781],[126.17936,34.97717],[126.17994,34.97491],[126.17936,34.9737],[126.17522,34.97299],[126.1689,34.96787],[126.1668,34.96738],[126.16643,34.9693],[126.16237,34.97156],[126.1591,34.97134],[126.15423,34.96848],[126.15293,34.97007],[126.15002,34.97084],[126.14414,34.96875],[126.14421,34.96523],[126.14385,34.95637],[126.14,34.95368],[126.13753,34.9534],[126.13717,34.95065],[126.1347,34.94889],[126.1302,34.94961],[126.12671,34.94917],[126.1249,34.94691],[126.12344,34.94735],[126.12482,34.95142],[126.12715,34.95076],[126.12816,34.95131],[126.13129,34.95593],[126.1339,34.96044],[126.13615,34.96551],[126.13673,34.96908],[126.13673,34.97304],[126.13623,34.97942],[126.1355,34.9846],[126.13434,34.98768],[126.13426,34.99043],[126.13514,34.99153],[126.13688,34.99109],[126.14065,34.98872],[126.14138,34.98707],[126.14414,34.98658],[126.14508,34.98878],[126.14262,34.99279],[126.1376,34.99587],[126.13455,35.00033],[126.13288,35.00159],[126.1262,35.00016],[126.1233,35.00071],[126.12163,35.00038],[126.12141,34.99752],[126.11981,34.99664],[126.11495,34.99648],[126.11386,34.99758],[126.11168,34.99796],[126.10602,34.99664],[126.10406,34.99917],[126.10456,34.99978],[126.09955,35.00093],[126.09803,35.00264],[126.10042,35.0077],[126.10246,35.00798],[126.10297,35.00605],[126.10645,35.00495],[126.10849,35.00561],[126.1119,35.00897],[126.11313,35.00886],[126.11531,35.01144],[126.11524,35.01315],[126.11313,35.0148],[126.1148,35.01788],[126.11705,35.01645],[126.12039,35.01667],[126.12359,35.01777],[126.12766,35.02101],[126.12802,35.02228],[126.12461,35.02382],[126.12773,35.02657],[126.13056,35.02316],[126.13274,35.02299],[126.13368,35.02415],[126.13201,35.02542],[126.13201,35.02668],[126.13535,35.02619]]],[[[126.05562,35.0752],[126.05562,35.0752]]],[[[126.05562,35.0752],[126.05678,35.07718],[126.04966,35.08026],[126.04799,35.08125],[126.04473,35.07982],[126.04218,35.08456],[126.04335,35.08604],[126.04444,35.08571],[126.04683,35.0867],[126.04858,35.09099],[126.0562,35.09627],[126.05562,35.09787],[126.05373,35.09743],[126.0509,35.09875],[126.04894,35.10277],[126.05206,35.10447],[126.05438,35.10277],[126.05874,35.10299],[126.06237,35.10436],[126.06658,35.10315],[126.06971,35.10315],[126.07435,35.10425],[126.08074,35.10755],[126.08605,35.11085],[126.08953,35.11366],[126.0981,35.12252],[126.10108,35.12604],[126.10471,35.1284],[126.1087,35.13044],[126.11204,35.13385],[126.11546,35.1388],[126.11538,35.14023],[126.11357,35.14034],[126.114,35.14326],[126.11655,35.14287],[126.11676,35.14089],[126.12119,35.14073],[126.12504,35.1421],[126.13034,35.14298],[126.13426,35.14254],[126.13608,35.14364],[126.14138,35.14282],[126.14036,35.14188],[126.14167,35.14084],[126.14479,35.14139],[126.14508,35.14298],[126.144,35.14359],[126.14617,35.14573],[126.1522,35.14711],[126.15699,35.14722],[126.16382,35.14579],[126.16404,35.14474],[126.16157,35.14529],[126.15779,35.14436],[126.15685,35.14304],[126.15184,35.14293],[126.14886,35.14419],[126.14748,35.14359],[126.14646,35.13957],[126.144,35.13731],[126.14058,35.13588],[126.13514,35.13572],[126.13078,35.13599],[126.12787,35.13665],[126.12541,35.13605],[126.12221,35.13082],[126.12272,35.12813],[126.12068,35.12384],[126.11931,35.12307],[126.1172,35.11564],[126.11931,35.1114],[126.11858,35.1081],[126.11676,35.1064],[126.11814,35.10326],[126.11851,35.09897],[126.11793,35.09743],[126.1164,35.09666],[126.11822,35.09308],[126.12163,35.09259],[126.12236,35.09171],[126.12265,35.08698],[126.12083,35.08665],[126.11967,35.08511],[126.12098,35.08313],[126.12352,35.08147],[126.12112,35.08114],[126.11981,35.08208],[126.11074,35.08362],[126.10783,35.08522],[126.10602,35.08764],[126.10246,35.08901],[126.10783,35.08406],[126.11916,35.07999],[126.12236,35.0774],[126.1217,35.07498],[126.11582,35.0713],[126.114,35.07119],[126.11284,35.07234],[126.10892,35.06959],[126.11749,35.06095],[126.11575,35.05892],[126.11335,35.05875],[126.11154,35.06084],[126.10631,35.05925],[126.10246,35.05688],[126.10384,35.05391],[126.10398,35.05155],[126.10115,35.05089],[126.10035,35.04995],[126.10101,35.04797],[126.09585,35.04803],[126.09607,35.05056],[126.09353,35.05199],[126.08401,35.05518],[126.07878,35.056],[126.07414,35.05952],[126.07421,35.06095],[126.07733,35.06965],[126.07443,35.0697],[126.06971,35.06673],[126.06724,35.06932],[126.06274,35.06954],[126.06056,35.06844],[126.05903,35.06596],[126.06136,35.06349],[126.06295,35.06029],[126.06245,35.05826],[126.06448,35.05611],[126.06274,35.05551],[126.05816,35.0565],[126.0578,35.05738],[126.05961,35.05864],[126.06048,35.06117],[126.05809,35.06327],[126.05591,35.06409],[126.05337,35.0631],[126.05315,35.06161],[126.04959,35.06156],[126.0477,35.06481],[126.04356,35.06706],[126.04204,35.06728],[126.04073,35.06486],[126.03761,35.0658],[126.03783,35.06998],[126.03957,35.07053],[126.04995,35.06778],[126.05467,35.06761],[126.057,35.07152],[126.05533,35.07355],[126.05787,35.07619],[126.05562,35.0752]]],[[[126.89044,34.45613],[126.88906,34.45646],[126.88093,34.45679],[126.87599,34.45668],[126.87069,34.45569],[126.87047,34.45404],[126.87809,34.44991],[126.87882,34.44909],[126.88165,34.44304],[126.88209,34.43968],[126.88376,34.4382],[126.88681,34.43346],[126.88688,34.42868],[126.88492,34.42802],[126.88477,34.42433],[126.88543,34.42263],[126.88354,34.42197],[126.8826,34.42263],[126.88013,34.42675],[126.88056,34.42857],[126.87991,34.43044],[126.87519,34.43533],[126.87163,34.43781],[126.86814,34.43875],[126.86626,34.43825],[126.86633,34.43462],[126.86488,34.43412],[126.8627,34.43754],[126.86255,34.43924],[126.85972,34.44122],[126.85587,34.44238],[126.84897,34.44738],[126.84425,34.45162],[126.8436,34.44865],[126.84222,34.44815],[126.83895,34.44958],[126.83895,34.45244],[126.83808,34.45266],[126.83227,34.44953],[126.83249,34.44881],[126.82951,34.44777],[126.82668,34.44964],[126.82385,34.4487],[126.81797,34.44909],[126.81528,34.45024],[126.81571,34.45222],[126.81121,34.45497],[126.80852,34.45404],[126.80475,34.45635],[126.80511,34.45916],[126.80809,34.46823],[126.80635,34.46873],[126.80293,34.46785],[126.80148,34.46878],[126.79342,34.46724],[126.79211,34.46746],[126.79081,34.4618],[126.7895,34.46059],[126.78855,34.46235],[126.79139,34.46427],[126.7916,34.46669],[126.78616,34.46845],[126.78594,34.47351],[126.78696,34.47643],[126.78826,34.47753],[126.79277,34.47946],[126.79538,34.47858],[126.79749,34.48012],[126.79691,34.48474],[126.79553,34.48809],[126.79277,34.48991],[126.79052,34.49607],[126.79211,34.49899],[126.79197,34.50058],[126.78943,34.50311],[126.79088,34.50537],[126.79197,34.50916],[126.79059,34.51125],[126.78834,34.51164],[126.78659,34.51296],[126.78921,34.51692],[126.79008,34.52028],[126.78986,34.52341],[126.7919,34.52913],[126.79182,34.53232],[126.79066,34.53722],[126.79102,34.54113],[126.79691,34.54734],[126.79422,34.54723],[126.79574,34.54751],[126.79182,34.548],[126.79052,34.55301],[126.79219,34.55609],[126.79197,34.55829],[126.79015,34.55857],[126.79015,34.56055],[126.7919,34.56187],[126.79429,34.56478],[126.79458,34.56759],[126.79327,34.57023],[126.78928,34.57182],[126.78609,34.57738],[126.78645,34.57826],[126.78885,34.57859],[126.79022,34.58151],[126.78892,34.58635],[126.78696,34.58827],[126.78318,34.58778],[126.77962,34.59322],[126.77773,34.59477],[126.7789,34.59636],[126.78216,34.59785],[126.77955,34.60379],[126.7789,34.61309],[126.77541,34.60747],[126.7733,34.60582],[126.77258,34.60434],[126.77251,34.60131],[126.77468,34.59416],[126.77374,34.59053],[126.77222,34.5891],[126.77156,34.59042],[126.76931,34.58596],[126.76539,34.56308],[126.7675,34.55659],[126.768,34.554],[126.76445,34.54564],[126.76466,34.54481],[126.76452,34.53485],[126.76415,34.53326],[126.76568,34.53012],[126.76917,34.52842],[126.76917,34.5266],[126.76212,34.52721],[126.75842,34.52583],[126.75929,34.51846],[126.76147,34.50284],[126.76546,34.50097],[126.76575,34.4991],[126.76379,34.49805],[126.76169,34.498],[126.75827,34.49535],[126.75805,34.49392],[126.76002,34.49277],[126.76009,34.49172],[126.75827,34.49101],[126.75602,34.49216],[126.75326,34.49238],[126.75101,34.49051],[126.74607,34.48958],[126.74426,34.48963],[126.73997,34.48793],[126.73859,34.48606],[126.74055,34.48111],[126.74164,34.4799],[126.74673,34.47797],[126.74789,34.47709],[126.74883,34.47346],[126.75304,34.4717],[126.75471,34.47219],[126.7513,34.4695],[126.75196,34.47126],[126.75058,34.47236],[126.74782,34.47214],[126.72901,34.44788],[126.72937,34.44694],[126.72458,34.44326],[126.7192,34.44551],[126.71361,34.44386],[126.71158,34.44232],[126.71151,34.44045],[126.707,34.43935],[126.69887,34.44062],[126.69756,34.44018],[126.68841,34.43423],[126.69001,34.43242],[126.68086,34.42659],[126.67861,34.42653],[126.67483,34.42813],[126.67338,34.42697],[126.67527,34.42384],[126.67767,34.42219],[126.67839,34.4207],[126.67723,34.41635],[126.67367,34.41635],[126.67367,34.41905],[126.66605,34.4251],[126.66445,34.42697],[126.66046,34.42587],[126.65712,34.42048],[126.65225,34.42362],[126.64993,34.42213],[126.64964,34.41806],[126.64615,34.41834],[126.64768,34.41316],[126.64492,34.41278],[126.64397,34.41195],[126.6468,34.40942],[126.64114,34.40964],[126.63882,34.4114],[126.6354,34.41206],[126.63257,34.40986],[126.63017,34.4059],[126.62952,34.40359],[126.62807,34.402],[126.62255,34.40634],[126.62066,34.40563],[126.61609,34.402],[126.61747,34.40046],[126.62073,34.3993],[126.62168,34.3966],[126.62204,34.39275],[126.61725,34.39171],[126.61115,34.3861],[126.6126,34.38428],[126.61398,34.37928],[126.62037,34.379],[126.62066,34.37784],[126.6187,34.37526],[126.61834,34.37273],[126.62001,34.37119],[126.62052,34.36943],[126.6187,34.36728],[126.61797,34.36475],[126.6195,34.3636],[126.62023,34.35886],[126.61296,34.35386],[126.61187,34.35397],[126.60788,34.35089],[126.60367,34.35039],[126.60185,34.34852],[126.60272,34.34632],[126.60454,34.34517],[126.60875,34.34418],[126.60875,34.34176],[126.60519,34.34027],[126.60091,34.33691],[126.59989,34.33526],[126.60105,34.33378],[126.6036,34.33339],[126.6041,34.33108],[126.60178,34.32547],[126.60105,34.32002],[126.60149,34.31837],[126.6028,34.31837],[126.60607,34.31639],[126.60534,34.31491],[126.60258,34.31557],[126.60069,34.31452],[126.59873,34.31227],[126.59387,34.31364],[126.59045,34.31601],[126.58777,34.3192],[126.58595,34.3198],[126.57927,34.32063],[126.57208,34.32041],[126.56271,34.32212],[126.55886,34.32195],[126.55509,34.31925],[126.55218,34.31645],[126.54957,34.30957],[126.54674,34.30699],[126.5447,34.30325],[126.541,34.30281],[126.53708,34.30374],[126.5312,34.30176],[126.52909,34.30066],[126.52953,34.29846],[126.52836,34.29351],[126.52488,34.29224],[126.52139,34.29296],[126.52205,34.29521],[126.5211,34.29598],[126.51696,34.29642],[126.51747,34.29868],[126.51711,34.30303],[126.51609,34.30512],[126.51609,34.30891],[126.51943,34.31023],[126.51914,34.3137],[126.51754,34.31595],[126.51602,34.31612],[126.51231,34.31909],[126.51369,34.32069],[126.51609,34.32129],[126.52067,34.32399],[126.52132,34.32586],[126.5251,34.32943],[126.52691,34.33444],[126.52502,34.33911],[126.52241,34.34148],[126.51841,34.339],[126.51624,34.33851],[126.51609,34.33961],[126.51943,34.34005],[126.52226,34.34154],[126.52212,34.34803],[126.52139,34.35281],[126.52161,34.35716],[126.52001,34.36068],[126.51747,34.3625],[126.51224,34.36464],[126.50651,34.3658],[126.50215,34.36475],[126.50135,34.36409],[126.50179,34.36046],[126.49859,34.35694],[126.49474,34.35936],[126.49227,34.3598],[126.48988,34.35897],[126.48922,34.35672],[126.48523,34.35463],[126.48145,34.35402],[126.47971,34.35281],[126.47877,34.34929],[126.47644,34.34814],[126.47659,34.35034],[126.47448,34.35078],[126.47274,34.34852],[126.47136,34.34869],[126.47063,34.35056],[126.47136,34.35325],[126.47063,34.35435],[126.46591,34.35826],[126.46468,34.36217],[126.46773,34.36354],[126.46867,34.36332],[126.47448,34.3571],[126.47528,34.35556],[126.47651,34.35551],[126.47949,34.35688],[126.48123,34.3587],[126.47601,34.36459],[126.47768,34.3647],[126.47927,34.36294],[126.48298,34.36481],[126.48595,34.36349],[126.48683,34.36475],[126.48341,34.36723],[126.48051,34.36811],[126.47789,34.3702],[126.47557,34.37295],[126.48065,34.37383],[126.48102,34.37608],[126.47557,34.37696],[126.47397,34.37757],[126.47361,34.37889],[126.47855,34.38131],[126.48087,34.38131],[126.48102,34.38269],[126.47753,34.38329],[126.47499,34.3817],[126.47143,34.38258],[126.47187,34.38439],[126.47412,34.38335],[126.4771,34.38527],[126.48087,34.38511],[126.48399,34.38676],[126.4837,34.38742],[126.49547,34.38423],[126.49736,34.38555],[126.49801,34.38863],[126.49561,34.38967],[126.49307,34.39248],[126.49423,34.39308],[126.49264,34.39501],[126.49053,34.39457],[126.489,34.39666],[126.48966,34.4026],[126.49191,34.40519],[126.49038,34.40607],[126.48959,34.40431],[126.48733,34.40772],[126.48871,34.40948],[126.49278,34.4086],[126.49496,34.4064],[126.49888,34.40541],[126.50498,34.40535],[126.50941,34.40937],[126.51304,34.41206],[126.51682,34.41426],[126.51086,34.42472],[126.50919,34.42488],[126.50832,34.4284],[126.51043,34.43126],[126.51406,34.43319],[126.51348,34.43506],[126.51043,34.43842],[126.50701,34.44073],[126.50004,34.43704],[126.49823,34.43495],[126.4983,34.43275],[126.49634,34.43154],[126.49365,34.43247],[126.4914,34.43467],[126.48784,34.435],[126.48472,34.43434],[126.48334,34.43346],[126.48109,34.43044],[126.48218,34.42928],[126.48298,34.42642],[126.48196,34.42576],[126.47644,34.42703],[126.47579,34.42928],[126.46991,34.43682],[126.46606,34.44133],[126.46264,34.44436],[126.45967,34.44535],[126.45625,34.44777],[126.45771,34.44936],[126.45981,34.44975],[126.46475,34.45404],[126.46606,34.45244],[126.46671,34.44991],[126.46824,34.44815],[126.47296,34.44683],[126.47513,34.44782],[126.4776,34.45013],[126.47557,34.45261],[126.4715,34.45547],[126.4678,34.45684],[126.46773,34.46174],[126.46947,34.46257],[126.47201,34.46845],[126.47027,34.47005],[126.46678,34.47115],[126.46286,34.4695],[126.45901,34.47247],[126.45814,34.47472],[126.45567,34.47726],[126.45545,34.4805],[126.45596,34.48199],[126.46279,34.4816],[126.46504,34.48248],[126.46627,34.48529],[126.46025,34.49024],[126.46482,34.49524],[126.46468,34.49651],[126.46221,34.49789],[126.45981,34.49662],[126.45887,34.49695],[126.45625,34.50141],[126.46112,34.50394],[126.46686,34.50421],[126.47114,34.50669],[126.46991,34.50889],[126.46475,34.51626],[126.46214,34.52055],[126.45734,34.52039],[126.45836,34.52226],[126.45604,34.5238],[126.45393,34.52215],[126.4426,34.52176],[126.44209,34.52248],[126.44267,34.52688],[126.44427,34.52693],[126.45625,34.53012],[126.45792,34.52979],[126.46047,34.53199],[126.45676,34.53524],[126.45233,34.53557],[126.44761,34.53667],[126.4471,34.53744],[126.44333,34.53937],[126.44028,34.53838],[126.43941,34.53585],[126.4344,34.5353],[126.43461,34.53656],[126.43824,34.53777],[126.43817,34.54058],[126.43396,34.54404],[126.43432,34.54641],[126.43578,34.54828],[126.4357,34.54976],[126.43258,34.55163],[126.42909,34.55538],[126.42394,34.55527],[126.41987,34.55444],[126.41726,34.55565],[126.41472,34.55791],[126.41675,34.55455],[126.41813,34.55317],[126.4182,34.54778],[126.4153,34.54652],[126.41334,34.54795],[126.40927,34.54839],[126.40223,34.54674],[126.40019,34.54558],[126.40208,34.54217],[126.40346,34.5414],[126.40317,34.53904],[126.40005,34.53706],[126.39678,34.53574],[126.38988,34.53238],[126.38647,34.53249],[126.37884,34.53827],[126.37855,34.53937],[126.38109,34.54212],[126.38494,34.54272],[126.38785,34.54718],[126.38923,34.55075],[126.38901,34.55246],[126.38712,34.55312],[126.38516,34.55279],[126.38422,34.55416],[126.38574,34.55609],[126.38545,34.55928],[126.38327,34.56187],[126.37986,34.56297],[126.3755,34.56126],[126.36388,34.5606],[126.36272,34.56016],[126.36069,34.5639],[126.3559,34.56594],[126.35466,34.5699],[126.35328,34.5705],[126.35277,34.56814],[126.35096,34.56731],[126.34602,34.56825],[126.34558,34.56913],[126.34261,34.57006],[126.34101,34.56973],[126.34036,34.57094],[126.33418,34.57331],[126.33026,34.57023],[126.3275,34.56913],[126.32227,34.56924],[126.3214,34.57017],[126.31864,34.56918],[126.31639,34.56759],[126.31356,34.56764],[126.31087,34.57034],[126.31116,34.571],[126.30651,34.57375],[126.30927,34.57634],[126.30608,34.57738],[126.30615,34.5759],[126.30455,34.57535],[126.30376,34.57749],[126.30448,34.57909],[126.30935,34.58118],[126.31334,34.58613],[126.31276,34.58772],[126.30811,34.58893],[126.30601,34.59069],[126.30005,34.58998],[126.29787,34.59234],[126.29874,34.59862],[126.29533,34.60071],[126.29388,34.59961],[126.29497,34.59829],[126.29461,34.59658],[126.29199,34.59223],[126.29039,34.59223],[126.28371,34.59521],[126.28095,34.5951],[126.27957,34.59664],[126.28037,34.59961],[126.28233,34.59917],[126.28437,34.60401],[126.28727,34.60428],[126.28771,34.60555],[126.28328,34.60841],[126.28219,34.60813],[126.27972,34.61171],[126.26897,34.61044],[126.26382,34.60885],[126.26178,34.60929],[126.25902,34.61215],[126.26171,34.61215],[126.26418,34.6111],[126.26694,34.61253],[126.26774,34.61408],[126.27028,34.61496],[126.27217,34.6132],[126.27594,34.61325],[126.27783,34.61171],[126.28139,34.61281],[126.284,34.61705],[126.28349,34.61974],[126.28059,34.6215],[126.2811,34.62216],[126.28538,34.62249],[126.2888,34.62051],[126.29003,34.62145],[126.28865,34.62519],[126.29003,34.62777],[126.2909,34.62744],[126.29417,34.62942],[126.29214,34.63333],[126.28996,34.63553],[126.28836,34.63586],[126.28582,34.63432],[126.28611,34.63151],[126.28458,34.6303],[126.27769,34.63036],[126.27565,34.63206],[126.2718,34.63295],[126.2673,34.63768],[126.26425,34.63839],[126.26055,34.64065],[126.25982,34.64494],[126.26207,34.64505],[126.26541,34.64329],[126.26716,34.64323],[126.26846,34.64769],[126.26774,34.64868],[126.26527,34.64862],[126.2636,34.65099],[126.25953,34.6544],[126.26302,34.656],[126.26316,34.65847],[126.26091,34.66144],[126.2588,34.66309],[126.25713,34.66271],[126.25539,34.66386],[126.25554,34.66694],[126.2567,34.66821],[126.25801,34.66782],[126.25997,34.67008],[126.2604,34.6758],[126.2591,34.67734],[126.25583,34.67734],[126.25532,34.68004],[126.25851,34.68334],[126.26026,34.68295],[126.26084,34.68394],[126.26077,34.69154],[126.25917,34.69313],[126.25895,34.70012],[126.26047,34.7027],[126.26215,34.70776],[126.26469,34.70281],[126.26897,34.70166],[126.27151,34.70314],[126.27057,34.70644],[126.27173,34.70908],[126.27449,34.71156],[126.27536,34.71409],[126.2742,34.7164],[126.27558,34.71855],[126.27885,34.71937],[126.27994,34.71717],[126.28088,34.71805],[126.27957,34.72124],[126.2758,34.72333],[126.27464,34.72729],[126.27543,34.72966],[126.2771,34.73197],[126.27986,34.73951],[126.28408,34.74787],[126.28647,34.7553],[126.28538,34.75722],[126.28887,34.75992],[126.29105,34.76025],[126.29664,34.76239],[126.29867,34.76217],[126.30608,34.75722],[126.31058,34.75348],[126.31029,34.75167],[126.30797,34.75029],[126.3076,34.74781],[126.31174,34.74589],[126.31385,34.74611],[126.31675,34.74875],[126.31719,34.75079],[126.31951,34.74957],[126.32402,34.74468],[126.32467,34.74286],[126.32808,34.74149],[126.33237,34.7405],[126.33476,34.73791],[126.33346,34.73588],[126.32888,34.73566],[126.33026,34.73098],[126.33113,34.72317],[126.33077,34.72053],[126.33367,34.71893],[126.33934,34.71805],[126.34297,34.71404],[126.34783,34.71035],[126.34994,34.70551],[126.34943,34.70237],[126.34704,34.69995],[126.3503,34.69682],[126.35234,34.69599],[126.35488,34.69352],[126.35844,34.69357],[126.36265,34.69445],[126.36388,34.69517],[126.3633,34.69698],[126.36889,34.69885],[126.37158,34.70468],[126.36998,34.70573],[126.37115,34.70732],[126.37267,34.70694],[126.37543,34.71035],[126.37383,34.71096],[126.37637,34.7147],[126.37899,34.71475],[126.38531,34.71981],[126.3869,34.72284],[126.38879,34.72933],[126.38908,34.73142],[126.384,34.7323],[126.36054,34.74198],[126.36526,34.74919],[126.36802,34.74809],[126.36882,34.74908],[126.36599,34.75018],[126.3657,34.75123],[126.36773,34.7515],[126.37056,34.75013],[126.37543,34.75002],[126.38051,34.75277],[126.38022,34.75788],[126.37303,34.75288],[126.37173,34.75398],[126.38037,34.76014],[126.38153,34.76382],[126.37928,34.76421],[126.37935,34.76663],[126.38131,34.76877],[126.38393,34.76888],[126.3917,34.77092],[126.3917,34.7723],[126.39772,34.77373],[126.40041,34.77389],[126.40404,34.77329],[126.40506,34.7718],[126.41639,34.77483],[126.41602,34.77593],[126.42532,34.77835],[126.43273,34.77758],[126.43469,34.77774],[126.44108,34.77961],[126.44979,34.78275],[126.44906,34.78511],[126.44681,34.78588],[126.44522,34.78891],[126.44594,34.79051],[126.441,34.79925],[126.42888,34.79353],[126.42633,34.79331],[126.42575,34.79161],[126.42234,34.79188],[126.42009,34.79106],[126.41522,34.79172],[126.41239,34.79326],[126.41101,34.79298],[126.41406,34.78941],[126.41428,34.78836],[126.40956,34.7861],[126.40607,34.78495],[126.40273,34.78539],[126.40157,34.7833],[126.39685,34.78247],[126.3885,34.7806],[126.3877,34.78088],[126.38995,34.78522],[126.39322,34.78709],[126.39162,34.78825],[126.38741,34.7855],[126.38509,34.7822],[126.38204,34.77928],[126.38167,34.78071],[126.37361,34.77978],[126.3694,34.78055],[126.36802,34.78264],[126.36839,34.78456],[126.36599,34.78941],[126.36526,34.78913],[126.36025,34.7926],[126.36069,34.7937],[126.35553,34.79524],[126.35502,34.79469],[126.35001,34.79634],[126.3511,34.79782],[126.35684,34.80222],[126.35996,34.79964],[126.36534,34.80398],[126.3625,34.80629],[126.35967,34.80541],[126.36388,34.80789],[126.36875,34.81207],[126.37064,34.81565],[126.37514,34.82153],[126.38037,34.82769],[126.38124,34.8283],[126.38342,34.82731],[126.38545,34.82913],[126.38226,34.83023],[126.38661,34.82951],[126.38821,34.8338],[126.38828,34.83677],[126.39249,34.83699],[126.39678,34.83804],[126.40077,34.84194],[126.41232,34.8426],[126.41217,34.84552],[126.40891,34.84722],[126.406,34.84959],[126.40724,34.85207],[126.40542,34.85696],[126.40382,34.85762],[126.40244,34.85938],[126.40063,34.86411],[126.3983,34.86532],[126.39598,34.86742],[126.39504,34.8694],[126.39547,34.87231],[126.39903,34.87699],[126.40215,34.87913],[126.40063,34.88073],[126.3917,34.88254],[126.38901,34.8782],[126.38763,34.87726],[126.38669,34.8782],[126.38632,34.88221],[126.38814,34.88249],[126.39039,34.88502],[126.39112,34.89102],[126.39351,34.89404],[126.3938,34.89558],[126.39126,34.89927],[126.39199,34.90026],[126.397,34.89806],[126.40063,34.90048],[126.40324,34.90471],[126.40506,34.91055],[126.40375,34.91412],[126.39968,34.91726],[126.3954,34.91863],[126.39133,34.92182],[126.39046,34.92716],[126.38872,34.92837],[126.39191,34.93024],[126.39431,34.93096],[126.39852,34.93525],[126.39722,34.93684],[126.39642,34.93569],[126.39162,34.93569],[126.3893,34.9408],[126.38785,34.94757],[126.38995,34.95461],[126.39191,34.95549],[126.39424,34.96132],[126.39351,34.96496],[126.39053,34.9671],[126.38719,34.96804],[126.38305,34.96853],[126.37921,34.97178],[126.37906,34.97513],[126.37964,34.98311],[126.38051,34.98751],[126.3739,34.9912],[126.37434,34.99461],[126.37369,34.9989],[126.37216,34.99939],[126.37049,34.9967],[126.36788,34.99543],[126.36701,34.99318],[126.36795,34.98944],[126.36708,34.98751],[126.36592,34.98206],[126.36897,34.97766],[126.37006,34.9748],[126.3641,34.97183],[126.3612,34.97216],[126.35989,34.97035],[126.35931,34.96798],[126.36098,34.96688],[126.36033,34.96369],[126.36374,34.96297],[126.36693,34.96325],[126.3686,34.9627],[126.37318,34.95753],[126.37311,34.95571],[126.37136,34.95373],[126.371,34.9506],[126.36933,34.9473],[126.36592,34.94498],[126.36548,34.94256],[126.3734,34.94152],[126.37296,34.93904],[126.36889,34.93673],[126.36635,34.93266],[126.36621,34.9298],[126.3673,34.92639],[126.36947,34.92496],[126.36969,34.92364],[126.36751,34.92006],[126.36367,34.92001],[126.35778,34.92188],[126.35299,34.92232],[126.35118,34.92105],[126.35103,34.91698],[126.34965,34.91687],[126.34268,34.91495],[126.33636,34.9166],[126.33251,34.91704],[126.32975,34.91643],[126.32852,34.92287],[126.32772,34.9249],[126.32983,34.92601],[126.32953,34.92832],[126.32634,34.93068],[126.32206,34.93057],[126.32133,34.92887],[126.3193,34.93217],[126.3169,34.93134],[126.31109,34.9265],[126.30681,34.92821],[126.30557,34.93255],[126.3063,34.93354],[126.31022,34.93371],[126.31065,34.93503],[126.31494,34.93695],[126.31704,34.93981],[126.32089,34.94344],[126.32017,34.94443],[126.31436,34.9468],[126.31203,34.94691],[126.3084,34.94961],[126.30637,34.95533],[126.30659,34.95599],[126.30121,34.95758],[126.29751,34.96127],[126.29504,34.96556],[126.29649,34.96991],[126.29816,34.97337],[126.29802,34.97436],[126.3039,34.97722],[126.30484,34.98124],[126.30484,34.98471],[126.30789,34.98564],[126.31007,34.98553],[126.31363,34.98839],[126.31378,34.98586],[126.31269,34.98476],[126.31821,34.98135],[126.31915,34.9803],[126.32082,34.97645],[126.32104,34.97321],[126.32235,34.97205],[126.32474,34.97238],[126.3267,34.96963],[126.32663,34.96749],[126.32779,34.96683],[126.3307,34.96754],[126.33208,34.96996],[126.33462,34.97134],[126.33854,34.97249],[126.3434,34.97211],[126.34544,34.97348],[126.34892,34.97728],[126.35059,34.98201],[126.3527,34.98377],[126.35553,34.98465],[126.35728,34.98355],[126.35931,34.9868],[126.358,34.98911],[126.35865,34.9929],[126.3572,34.99334],[126.3551,34.99257],[126.35154,34.99439],[126.3437,34.99565],[126.34123,34.9973],[126.33934,34.99736],[126.33563,34.99488],[126.33404,34.99125],[126.33237,34.99334],[126.33411,34.99499],[126.34478,35.00104],[126.3474,35.00291],[126.35764,35.0071],[126.36534,35.01106],[126.37303,35.01617],[126.38124,35.02019],[126.38552,35.02377],[126.39024,35.02432],[126.39075,35.03031],[126.39046,35.03246],[126.38872,35.03724],[126.38516,35.04252],[126.38189,35.04858],[126.38073,35.04946],[126.37754,35.04781],[126.37289,35.04704],[126.37136,35.04753],[126.36868,35.04687],[126.3649,35.04434],[126.36105,35.04286],[126.35786,35.04263],[126.35669,35.04192],[126.358,35.03928],[126.35698,35.03834],[126.35292,35.03862],[126.35147,35.04005],[126.3482,35.04528],[126.3474,35.0499],[126.34907,35.05133],[126.35132,35.05155],[126.3527,35.05287],[126.34943,35.0565],[126.34733,35.05826],[126.34319,35.05969],[126.33803,35.06068],[126.3352,35.06029],[126.33498,35.05892],[126.33324,35.05952],[126.33142,35.06183],[126.33346,35.06305],[126.3352,35.06172],[126.33745,35.06228],[126.34043,35.06387],[126.34304,35.06679],[126.34464,35.06981],[126.34399,35.07223],[126.34072,35.0752],[126.33861,35.07812],[126.33781,35.08142],[126.3336,35.08758],[126.33157,35.08852],[126.32736,35.08929],[126.32191,35.08934],[126.31835,35.08835],[126.31625,35.08681],[126.31559,35.08373],[126.31668,35.07949],[126.31566,35.07773],[126.31131,35.07586],[126.31189,35.0735],[126.31646,35.07053],[126.3132,35.06739],[126.31109,35.06778],[126.30514,35.0664],[126.30049,35.062],[126.30143,35.05969],[126.30601,35.05908],[126.31073,35.05936],[126.31334,35.05804],[126.3145,35.05435],[126.31,35.05111],[126.30731,35.04979],[126.30484,35.0455],[126.29773,35.04203],[126.30201,35.04594],[126.301,35.04803],[126.29649,35.04979],[126.29432,35.05155],[126.29591,35.0532],[126.29584,35.05479],[126.29185,35.05853],[126.29148,35.0598],[126.28531,35.06211],[126.28248,35.06216],[126.28074,35.06029],[126.28117,35.05749],[126.27769,35.05463],[126.27333,35.05347],[126.27021,35.05479],[126.2681,35.0532],[126.26345,35.05397],[126.26069,35.05342],[126.26069,35.04973],[126.26411,35.04252],[126.26498,35.04192],[126.27413,35.03829],[126.27456,35.03449],[126.27188,35.03235],[126.26832,35.03037],[126.26556,35.02756],[126.26687,35.02465],[126.2657,35.02233],[126.26323,35.02085],[126.26178,35.02074],[126.25946,35.01859],[126.25815,35.01557],[126.25539,35.01265],[126.24995,35.01177],[126.24719,35.01364],[126.24813,35.01408],[126.24414,35.02707],[126.24268,35.02756],[126.23978,35.0225],[126.24094,35.01936],[126.23883,35.01826],[126.2331,35.01711],[126.2299,35.01749],[126.22729,35.01997],[126.22693,35.02338],[126.23056,35.02432],[126.23179,35.02602],[126.22881,35.02762],[126.22874,35.03103],[126.23048,35.03543],[126.22772,35.03818],[126.23114,35.04236],[126.23317,35.0439],[126.2352,35.04434],[126.23273,35.05298],[126.22693,35.05611],[126.22257,35.05787],[126.21785,35.05666],[126.21131,35.05666],[126.20884,35.056],[126.20717,35.05463],[126.20616,35.05529],[126.20347,35.05969],[126.20129,35.06183],[126.19882,35.06294],[126.19229,35.06073],[126.19098,35.05936],[126.18553,35.05776],[126.18256,35.05776],[126.18234,35.06123],[126.17987,35.06591],[126.17689,35.06701],[126.17493,35.06602],[126.17457,35.06475],[126.17246,35.06371],[126.16956,35.06646],[126.16861,35.06816],[126.16825,35.07229],[126.1668,35.07168],[126.16709,35.06948],[126.16505,35.06734],[126.1615,35.06679],[126.15961,35.07201],[126.16208,35.07251],[126.16331,35.07383],[126.16251,35.07542],[126.16462,35.07988],[126.16542,35.08313],[126.16469,35.08445],[126.15837,35.08714],[126.15714,35.08962],[126.15794,35.09198],[126.15925,35.0988],[126.16658,35.10227],[126.1684,35.10414],[126.17239,35.10607],[126.17428,35.10568],[126.17537,35.10409],[126.17813,35.10398],[126.17958,35.1053],[126.18052,35.10805],[126.18292,35.10964],[126.1904,35.11261],[126.19454,35.11036],[126.20398,35.10618],[126.20971,35.10293],[126.21255,35.10557],[126.21683,35.10662],[126.21981,35.10524],[126.2246,35.10442],[126.22722,35.10282],[126.23157,35.09919],[126.23346,35.09902],[126.23608,35.10139],[126.24283,35.09908],[126.24653,35.09704],[126.25089,35.09671],[126.2535,35.10161],[126.2559,35.10189],[126.25895,35.10067],[126.25851,35.09545],[126.25779,35.09402],[126.25939,35.09369],[126.26244,35.09589],[126.26193,35.10205],[126.25989,35.10442],[126.25503,35.10596],[126.24922,35.10854],[126.24864,35.11096],[126.24334,35.11146],[126.24559,35.11575],[126.24697,35.11954],[126.24682,35.1218],[126.25256,35.12989],[126.25343,35.13176],[126.25191,35.13286],[126.25307,35.13423],[126.25575,35.13385],[126.25917,35.13506],[126.25924,35.13599],[126.25641,35.1388],[126.25677,35.14045],[126.25902,35.14287],[126.26389,35.14579],[126.2665,35.14491],[126.27093,35.14507],[126.27217,35.14584],[126.27057,35.14898],[126.2713,35.15024],[126.27297,35.15013],[126.27471,35.14678],[126.27376,35.14573],[126.27645,35.14304],[126.27834,35.14227],[126.27943,35.13869],[126.27805,35.13649],[126.28124,35.13478],[126.2864,35.13473],[126.28952,35.13555],[126.29214,35.13693],[126.29243,35.13836],[126.297,35.1377],[126.30121,35.13863],[126.30739,35.1377],[126.30869,35.13698],[126.30855,35.13264],[126.30579,35.1317],[126.30789,35.12758],[126.31116,35.12835],[126.3206,35.12747],[126.32474,35.13297],[126.32765,35.13599],[126.32968,35.13907],[126.33106,35.14265],[126.32968,35.14496],[126.32576,35.14612],[126.32547,35.14854],[126.32743,35.15074],[126.32961,35.15123],[126.33041,35.14887],[126.33404,35.14925],[126.34072,35.15437],[126.34566,35.15965],[126.34667,35.15948],[126.34747,35.15734],[126.34551,35.15563],[126.34464,35.1509],[126.34566,35.1476],[126.34486,35.14452],[126.34464,35.14084],[126.34682,35.13869],[126.34529,35.13489],[126.3434,35.13242],[126.34101,35.13066],[126.34065,35.12697],[126.33847,35.12257],[126.34028,35.1202],[126.33709,35.1174],[126.33433,35.11586],[126.33179,35.10992],[126.32961,35.10915],[126.3315,35.10497],[126.33513,35.1026],[126.33534,35.09864],[126.33266,35.0966],[126.33121,35.09468],[126.33193,35.09325],[126.33476,35.09154],[126.33796,35.09193],[126.34348,35.09176],[126.34871,35.09396],[126.34958,35.09473],[126.35023,35.09869],[126.35161,35.10023],[126.35306,35.09968],[126.35328,35.09781],[126.35103,35.09649],[126.35045,35.0938],[126.3519,35.08967],[126.35183,35.08791],[126.35023,35.0861],[126.34914,35.0883],[126.34522,35.08775],[126.34246,35.08643],[126.34297,35.08417],[126.34457,35.08357],[126.34449,35.07707],[126.34551,35.07542],[126.34863,35.07542],[126.35009,35.07625],[126.3503,35.07883],[126.35379,35.07828],[126.35786,35.07498],[126.36098,35.07493],[126.3625,35.07597],[126.36149,35.0779],[126.36403,35.07944],[126.36701,35.07801],[126.36773,35.07696],[126.36483,35.07597],[126.36446,35.07383],[126.36744,35.07163],[126.3673,35.06789],[126.36512,35.06503],[126.36715,35.06266],[126.37013,35.06178],[126.37173,35.06216],[126.37434,35.06453],[126.37499,35.06827],[126.37804,35.07256],[126.38298,35.07762],[126.38073,35.08208],[126.38727,35.08516],[126.38799,35.08665],[126.39162,35.08582],[126.39126,35.08406],[126.38756,35.07949],[126.3861,35.07597],[126.38618,35.07372],[126.38407,35.07025],[126.38494,35.06602],[126.39061,35.06459],[126.39206,35.06618],[126.39264,35.07135],[126.39576,35.07564],[126.3983,35.07548],[126.4007,35.07234],[126.40411,35.07097],[126.40477,35.0669],[126.40397,35.06855],[126.40259,35.06717],[126.40281,35.0658],[126.40883,35.0625],[126.40687,35.06007],[126.406,35.05798],[126.4007,35.05551],[126.39845,35.05265],[126.40252,35.05116],[126.40179,35.04995],[126.397,35.0483],[126.39467,35.04808],[126.3917,35.04544],[126.39046,35.04302],[126.39496,35.04137],[126.39751,35.04286],[126.40092,35.04192],[126.40128,35.03724],[126.39954,35.03482],[126.3991,35.03246],[126.40331,35.02707],[126.40825,35.02894],[126.41181,35.02888],[126.41653,35.02663],[126.42379,35.02767],[126.4275,35.0274],[126.42655,35.02987],[126.42234,35.03609],[126.41827,35.03972],[126.41806,35.04093],[126.42016,35.04484],[126.42314,35.04814],[126.42633,35.04984],[126.43142,35.05193],[126.43621,35.05347],[126.44057,35.05611],[126.44442,35.05914],[126.45015,35.06805],[126.4519,35.07163],[126.45756,35.07399],[126.45633,35.07614],[126.4495,35.07883],[126.44681,35.0796],[126.44151,35.08401],[126.44006,35.08456],[126.43621,35.08412],[126.43592,35.08632],[126.43803,35.08714],[126.44442,35.08736],[126.4519,35.08863],[126.45742,35.08984],[126.46018,35.09259],[126.46279,35.09605],[126.46504,35.09996],[126.46359,35.10167],[126.46185,35.10222],[126.45567,35.102],[126.45371,35.10233],[126.45248,35.1037],[126.44558,35.10623],[126.44079,35.10486],[126.43679,35.10519],[126.43243,35.10651],[126.43113,35.10744],[126.42532,35.10711],[126.42437,35.10634],[126.42169,35.10706],[126.41856,35.11069],[126.40528,35.13275],[126.40295,35.13682],[126.40208,35.13687],[126.39685,35.1344],[126.39126,35.13847],[126.38872,35.14177],[126.38777,35.14529],[126.38647,35.14755],[126.3848,35.14832],[126.38327,35.15019],[126.38226,35.15393],[126.38364,35.15695],[126.38269,35.15893],[126.37761,35.15888],[126.37499,35.15712],[126.37289,35.15899],[126.37245,35.16147],[126.36584,35.16845],[126.36047,35.16829],[126.35909,35.16889],[126.3612,35.1712],[126.36025,35.1772],[126.35626,35.18259],[126.3543,35.18408],[126.36062,35.18474],[126.36258,35.18556],[126.36708,35.18639],[126.37245,35.19007],[126.371,35.19255],[126.36868,35.19475],[126.36904,35.1981],[126.37223,35.19876],[126.37862,35.20817],[126.37884,35.209],[126.37681,35.21191],[126.37369,35.21076],[126.36606,35.2052],[126.35386,35.20168],[126.35488,35.1991],[126.35444,35.1964],[126.3535,35.19596],[126.34188,35.19431],[126.3376,35.19244],[126.33658,35.19414],[126.3368,35.19634],[126.33876,35.20432],[126.34188,35.20735],[126.34311,35.2118],[126.34224,35.21395],[126.33789,35.21257],[126.33992,35.20878],[126.3381,35.20586],[126.33534,35.20454],[126.32983,35.20443],[126.32837,35.20273],[126.32133,35.20388],[126.31661,35.20509],[126.31501,35.20757],[126.31646,35.209],[126.31835,35.21521],[126.31588,35.21747],[126.31719,35.21395],[126.31429,35.20999],[126.31131,35.21026],[126.30608,35.21186],[126.3039,35.20922],[126.29954,35.21081],[126.30005,35.21785],[126.29933,35.21835],[126.29904,35.22275],[126.29686,35.22308],[126.29991,35.22814],[126.30121,35.23447],[126.30339,35.2392],[126.30666,35.2441],[126.30681,35.2474],[126.30804,35.25092],[126.31102,35.25334],[126.31269,35.25317],[126.3161,35.24943],[126.31639,35.24795],[126.32053,35.24531],[126.32598,35.24294],[126.32845,35.24399],[126.32779,35.24773],[126.32605,35.24745],[126.32402,35.25235],[126.32648,35.25697],[126.32235,35.26308],[126.32554,35.26588],[126.32975,35.26737],[126.3307,35.26643],[126.33505,35.26935],[126.33941,35.27182],[126.33665,35.27072],[126.33258,35.26808],[126.3254,35.27078],[126.32496,35.27138],[126.32874,35.27914],[126.32983,35.28019],[126.33781,35.28547],[126.3397,35.28596],[126.35023,35.28651],[126.35263,35.28294],[126.3612,35.28475],[126.3657,35.28486],[126.3702,35.28426],[126.37165,35.28453],[126.37042,35.28734],[126.36577,35.28706],[126.36584,35.29218],[126.36926,35.29201],[126.37078,35.29361],[126.37594,35.30307],[126.37804,35.30604],[126.37695,35.30758],[126.37565,35.31165],[126.37761,35.3176],[126.37935,35.32073],[126.37848,35.3248],[126.37848,35.32766],[126.38138,35.33261],[126.38371,35.33553],[126.38596,35.34109],[126.38698,35.34197],[126.38799,35.34609],[126.38705,35.34708],[126.38734,35.35313],[126.38915,35.355],[126.39191,35.35633],[126.39322,35.36012],[126.39308,35.3632],[126.39722,35.36925],[126.39874,35.36958],[126.40353,35.36898],[126.40404,35.36744],[126.40317,35.36342],[126.40571,35.3626],[126.40622,35.36496],[126.40862,35.36546],[126.41254,35.36403],[126.42169,35.36535],[126.42314,35.3643],[126.4251,35.36089],[126.42764,35.35831],[126.4296,35.35765],[126.43214,35.35776],[126.43752,35.35875],[126.44267,35.35759],[126.44391,35.35688],[126.44652,35.35291],[126.44638,35.3517],[126.44798,35.34857],[126.4487,35.35198],[126.44565,35.35517],[126.4442,35.35776],[126.43846,35.35957],[126.43519,35.35979],[126.43149,35.35875],[126.42822,35.35963],[126.42336,35.36535],[126.41835,35.36991],[126.41748,35.37349],[126.41377,35.37492],[126.41109,35.37525],[126.40934,35.37751],[126.40731,35.38202],[126.40934,35.38389],[126.40695,35.38642],[126.40702,35.39258],[126.406,35.39384],[126.40317,35.39406],[126.40201,35.39616],[126.40295,35.40001],[126.4068,35.40336],[126.41109,35.40567],[126.40317,35.4043],[126.40288,35.40463],[126.40564,35.4093],[126.40869,35.4115],[126.40956,35.41448],[126.40767,35.41569],[126.40687,35.41723],[126.41769,35.42372],[126.41973,35.42592],[126.40992,35.43241],[126.41014,35.43268],[126.41929,35.42658],[126.42074,35.42691],[126.42314,35.43021],[126.42401,35.42993],[126.42706,35.42641],[126.43033,35.42707],[126.43265,35.42872],[126.43607,35.42966],[126.4397,35.42993],[126.44427,35.42746],[126.44645,35.42872],[126.45023,35.4279],[126.45335,35.42691],[126.45575,35.42685],[126.46417,35.42537],[126.46853,35.42515],[126.47339,35.42702],[126.47601,35.42933],[126.47964,35.42652],[126.47927,35.42553],[126.48036,35.42102],[126.48741,35.41431],[126.49067,35.41255],[126.49285,35.40925],[126.49278,35.40804],[126.49097,35.40446],[126.49147,35.40017],[126.4906,35.39517],[126.48973,35.39384],[126.48487,35.39016],[126.48196,35.38972],[126.47739,35.3862],[126.48123,35.38565],[126.4829,35.38466],[126.48356,35.3802],[126.48624,35.37756],[126.49111,35.37531],[126.49663,35.37404],[126.49772,35.37233],[126.49648,35.37101],[126.49641,35.3665],[126.49583,35.36172],[126.49612,35.35759],[126.49213,35.35412],[126.49358,35.35038],[126.49648,35.34989],[126.49859,35.35275],[126.50324,35.35814],[126.50825,35.36166],[126.51275,35.36205],[126.51384,35.35644],[126.51725,35.35104],[126.51994,35.34956],[126.52045,35.34741],[126.5182,35.3401],[126.51718,35.3385],[126.51747,35.33415],[126.51566,35.32948],[126.5134,35.32948],[126.51399,35.32711],[126.52059,35.3253],[126.52292,35.32112],[126.52393,35.31628],[126.52328,35.31539],[126.52437,35.31396],[126.52669,35.31275],[126.52953,35.31259],[126.52967,35.30923],[126.53236,35.30676],[126.5394,35.31061],[126.54405,35.31006],[126.54812,35.31347],[126.55109,35.31369],[126.55313,35.31215],[126.55581,35.31259],[126.55777,35.3116],[126.56097,35.31187],[126.56402,35.30951],[126.56838,35.31127],[126.57273,35.31017],[126.57586,35.30659],[126.57615,35.30489],[126.57811,35.30346],[126.58137,35.30362],[126.58493,35.30076],[126.58856,35.30731],[126.58922,35.31253],[126.58944,35.31743],[126.58501,35.31738],[126.58283,35.31572],[126.58152,35.31743],[126.58225,35.32057],[126.58123,35.32299],[126.58319,35.32838],[126.58493,35.33019],[126.58704,35.3308],[126.59554,35.32942],[126.59931,35.33058],[126.60251,35.33454],[126.60418,35.33564],[126.60759,35.33206],[126.62117,35.32409],[126.62436,35.32299],[126.6264,35.32134],[126.63032,35.3204],[126.64179,35.32084],[126.64477,35.3198],[126.64666,35.32293],[126.64651,35.32541],[126.64426,35.32722],[126.64702,35.32849],[126.65174,35.32684],[126.6537,35.32865],[126.65908,35.33636],[126.66075,35.33993],[126.66009,35.34422],[126.66176,35.34549],[126.66438,35.34571],[126.6643,35.34813],[126.66641,35.35148],[126.66939,35.35148],[126.67491,35.34862],[126.67861,35.34835],[126.68231,35.34714],[126.68573,35.34422],[126.68754,35.34769],[126.69183,35.35143],[126.69684,35.34967],[126.69938,35.35011],[126.70032,35.35192],[126.70308,35.35941],[126.70461,35.36513],[126.7094,35.36529],[126.71085,35.36419],[126.71935,35.36496],[126.72247,35.36683],[126.72618,35.3709],[126.72777,35.37387],[126.73126,35.3769],[126.73126,35.38103],[126.7322,35.38317],[126.73126,35.38801],[126.73024,35.39005],[126.72966,35.39462],[126.72668,35.39698],[126.72414,35.39698],[126.72204,35.39852],[126.72247,35.39995],[126.72538,35.40089],[126.72777,35.40061],[126.7362,35.40342],[126.73772,35.406],[126.74448,35.40919],[126.74629,35.41145],[126.74767,35.41426],[126.74985,35.41624],[126.75421,35.41651],[126.75413,35.418],[126.75152,35.42278],[126.75188,35.43505],[126.74934,35.43912],[126.74716,35.44039],[126.74382,35.44066],[126.74208,35.44286],[126.74092,35.44583],[126.73772,35.44952],[126.74099,35.45299],[126.74513,35.45122],[126.74811,35.45056],[126.74949,35.45133],[126.75537,35.45623],[126.75776,35.46228],[126.76292,35.4663],[126.76488,35.46707],[126.77091,35.46718],[126.77287,35.46806],[126.78187,35.47064],[126.78855,35.46839],[126.79233,35.46762],[126.79712,35.46822],[126.80366,35.46795],[126.81397,35.46877],[126.81477,35.47334],[126.81281,35.47615],[126.8139,35.48418],[126.81789,35.4861],[126.82334,35.48693],[126.8269,35.48665],[126.82835,35.48572],[126.82871,35.48379],[126.83046,35.48082],[126.83459,35.47967],[126.84207,35.47906],[126.84331,35.47835],[126.84309,35.47615],[126.84186,35.47461],[126.8412,35.47147],[126.84164,35.46696],[126.83794,35.46454],[126.84004,35.46223],[126.84258,35.46388],[126.85028,35.46575],[126.85653,35.46415],[126.85885,35.46239],[126.86321,35.46118],[126.8701,35.46151],[126.87483,35.45942],[126.87584,35.45733],[126.87846,35.45596],[126.88114,35.4559],[126.8826,35.45453],[126.88361,35.45166],[126.88688,35.45045],[126.89254,35.44957],[126.89676,35.44798],[126.90017,35.44226],[126.90511,35.44083],[126.89901,35.43637],[126.89748,35.43494],[126.89777,35.43279],[126.9014,35.43043],[126.90431,35.42971],[126.90402,35.42801],[126.90257,35.42691],[126.90184,35.423],[126.90307,35.42064],[126.90779,35.42003],[126.90896,35.41827],[126.90881,35.41541],[126.91113,35.41497],[126.91513,35.41607],[126.91636,35.41563],[126.91978,35.40996],[126.91658,35.4049],[126.91745,35.40215],[126.91949,35.40193],[126.92014,35.40309],[126.93001,35.406],[126.93314,35.40606],[126.93212,35.4016],[126.93001,35.40017],[126.93306,35.39583],[126.93539,35.39456],[126.93866,35.39511],[126.94171,35.39429],[126.94483,35.39445],[126.94991,35.39533],[126.95427,35.39665],[126.95746,35.39632],[126.96313,35.39495],[126.97017,35.39698],[126.97112,35.3983],[126.9738,35.39995],[126.97649,35.40072],[126.97656,35.40358],[126.97598,35.40727],[126.97388,35.41128],[126.97148,35.41464],[126.97032,35.41981],[126.97017,35.42306],[126.97141,35.42768],[126.97693,35.42812],[126.98165,35.42663],[126.98368,35.43246],[126.98339,35.43373],[126.98528,35.43676],[126.98956,35.43912],[126.99457,35.43978],[126.99828,35.44732],[127.00053,35.45398],[126.99806,35.45733],[126.99951,35.46212],[127.003,35.46448],[127.00989,35.46168],[127.01222,35.46014],[127.01432,35.45783],[127.0173,35.45909],[127.02347,35.46399],[127.03074,35.4652],[127.03473,35.46657],[127.03655,35.45981],[127.03495,35.457],[127.03502,35.44765],[127.03684,35.44528],[127.03734,35.4389],[127.03829,35.43769],[127.03734,35.43384],[127.04018,35.4318],[127.04482,35.43318],[127.04904,35.43109],[127.0523,35.42652],[127.04824,35.41855],[127.04795,35.41558],[127.04606,35.40919],[127.04511,35.40721],[127.04729,35.40468],[127.04693,35.40221],[127.0433,35.39935],[127.0417,35.39874],[127.03328,35.40001],[127.02703,35.39984],[127.02747,35.39467],[127.03045,35.3901],[127.03466,35.38785],[127.03872,35.38482],[127.04018,35.38251],[127.03909,35.38015],[127.04729,35.37718],[127.05056,35.37806],[127.05506,35.38284],[127.05761,35.38268],[127.05797,35.38147],[127.06124,35.37883],[127.06196,35.37701],[127.06436,35.37602],[127.06356,35.36991],[127.0669,35.36821],[127.06864,35.36628],[127.0706,35.36524],[127.06719,35.35864],[127.06523,35.35776],[127.06523,35.35589],[127.06784,35.35473],[127.06988,35.35143],[127.06748,35.34549],[127.07031,35.33982],[127.06508,35.33652],[127.0624,35.33625],[127.05811,35.33839],[127.05528,35.34109],[127.0523,35.34026],[127.05129,35.33525],[127.051,35.32942],[127.04722,35.32563],[127.04446,35.32403],[127.04308,35.32189],[127.0462,35.31859],[127.05092,35.31672],[127.05303,35.31716],[127.06087,35.31732],[127.06247,35.31666],[127.06465,35.31347],[127.06893,35.31143],[127.07184,35.31242],[127.08121,35.31006],[127.08244,35.3089],[127.08927,35.3067],[127.09675,35.30181],[127.10219,35.30137],[127.10292,35.3001],[127.10524,35.29922],[127.11345,35.29988],[127.11548,35.29961],[127.11868,35.30131],[127.12456,35.30346],[127.12601,35.30324],[127.1271,35.30505],[127.12688,35.30659],[127.13008,35.30846],[127.13908,35.30934],[127.1438,35.30841],[127.14547,35.30896],[127.14671,35.31088],[127.14678,35.31539],[127.15063,35.31787],[127.15172,35.31787],[127.15419,35.3209],[127.16007,35.32706],[127.16479,35.32937],[127.16806,35.33201],[127.17118,35.33289],[127.173,35.33047],[127.1804,35.33289],[127.1836,35.33459],[127.18621,35.33696],[127.18679,35.33619],[127.18454,35.33305],[127.18389,35.32986],[127.18476,35.32612],[127.18774,35.32255],[127.19674,35.3193],[127.19907,35.31666],[127.20422,35.31556],[127.20974,35.31556],[127.21272,35.31738],[127.21569,35.32442],[127.21562,35.32799],[127.217,35.33113],[127.22078,35.33481],[127.22717,35.33399],[127.23218,35.33366],[127.2337,35.33256],[127.23552,35.3292],[127.23871,35.32772],[127.24344,35.32282],[127.24714,35.32101],[127.25084,35.31815],[127.25309,35.31451],[127.25716,35.31248],[127.26159,35.3122],[127.26333,35.31319],[127.2666,35.31369],[127.27212,35.31303],[127.27895,35.31385],[127.28672,35.31402],[127.29093,35.31336],[127.29514,35.31088],[127.29877,35.30962],[127.30458,35.30527],[127.3061,35.30461],[127.30988,35.3045],[127.31453,35.30604],[127.31968,35.30637],[127.32346,35.30742],[127.32557,35.3105],[127.32644,35.30923],[127.33036,35.31215],[127.33036,35.31462],[127.33515,35.31539],[127.34634,35.31837],[127.35425,35.32238],[127.3581,35.32112],[127.36333,35.31639],[127.36768,35.31418],[127.37066,35.31462],[127.37662,35.31132],[127.37836,35.30808],[127.3801,35.30368],[127.38453,35.30247],[127.38889,35.30439],[127.38954,35.30599],[127.39267,35.30736],[127.39317,35.30918],[127.39245,35.31044],[127.39274,35.31275],[127.39666,35.31424],[127.39913,35.31688],[127.3992,35.31985],[127.40116,35.32271],[127.40516,35.32381],[127.40879,35.32755],[127.41155,35.33217],[127.41576,35.33729],[127.41656,35.34092],[127.41772,35.34147],[127.42019,35.34521],[127.42048,35.34846],[127.42142,35.35088],[127.42258,35.35121],[127.42651,35.35412],[127.43086,35.35809],[127.43595,35.36117],[127.43747,35.36265],[127.44139,35.36386],[127.44139,35.3621],[127.44372,35.36095],[127.45381,35.36073],[127.45824,35.36353],[127.46194,35.36392],[127.4626,35.36337],[127.46594,35.36353],[127.47073,35.36535],[127.47414,35.36414],[127.47836,35.36397],[127.48075,35.36161],[127.48569,35.35836],[127.49789,35.3599],[127.50203,35.35836],[127.50428,35.35682],[127.50689,35.35396],[127.50936,35.35269],[127.51205,35.35225],[127.51401,35.35115],[127.51662,35.3473],[127.51786,35.34659],[127.52207,35.34598],[127.52447,35.34488],[127.5265,35.34312],[127.52853,35.33889],[127.53093,35.33603],[127.53434,35.33503],[127.53979,35.33476],[127.54153,35.33366],[127.54226,35.32849],[127.55228,35.3248],[127.55482,35.322],[127.56049,35.32106],[127.56782,35.31853],[127.57327,35.31149],[127.57748,35.3089],[127.5761,35.3061],[127.5761,35.30351],[127.57683,35.3012],[127.57733,35.29515],[127.58409,35.29108],[127.58627,35.28717],[127.58968,35.28002],[127.59113,35.2754],[127.59345,35.27314],[127.59556,35.27199],[127.59571,35.26814],[127.60108,35.26671],[127.60573,35.26352],[127.61016,35.26203],[127.61146,35.25873],[127.61263,35.25345],[127.61524,35.25037],[127.61335,35.24839],[127.61284,35.24162],[127.61372,35.24047],[127.61669,35.23893],[127.61916,35.23546],[127.61909,35.23056],[127.62112,35.22462],[127.62083,35.22165],[127.62076,35.21268],[127.61706,35.2096],[127.61691,35.20652],[127.61807,35.20174],[127.62003,35.19788],[127.62149,35.19178],[127.61815,35.1909],[127.62105,35.18793],[127.62265,35.18496],[127.62461,35.18259],[127.62809,35.18111],[127.63202,35.17621],[127.63746,35.17313],[127.64,35.17076],[127.64211,35.16713],[127.64835,35.16037],[127.65387,35.15959],[127.657,35.15965],[127.65932,35.15899],[127.66222,35.15602],[127.66477,35.15481],[127.66825,35.15206],[127.67239,35.14969],[127.67573,35.14733],[127.67842,35.14425],[127.68365,35.13929],[127.68866,35.13517],[127.692,35.1311],[127.69396,35.12752],[127.69527,35.1207],[127.6949,35.11404],[127.69483,35.10629],[127.6973,35.10178],[127.70275,35.09864],[127.70659,35.09539],[127.71298,35.08709],[127.71357,35.08593],[127.7172,35.08285],[127.72518,35.07966],[127.73252,35.07625],[127.73637,35.07361],[127.73869,35.06998],[127.73927,35.06525],[127.73993,35.06338],[127.74327,35.06095],[127.75154,35.05672],[127.75714,35.05501],[127.76345,35.05485],[127.76534,35.05364],[127.7681,35.05039],[127.7697,35.04621],[127.7705,35.04186],[127.77079,35.03735],[127.77166,35.03372],[127.77413,35.03103],[127.77878,35.0247],[127.78168,35.02333],[127.78488,35.02096],[127.78647,35.01634],[127.78676,35.01095],[127.78451,35.00341],[127.78154,34.99758],[127.78045,34.994],[127.78059,34.99043],[127.77907,34.98812],[127.77682,34.9868],[127.77406,34.98311],[127.76955,34.97964],[127.76621,34.97843],[127.76353,34.97607],[127.76287,34.97398],[127.75939,34.96677],[127.75772,34.96683],[127.75626,34.96429],[127.75387,34.96209],[127.75271,34.96198],[127.75394,34.95791],[127.75612,34.95852],[127.75968,34.96039],[127.76164,34.95989],[127.76774,34.95384],[127.76854,34.94658],[127.76788,34.94427],[127.76687,34.9435],[127.76672,34.94102],[127.76861,34.94102],[127.76854,34.93382],[127.76527,34.9336],[127.75256,34.93365],[127.74762,34.93349],[127.74479,34.93486],[127.74421,34.93706],[127.74152,34.94086],[127.74036,34.94454],[127.73978,34.94862],[127.7408,34.95137],[127.74537,34.95434],[127.75358,34.95775],[127.75154,34.96193],[127.74494,34.95973],[127.74,34.95681],[127.73753,34.95599],[127.73107,34.95483],[127.72809,34.95296],[127.7233,34.94845],[127.72148,34.94752],[127.71792,34.94449],[127.71153,34.93712],[127.71066,34.93558],[127.70253,34.93294],[127.70108,34.93189],[127.69948,34.92914],[127.69984,34.92716],[127.69875,34.92518],[127.69752,34.92562],[127.69621,34.9232],[127.69773,34.92243],[127.69585,34.91896],[127.69222,34.92028],[127.6888,34.92408],[127.68321,34.92683],[127.68132,34.92986],[127.67399,34.93151],[127.67145,34.93057],[127.66825,34.92353],[127.66498,34.91935],[127.6636,34.91577],[127.66404,34.91478],[127.66281,34.91247],[127.66302,34.91088],[127.66571,34.90906],[127.66782,34.90835],[127.67101,34.90312],[127.63935,34.88381],[127.63485,34.88827],[127.63695,34.88953],[127.62439,34.90218],[127.62621,34.90339],[127.64022,34.90554],[127.65467,34.90796],[127.65627,34.90928],[127.6485,34.90868],[127.64342,34.9067],[127.6408,34.90736],[127.63615,34.90631],[127.63477,34.90708],[127.62926,34.90537],[127.62272,34.90532],[127.62265,34.90774],[127.61952,34.91159],[127.61938,34.91374],[127.61735,34.91605],[127.61531,34.91308],[127.61415,34.91528],[127.61422,34.9188],[127.60769,34.92243],[127.59897,34.92628],[127.58046,34.92215],[127.57857,34.91885],[127.57922,34.91649],[127.57988,34.9188],[127.5907,34.91869],[127.59745,34.91165],[127.60362,34.90554],[127.60544,34.90328],[127.60449,34.90213],[127.61088,34.89553],[127.61205,34.8963],[127.6135,34.89476],[127.61234,34.89311],[127.61328,34.89212],[127.5904,34.87726],[127.58968,34.87457],[127.59193,34.87083],[127.59476,34.86742],[127.5989,34.86362],[127.60246,34.85872],[127.60319,34.85575],[127.60442,34.85361],[127.60776,34.85075],[127.61067,34.84948],[127.61023,34.85355],[127.61372,34.85416],[127.61684,34.85053],[127.618,34.84827],[127.62098,34.84557],[127.62388,34.8442],[127.62562,34.84409],[127.63434,34.84585],[127.63608,34.84667],[127.63681,34.84574],[127.63586,34.83974],[127.63361,34.83837],[127.62962,34.83881],[127.62686,34.84057],[127.62679,34.83512],[127.62715,34.83441],[127.63623,34.82808],[127.64022,34.83045],[127.64276,34.83045],[127.66164,34.84458],[127.66448,34.8431],[127.66694,34.84084],[127.66644,34.84046],[127.66985,34.83732],[127.67065,34.83738],[127.67355,34.84046],[127.67522,34.84128],[127.68016,34.84497],[127.69498,34.86472],[127.69686,34.86378],[127.69672,34.86142],[127.69868,34.85922],[127.70507,34.85916],[127.71175,34.8585],[127.71996,34.85894],[127.72359,34.86032],[127.72562,34.86191],[127.73005,34.86131],[127.72903,34.8596],[127.73332,34.85795],[127.73375,34.85592],[127.7355,34.8546],[127.74116,34.85234],[127.74305,34.8508],[127.74399,34.85146],[127.74225,34.85702],[127.73971,34.8596],[127.73978,34.86147],[127.74908,34.86142],[127.75234,34.86098],[127.76193,34.86356],[127.76411,34.8634],[127.77275,34.86158],[127.775,34.85949],[127.77631,34.85493],[127.775,34.84502],[127.77486,34.83749],[127.76941,34.83314],[127.76774,34.83133],[127.76868,34.82775],[127.76738,34.82516],[127.76854,34.82258],[127.77442,34.82225],[127.77442,34.82071],[127.77231,34.81983],[127.76955,34.8206],[127.76701,34.81823],[127.76912,34.81405],[127.76621,34.80949],[127.76926,34.80497],[127.7689,34.80272],[127.76774,34.80167],[127.76215,34.80151],[127.75931,34.80085],[127.75648,34.79755],[127.75503,34.7926],[127.75685,34.78682],[127.75401,34.78522],[127.75118,34.7828],[127.74697,34.78055],[127.74515,34.77741],[127.74566,34.77483],[127.74755,34.77235],[127.74987,34.77048],[127.75438,34.76344],[127.75184,34.75475],[127.75423,34.75414],[127.7575,34.75211],[127.75626,34.75161],[127.75278,34.75381],[127.75002,34.75117],[127.74842,34.74825],[127.74929,34.74688],[127.75234,34.74644],[127.75474,34.74336],[127.75692,34.74303],[127.75481,34.73868],[127.75082,34.73621],[127.74494,34.73797],[127.74218,34.73681],[127.73862,34.73736],[127.7376,34.73846],[127.73295,34.73896],[127.73354,34.73736],[127.73201,34.73373],[127.73274,34.73027],[127.73107,34.72916],[127.72867,34.72955],[127.72366,34.72801],[127.72119,34.72592],[127.71734,34.72493],[127.71676,34.72608],[127.70906,34.72372],[127.70848,34.72278],[127.70456,34.72047],[127.69846,34.72102],[127.69991,34.72262],[127.69991,34.72405],[127.69606,34.72735],[127.68793,34.73181],[127.68437,34.73401],[127.68241,34.73241],[127.6782,34.73571],[127.67348,34.74061],[127.67268,34.74193],[127.67413,34.74248],[127.67348,34.74578],[127.66956,34.74572],[127.666,34.74781],[127.66222,34.7515],[127.66135,34.75403],[127.66193,34.75524],[127.66426,34.75596],[127.66251,34.75678],[127.65809,34.75563],[127.65547,34.75002],[127.6575,34.7488],[127.65852,34.74638],[127.65518,34.74605],[127.65257,34.7444],[127.65148,34.74297],[127.64741,34.73307],[127.6416,34.72718],[127.64015,34.72421],[127.64022,34.72174],[127.6392,34.7186],[127.63971,34.71431],[127.64254,34.7098],[127.64276,34.70622],[127.63906,34.70617],[127.63768,34.70694],[127.63557,34.71024],[127.63339,34.71085],[127.63114,34.71018],[127.62628,34.71195],[127.62715,34.71288],[127.62831,34.71717],[127.62788,34.71816],[127.62504,34.71838],[127.62316,34.71728],[127.62083,34.71332],[127.62207,34.71162],[127.62236,34.70886],[127.61996,34.7082],[127.61989,34.70914],[127.61669,34.70974],[127.61444,34.70776],[127.6135,34.70606],[127.61495,34.70336],[127.61931,34.70089],[127.62483,34.69896],[127.62788,34.69588],[127.62526,34.69511],[127.62178,34.69005],[127.62316,34.68746],[127.63216,34.68312],[127.63412,34.68554],[127.63557,34.68537],[127.63928,34.68361],[127.63804,34.68207],[127.63652,34.68306],[127.63448,34.68262],[127.63136,34.68004],[127.62846,34.67998],[127.62308,34.68169],[127.61996,34.68433],[127.61756,34.68427],[127.62083,34.68031],[127.62192,34.678],[127.62454,34.678],[127.62947,34.6747],[127.62947,34.6719],[127.63318,34.66997],[127.63325,34.66826],[127.63172,34.66513],[127.63412,34.66309],[127.63361,34.65864],[127.63274,34.65693],[127.63042,34.65616],[127.63064,34.65237],[127.62955,34.65044],[127.63107,34.6489],[127.63768,34.6489],[127.63833,34.6511],[127.64073,34.65226],[127.64262,34.65049],[127.64015,34.64587],[127.63652,34.64664],[127.63347,34.64554],[127.63993,34.64439],[127.64,34.64329],[127.63507,34.64169],[127.63318,34.63614],[127.63833,34.63597],[127.64305,34.63383],[127.64618,34.62893],[127.64436,34.62739],[127.63724,34.62601],[127.63586,34.62629],[127.63448,34.62827],[127.63644,34.63008],[127.63405,34.63273],[127.63093,34.63273],[127.62788,34.63113],[127.62802,34.63008],[127.62592,34.62953],[127.6241,34.63091],[127.62606,34.63278],[127.62526,34.63449],[127.62076,34.63944],[127.61582,34.64279],[127.6135,34.64384],[127.60914,34.64494],[127.60682,34.64466],[127.59222,34.65055],[127.58968,34.65181],[127.58271,34.65209],[127.57915,34.65104],[127.57486,34.64835],[127.57465,34.64686],[127.57617,34.63971],[127.57893,34.63757],[127.58263,34.63129],[127.58263,34.63047],[127.5798,34.63102],[127.57675,34.63333],[127.57472,34.6357],[127.57334,34.64059],[127.57029,34.64389],[127.56985,34.64609],[127.56789,34.65011],[127.56463,34.65479],[127.56259,34.65556],[127.55882,34.6593],[127.55555,34.65759],[127.55359,34.65858],[127.55155,34.66287],[127.55126,34.66535],[127.5525,34.66909],[127.55787,34.67151],[127.56012,34.67063],[127.56165,34.67173],[127.56354,34.67525],[127.56259,34.67712],[127.55874,34.67877],[127.55678,34.6791],[127.55548,34.67751],[127.55046,34.68196],[127.55126,34.68609],[127.55083,34.689],[127.55155,34.69159],[127.55286,34.69352],[127.55773,34.69357],[127.55853,34.6955],[127.55642,34.69605],[127.55932,34.70023],[127.56296,34.69808],[127.56615,34.69841],[127.56869,34.69973],[127.57363,34.69891],[127.58024,34.69313],[127.58133,34.69346],[127.58024,34.69654],[127.57726,34.7005],[127.57225,34.7038],[127.56942,34.70408],[127.56775,34.7032],[127.56579,34.70067],[127.56426,34.70144],[127.56266,34.70424],[127.56354,34.70798],[127.56245,34.70886],[127.5578,34.70754],[127.55787,34.70452],[127.55911,34.70314],[127.55606,34.70061],[127.55315,34.70078],[127.5546,34.70413],[127.55577,34.70534],[127.55686,34.71371],[127.55497,34.71442],[127.55417,34.71327],[127.55112,34.71123],[127.54916,34.7109],[127.5485,34.71294],[127.55206,34.71591],[127.55228,34.71959],[127.55504,34.7186],[127.56375,34.72383],[127.5639,34.72757],[127.56114,34.72889],[127.56114,34.73164],[127.56187,34.73203],[127.56542,34.73004],[127.56557,34.72867],[127.56746,34.72801],[127.57624,34.73148],[127.57893,34.73324],[127.57988,34.73544],[127.57762,34.73703],[127.57828,34.73912],[127.58416,34.73956],[127.58445,34.74319],[127.58176,34.74517],[127.5846,34.74627],[127.5883,34.74446],[127.592,34.74424],[127.59316,34.74495],[127.59411,34.74842],[127.59222,34.75046],[127.59026,34.75106],[127.58728,34.74963],[127.58554,34.7509],[127.58895,34.75365],[127.59019,34.75689],[127.5851,34.76734],[127.58162,34.76877],[127.58104,34.76547],[127.57915,34.76129],[127.57595,34.7614],[127.57407,34.76025],[127.57196,34.76047],[127.57392,34.76465],[127.57516,34.76927],[127.57167,34.7745],[127.56942,34.77686],[127.56724,34.77653],[127.56484,34.77708],[127.56165,34.7762],[127.56005,34.77747],[127.56332,34.78044],[127.56608,34.77945],[127.56964,34.77923],[127.57065,34.77978],[127.57145,34.78275],[127.56942,34.78302],[127.56782,34.78517],[127.56753,34.78726],[127.56492,34.79221],[127.56259,34.79375],[127.56129,34.79359],[127.55853,34.79617],[127.55882,34.79986],[127.56005,34.80057],[127.56049,34.80305],[127.55744,34.80673],[127.55424,34.80888],[127.5464,34.81026],[127.54313,34.80916],[127.54342,34.80596],[127.53841,34.80558],[127.53289,34.80668],[127.53035,34.80844],[127.52912,34.8102],[127.52657,34.81103],[127.52628,34.80954],[127.52461,34.80927],[127.52316,34.81042],[127.52352,34.81515],[127.52592,34.8223],[127.52715,34.82384],[127.53253,34.82792],[127.53739,34.83078],[127.53964,34.836],[127.54277,34.84024],[127.54299,34.84359],[127.54088,34.84282],[127.54001,34.84161],[127.53463,34.84106],[127.53289,34.84139],[127.52832,34.84337],[127.52585,34.84513],[127.52323,34.84959],[127.52345,34.85531],[127.52229,34.85894],[127.52047,34.85861],[127.51938,34.86026],[127.51917,34.86323],[127.51771,34.86736],[127.5167,34.87253],[127.5175,34.87754],[127.51706,34.87836],[127.51619,34.87512],[127.51292,34.87319],[127.50798,34.87402],[127.50479,34.8733],[127.50029,34.87435],[127.49557,34.87435],[127.49273,34.87556],[127.48997,34.8738],[127.49026,34.86725],[127.49368,34.86681],[127.4944,34.86329],[127.49288,34.85812],[127.49005,34.85729],[127.49077,34.85443],[127.49273,34.85207],[127.49215,34.84761],[127.49092,34.84491],[127.48598,34.84172],[127.47981,34.84189],[127.47218,34.84486],[127.46695,34.84475],[127.46507,34.84387],[127.4639,34.84211],[127.46158,34.84117],[127.45737,34.84101],[127.45207,34.84029],[127.44916,34.83743],[127.44727,34.83666],[127.44001,34.83644],[127.43812,34.84189],[127.43638,34.84183],[127.43718,34.84563],[127.43936,34.84519],[127.43914,34.84612],[127.43602,34.84546],[127.43435,34.842],[127.43253,34.83611],[127.42781,34.83545],[127.42614,34.83452],[127.426,34.83237],[127.41968,34.83215],[127.41699,34.83265],[127.41387,34.83705],[127.41162,34.83853],[127.41242,34.8371],[127.4159,34.8343],[127.41801,34.82896],[127.41264,34.82775],[127.40399,34.82621],[127.4008,34.82511],[127.39593,34.82522],[127.39368,34.82714],[127.39034,34.82841],[127.38693,34.83353],[127.38439,34.83573],[127.38047,34.83683],[127.37262,34.83617],[127.36877,34.83512],[127.36732,34.83523],[127.35926,34.83754],[127.35686,34.8387],[127.35498,34.84046],[127.35352,34.83947],[127.35418,34.83694],[127.35854,34.83534],[127.36609,34.83138],[127.374,34.82962],[127.37807,34.82769],[127.38293,34.82676],[127.39049,34.81807],[127.39208,34.81455],[127.39579,34.81433],[127.39753,34.81647],[127.40058,34.81664],[127.40603,34.81471],[127.41089,34.81499],[127.41205,34.81306],[127.41852,34.8113],[127.42331,34.81301],[127.42491,34.81587],[127.42614,34.81515],[127.42709,34.81169],[127.4183,34.80938],[127.41612,34.80717],[127.4151,34.80503],[127.41293,34.80266],[127.40792,34.80162],[127.40654,34.80239],[127.40065,34.79865],[127.39528,34.79678],[127.39434,34.79485],[127.39484,34.79056],[127.39238,34.79183],[127.38918,34.78847],[127.38947,34.78638],[127.39332,34.78418],[127.39252,34.78302],[127.3907,34.78539],[127.38889,34.78533],[127.38642,34.78291],[127.38671,34.77934],[127.38562,34.77461],[127.38991,34.77433],[127.3915,34.77637],[127.39325,34.77615],[127.39463,34.77307],[127.3984,34.77076],[127.40029,34.77109],[127.40254,34.76701],[127.39964,34.75986],[127.3968,34.75678],[127.38947,34.75249],[127.38548,34.75139],[127.38337,34.75211],[127.37996,34.7509],[127.37291,34.74154],[127.37596,34.73643],[127.37829,34.73511],[127.3793,34.73302],[127.3801,34.729],[127.37901,34.72696],[127.38468,34.72179],[127.38642,34.72212],[127.38889,34.71976],[127.39107,34.72003],[127.39317,34.71877],[127.391,34.71767],[127.38903,34.71805],[127.38874,34.71706],[127.38954,34.71272],[127.39063,34.71112],[127.39644,34.70672],[127.39782,34.70655],[127.40189,34.70749],[127.40726,34.70435],[127.40712,34.70259],[127.40436,34.70243],[127.40378,34.70336],[127.40167,34.7032],[127.40283,34.70078],[127.40501,34.70006],[127.40988,34.69726],[127.4154,34.69511],[127.41692,34.69418],[127.41859,34.6917],[127.42142,34.69203],[127.42309,34.69076],[127.42469,34.68807],[127.42331,34.68658],[127.42832,34.68031],[127.4305,34.67943],[127.43224,34.68048],[127.43282,34.67921],[127.42876,34.67674],[127.42622,34.67701],[127.42818,34.67404],[127.43232,34.67531],[127.43711,34.67828],[127.43958,34.67745],[127.44219,34.67558],[127.44684,34.67404],[127.44909,34.67156],[127.44822,34.67068],[127.44669,34.66661],[127.44764,34.66623],[127.4443,34.66309],[127.44677,34.66144],[127.44807,34.66183],[127.45337,34.66551],[127.45345,34.66766],[127.45686,34.66843],[127.4578,34.6676],[127.45693,34.66612],[127.45991,34.6643],[127.46448,34.66243],[127.46753,34.66304],[127.46746,34.66463],[127.47102,34.66458],[127.47124,34.66254],[127.47255,34.6604],[127.47472,34.65963],[127.47538,34.65825],[127.47393,34.6555],[127.47422,34.65451],[127.4809,34.65126],[127.48329,34.65104],[127.48649,34.65176],[127.48947,34.64934],[127.4899,34.64802],[127.48794,34.64818],[127.48823,34.64719],[127.49085,34.64521],[127.49179,34.64329],[127.49034,34.64224],[127.48678,34.64235],[127.48032,34.64549],[127.47712,34.64868],[127.4761,34.64681],[127.47218,34.64307],[127.4748,34.64169],[127.47356,34.64103],[127.46906,34.64125],[127.46369,34.64945],[127.45984,34.64818],[127.45839,34.64703],[127.45868,34.64554],[127.46158,34.64043],[127.46993,34.63696],[127.47088,34.63757],[127.47334,34.63652],[127.47429,34.6352],[127.48024,34.63493],[127.48271,34.63592],[127.48569,34.63515],[127.49092,34.6325],[127.49331,34.63432],[127.49636,34.6319],[127.49426,34.62667],[127.4976,34.62024],[127.49724,34.61496],[127.50116,34.61187],[127.5037,34.6089],[127.5061,34.60406],[127.50639,34.60137],[127.50566,34.59933],[127.50573,34.59482],[127.50747,34.59488],[127.50835,34.59273],[127.50689,34.5919],[127.50486,34.59289],[127.50174,34.59339],[127.49651,34.58992],[127.49346,34.58393],[127.48874,34.58206],[127.48605,34.57793],[127.4875,34.57358],[127.48525,34.57403],[127.48119,34.57601],[127.48206,34.57793],[127.47756,34.57881],[127.47545,34.57799],[127.47625,34.57722],[127.47574,34.5743],[127.47291,34.57507],[127.47153,34.57694],[127.4687,34.57832],[127.46507,34.57881],[127.461,34.58118],[127.46194,34.58393],[127.4618,34.5908],[127.45795,34.59163],[127.45592,34.59058],[127.45301,34.58794],[127.45563,34.58745],[127.45722,34.58536],[127.45701,34.58426],[127.45185,34.58085],[127.44597,34.57738],[127.44451,34.577],[127.44001,34.57876],[127.43348,34.58288],[127.43442,34.58563],[127.43399,34.58827],[127.43311,34.58855],[127.42767,34.58607],[127.42229,34.58475],[127.41982,34.58272],[127.41677,34.58321],[127.41409,34.58519],[127.41532,34.58794],[127.41445,34.58937],[127.41104,34.59003],[127.40719,34.58948],[127.40065,34.58959],[127.39557,34.58695],[127.39397,34.58167],[127.39615,34.57788],[127.39906,34.57595],[127.40414,34.57865],[127.40632,34.5803],[127.40857,34.57969],[127.40864,34.57837],[127.40385,34.57281],[127.40436,34.56957],[127.4032,34.56786],[127.39913,34.56561],[127.39615,34.56335],[127.39637,34.55961],[127.39702,34.55912],[127.40501,34.55758],[127.40944,34.55565],[127.4114,34.55725],[127.41431,34.55851],[127.41736,34.55851],[127.41496,34.55648],[127.4154,34.55543],[127.41794,34.55494],[127.41917,34.55631],[127.42244,34.55714],[127.42367,34.55615],[127.41714,34.5535],[127.41968,34.55081],[127.42077,34.55268],[127.42636,34.55268],[127.42803,34.55505],[127.43094,34.55593],[127.43202,34.55538],[127.42992,34.55268],[127.42839,34.55169],[127.42643,34.55163],[127.42643,34.54921],[127.42803,34.5485],[127.43224,34.55191],[127.43326,34.55224],[127.43769,34.54998],[127.43849,34.54872],[127.43674,34.5469],[127.43181,34.54338],[127.42839,34.54448],[127.42672,34.54234],[127.42927,34.54124],[127.43449,34.54074],[127.43544,34.54025],[127.43624,34.53744],[127.43457,34.53513],[127.43261,34.53744],[127.42832,34.53695],[127.42709,34.53419],[127.42346,34.5288],[127.42476,34.52363],[127.42622,34.52116],[127.42767,34.52028],[127.43101,34.52066],[127.43115,34.51901],[127.42716,34.51802],[127.4228,34.51951],[127.42258,34.51742],[127.42534,34.51731],[127.42992,34.5151],[127.43079,34.51362],[127.42963,34.5123],[127.42752,34.51158],[127.42527,34.51202],[127.4212,34.51428],[127.41779,34.5156],[127.41823,34.51852],[127.41496,34.52094],[127.41351,34.52116],[127.41242,34.52],[127.40821,34.51945],[127.40566,34.51802],[127.40399,34.514],[127.40704,34.51296],[127.40726,34.51197],[127.40508,34.50988],[127.40465,34.50625],[127.40044,34.50471],[127.39245,34.50592],[127.39245,34.50944],[127.38903,34.50993],[127.38722,34.50828],[127.38816,34.50713],[127.38533,34.50515],[127.38068,34.5041],[127.37807,34.50438],[127.37604,34.50328],[127.38003,34.50168],[127.3849,34.49651],[127.38686,34.49359],[127.38562,34.49183],[127.38969,34.4904],[127.39136,34.4882],[127.38795,34.4843],[127.38649,34.48353],[127.38482,34.48562],[127.3833,34.48545],[127.38083,34.48243],[127.37974,34.48309],[127.38003,34.48639],[127.37821,34.48754],[127.37604,34.486],[127.37422,34.48122],[127.37306,34.48028],[127.37066,34.48023],[127.36681,34.48215],[127.36543,34.48408],[127.36703,34.48573],[127.3666,34.48694],[127.36231,34.49068],[127.35919,34.49211],[127.35454,34.49079],[127.3536,34.49007],[127.35447,34.48765],[127.35345,34.48358],[127.35251,34.4816],[127.3496,34.47781],[127.34699,34.47781],[127.34742,34.48017],[127.34997,34.48116],[127.34866,34.48386],[127.34677,34.48441],[127.34568,34.4832],[127.34365,34.48369],[127.34307,34.48611],[127.34372,34.48776],[127.34183,34.48892],[127.34009,34.48842],[127.34132,34.48501],[127.34103,34.48061],[127.33719,34.48023],[127.33392,34.47918],[127.33145,34.47577],[127.32513,34.47654],[127.32557,34.47335],[127.33079,34.47351],[127.33581,34.47076],[127.33726,34.46763],[127.33334,34.46372],[127.33116,34.46521],[127.33138,34.46697],[127.32368,34.47032],[127.3191,34.46774],[127.31903,34.46576],[127.3207,34.46493],[127.31939,34.46301],[127.31751,34.46345],[127.31932,34.46103],[127.32128,34.4602],[127.32244,34.46312],[127.32666,34.46196],[127.32833,34.46015],[127.33326,34.45789],[127.33711,34.45712],[127.33907,34.45437],[127.33929,34.45008],[127.34016,34.44947],[127.33965,34.44766],[127.33791,34.44546],[127.33123,34.44348],[127.33072,34.44254],[127.32695,34.44177],[127.32578,34.44403],[127.32738,34.44524],[127.32615,34.44623],[127.32469,34.44535],[127.32491,34.44249],[127.32164,34.4415],[127.31852,34.44529],[127.31584,34.44507],[127.3146,34.44793],[127.31112,34.45041],[127.30661,34.44859],[127.30487,34.45002],[127.30436,34.45349],[127.30894,34.45536],[127.31504,34.4531],[127.31627,34.45365],[127.31605,34.45514],[127.3138,34.45651],[127.31308,34.45982],[127.31024,34.46207],[127.30632,34.4618],[127.30356,34.45927],[127.30335,34.45734],[127.30226,34.45756],[127.30211,34.45943],[127.30487,34.46213],[127.30429,34.4646],[127.29848,34.46306],[127.29833,34.46532],[127.29979,34.46559],[127.30175,34.46801],[127.30095,34.47071],[127.29441,34.47082],[127.29267,34.47153],[127.29165,34.47406],[127.28824,34.47654],[127.28054,34.47913],[127.28163,34.48006],[127.28033,34.48105],[127.27764,34.4805],[127.27669,34.4783],[127.27379,34.47907],[127.26885,34.48177],[127.26762,34.48298],[127.26972,34.48408],[127.26972,34.48644],[127.27088,34.48886],[127.27379,34.49238],[127.27626,34.49266],[127.28076,34.48991],[127.28301,34.49161],[127.28156,34.49398],[127.2788,34.49469],[127.27931,34.49585],[127.28185,34.49602],[127.28352,34.49723],[127.28214,34.50102],[127.28018,34.50251],[127.27677,34.50289],[127.27328,34.5057],[127.26878,34.51032],[127.25934,34.51411],[127.25854,34.51725],[127.25527,34.52077],[127.24808,34.52226],[127.24416,34.52154],[127.24409,34.51543],[127.25019,34.51527],[127.24271,34.51505],[127.24118,34.5178],[127.23922,34.51819],[127.23806,34.51698],[127.23247,34.5183],[127.23138,34.52039],[127.23269,34.52127],[127.23399,34.52369],[127.2337,34.52462],[127.22898,34.52622],[127.22927,34.5255],[127.22521,34.52627],[127.22303,34.52974],[127.22085,34.53469],[127.21649,34.52985],[127.21482,34.52506],[127.21308,34.52539],[127.21265,34.52704],[127.2101,34.52776],[127.20887,34.52567],[127.20916,34.52061],[127.21083,34.52006],[127.21214,34.51698],[127.20829,34.51692],[127.2088,34.51907],[127.20763,34.5211],[127.19921,34.52699],[127.19616,34.5315],[127.19478,34.53238],[127.17844,34.53117],[127.1743,34.52754],[127.17365,34.52561],[127.1759,34.52385],[127.17438,34.5216],[127.17169,34.5194],[127.17162,34.52143],[127.16835,34.52561],[127.16675,34.52616],[127.16116,34.52462],[127.15368,34.52424],[127.15215,34.52622],[127.15056,34.52567],[127.15114,34.52418],[127.15106,34.52105],[127.14584,34.52099],[127.14279,34.52358],[127.13734,34.52341],[127.13502,34.526],[127.12855,34.52875],[127.12594,34.52935],[127.12376,34.52908],[127.12347,34.52814],[127.12151,34.53045],[127.12231,34.53948],[127.12115,34.5414],[127.11483,34.54575],[127.11279,34.54745],[127.1149,34.55538],[127.1141,34.55956],[127.11752,34.56253],[127.11955,34.56264],[127.12209,34.56627],[127.12913,34.57309],[127.13473,34.57259],[127.13676,34.57529],[127.13502,34.57645],[127.1332,34.57656],[127.13422,34.57898],[127.13807,34.57936],[127.14446,34.58448],[127.14511,34.58662],[127.14286,34.59047],[127.14482,34.59344],[127.14598,34.59631],[127.14896,34.60043],[127.15063,34.59812],[127.15019,34.5951],[127.15165,34.5935],[127.15571,34.59229],[127.15811,34.59256],[127.15934,34.59097],[127.16276,34.59036],[127.16581,34.59091],[127.17053,34.59344],[127.17212,34.5957],[127.16936,34.599],[127.16769,34.60258],[127.16922,34.60428],[127.17154,34.6056],[127.17256,34.6105],[127.17263,34.61864],[127.17365,34.62029],[127.17336,34.62266],[127.17169,34.62376],[127.17314,34.62728],[127.17721,34.62992],[127.18011,34.63091],[127.18331,34.63333],[127.18505,34.63553],[127.1865,34.63889],[127.18897,34.64301],[127.18999,34.64378],[127.19442,34.64455],[127.19587,34.64714],[127.19529,34.64895],[127.19594,34.65126],[127.19761,34.65099],[127.1979,34.64934],[127.19994,34.6484],[127.20596,34.64961],[127.21439,34.65176],[127.22782,34.65473],[127.22826,34.66293],[127.22949,34.66518],[127.23254,34.67784],[127.23262,34.67982],[127.24126,34.68136],[127.24329,34.68323],[127.24358,34.68669],[127.24068,34.68911],[127.2385,34.68933],[127.23675,34.69291],[127.23835,34.69319],[127.23901,34.69187],[127.24089,34.69198],[127.24227,34.69462],[127.24075,34.69533],[127.23951,34.69808],[127.24039,34.70034],[127.24329,34.6999],[127.24765,34.70221],[127.25012,34.70584],[127.25208,34.70793],[127.25106,34.70974],[127.25128,34.71167],[127.25244,34.7109],[127.25505,34.71112],[127.25992,34.71244],[127.26275,34.71558],[127.26449,34.71376],[127.26827,34.71217],[127.2698,34.71233],[127.27256,34.71409],[127.27531,34.7175],[127.27531,34.71954],[127.27836,34.7191],[127.28112,34.71794],[127.27815,34.71497],[127.27706,34.71118],[127.28018,34.71002],[127.28185,34.70397],[127.28112,34.70138],[127.27953,34.70012],[127.27996,34.69885],[127.28454,34.69874],[127.2865,34.69665],[127.28526,34.69495],[127.28403,34.69484],[127.28396,34.69264],[127.28519,34.69104],[127.28229,34.6895],[127.27996,34.68686],[127.28091,34.68262],[127.27844,34.67888],[127.2772,34.67811],[127.27749,34.67459],[127.27945,34.67234],[127.28519,34.67008],[127.28483,34.66672],[127.28693,34.66656],[127.29136,34.66782],[127.3003,34.66766],[127.30385,34.66639],[127.31424,34.66441],[127.31801,34.66903],[127.31976,34.67008],[127.32034,34.67888],[127.31859,34.68108],[127.31954,34.68295],[127.32332,34.68785],[127.32411,34.68741],[127.32709,34.68928],[127.32767,34.69115],[127.32607,34.69291],[127.32833,34.69654],[127.33029,34.6988],[127.33138,34.70424],[127.33217,34.70628],[127.33522,34.70859],[127.33849,34.70837],[127.34278,34.7087],[127.3443,34.70947],[127.34321,34.71288],[127.34416,34.71442],[127.3427,34.71574],[127.34053,34.71503],[127.34009,34.71398],[127.33733,34.71327],[127.3329,34.71475],[127.33297,34.71558],[127.32854,34.72801],[127.32724,34.73494],[127.32789,34.73885],[127.32673,34.74154],[127.32658,34.74908],[127.32687,34.75183],[127.31903,34.75216],[127.31584,34.75304],[127.30981,34.75216],[127.30378,34.74974],[127.3016,34.74583],[127.2987,34.74319],[127.29681,34.74253],[127.29485,34.73764],[127.29456,34.73269],[127.29289,34.73104],[127.28977,34.73104],[127.28817,34.73406],[127.28592,34.73621],[127.28352,34.73593],[127.28098,34.7345],[127.27807,34.73412],[127.27764,34.73483],[127.27909,34.73786],[127.27604,34.74017],[127.27212,34.74171],[127.27059,34.74061],[127.27023,34.73819],[127.26566,34.73571],[127.26428,34.7317],[127.26101,34.7323],[127.25956,34.7334],[127.25229,34.74176],[127.25295,34.74429],[127.25244,34.7477],[127.24808,34.75244],[127.24547,34.75574],[127.24431,34.75871],[127.24184,34.76003],[127.22927,34.75761],[127.2276,34.75579],[127.20901,34.73753],[127.21097,34.73412],[127.21134,34.73087],[127.20633,34.72278],[127.2056,34.72047],[127.20589,34.71855],[127.20175,34.7147],[127.19827,34.71051],[127.19769,34.70628],[127.19326,34.7054],[127.19042,34.70364],[127.1889,34.69902],[127.18687,34.69616],[127.18461,34.69456],[127.17772,34.69176],[127.17169,34.6928],[127.16443,34.69154],[127.15811,34.69181],[127.15266,34.69302],[127.15019,34.69401],[127.14424,34.69308],[127.14061,34.69511],[127.13509,34.70171],[127.12979,34.70276],[127.12427,34.70138],[127.11926,34.69698],[127.11417,34.69319],[127.11054,34.68565],[127.10829,34.67888],[127.10677,34.6774],[127.10089,34.67569],[127.09914,34.6747],[127.09646,34.67074],[127.09515,34.66969],[127.09326,34.66997],[127.08673,34.66925],[127.08309,34.66535],[127.07845,34.66524],[127.07532,34.66425],[127.07256,34.66238],[127.06719,34.66359],[127.06436,34.66045],[127.06233,34.65737],[127.06145,34.65451],[127.06305,34.65137],[127.06058,34.65066],[127.05666,34.64769],[127.05485,34.64477],[127.05151,34.64081],[127.04838,34.63801],[127.04802,34.63625],[127.04613,34.63498],[127.04395,34.63652],[127.04214,34.6368],[127.03851,34.63625],[127.03335,34.63405],[127.03183,34.63284],[127.03037,34.62964],[127.02754,34.62777],[127.0258,34.62865],[127.02318,34.62854],[127.01941,34.62651],[127.01382,34.62491],[127.0067,34.62513],[126.99392,34.62689],[126.98455,34.62744],[126.98433,34.62788],[126.97126,34.6264],[126.96749,34.62519],[126.96386,34.62607],[126.96255,34.62689],[126.96073,34.62948],[126.95797,34.63091],[126.95703,34.6303],[126.96066,34.62678],[126.96712,34.62293],[126.97881,34.62458],[126.98542,34.62337],[126.98898,34.62194],[126.9913,34.62172],[126.99341,34.62321],[126.99457,34.62293],[126.99515,34.6209],[126.99421,34.61457],[127.00082,34.61077],[127.0038,34.61083],[127.00793,34.60956],[127.00888,34.60868],[127.00881,34.60555],[127.00358,34.6056],[127.00205,34.60346],[126.99951,34.60483],[126.99682,34.60329],[126.99944,34.60241],[127.00002,34.6006],[126.99929,34.59757],[126.99385,34.59488],[126.99297,34.59394],[126.99363,34.59113],[126.99363,34.58525],[126.99261,34.58277],[126.98884,34.57925],[126.98346,34.57551],[126.98019,34.57529],[126.97896,34.57414],[126.97918,34.57281],[126.98245,34.57012],[126.98905,34.56731],[126.99799,34.56577],[126.99951,34.56627],[127.00016,34.56814],[127.00329,34.57001],[127.00663,34.56979],[127.00459,34.56929],[127.0059,34.56456],[127.00336,34.56154],[127.00517,34.55818],[127.00285,34.55505],[127.00125,34.55868],[126.99791,34.56225],[126.9892,34.5617],[126.98673,34.55593],[126.98811,34.5545],[126.98855,34.55125],[126.98608,34.54839],[126.986,34.54641],[126.98934,34.53981],[126.98825,34.54052],[126.98528,34.53953],[126.98136,34.52671],[126.97685,34.51334],[126.97482,34.51015],[126.9709,34.50988],[126.96821,34.509],[126.96799,34.5074],[126.96916,34.50707],[126.96887,34.50366],[126.96763,34.50416],[126.96444,34.49789],[126.9677,34.49899],[126.96988,34.49882],[126.96887,34.49756],[126.96436,34.49767],[126.96378,34.49546],[126.9664,34.49255],[126.97315,34.48837],[126.97729,34.48771],[126.97896,34.48221],[126.97889,34.47709],[126.97802,34.47538],[126.97874,34.47126],[126.97605,34.46972],[126.97526,34.47087],[126.97518,34.47456],[126.9677,34.47759],[126.96226,34.47181],[126.96364,34.46933],[126.96335,34.46812],[126.96204,34.46928],[126.95732,34.46939],[126.95608,34.46834],[126.95391,34.47164],[126.95449,34.47329],[126.95303,34.47428],[126.95093,34.47439],[126.94861,34.47715],[126.94839,34.47907],[126.94679,34.48149],[126.94418,34.48287],[126.94134,34.48215],[126.94113,34.4772],[126.93779,34.47841],[126.93771,34.47649],[126.93858,34.47324],[126.94033,34.47109],[126.94127,34.46306],[126.94519,34.46103],[126.94701,34.4569],[126.94084,34.45266],[126.9388,34.45074],[126.93924,34.4492],[126.93837,34.44722],[126.92951,34.44689],[126.92711,34.44832],[126.92617,34.45255],[126.90627,34.45459],[126.89153,34.45624],[126.89044,34.45613]],[[126.47818,34.73901],[126.47274,34.73857],[126.46991,34.73758],[126.46439,34.73698],[126.46235,34.73511],[126.45901,34.72982],[126.45683,34.72812],[126.45088,34.73214],[126.45015,34.73445],[126.45277,34.73555],[126.45306,34.73709],[126.45059,34.7372],[126.44921,34.73846],[126.4511,34.74165],[126.44979,34.74363],[126.44776,34.74391],[126.43962,34.73786],[126.43135,34.73863],[126.43004,34.74039],[126.43098,34.74319],[126.42851,34.74429],[126.42517,34.74407],[126.41944,34.73703],[126.4198,34.73445],[126.42546,34.73043],[126.42379,34.72806],[126.41159,34.73153],[126.40774,34.73109],[126.40295,34.73104],[126.40375,34.73148],[126.40462,34.73467],[126.40353,34.73813],[126.40092,34.73918],[126.39605,34.74033],[126.39504,34.73879],[126.39722,34.73555],[126.39671,34.73461],[126.39235,34.73357],[126.38988,34.73054],[126.38828,34.72575],[126.40448,34.72306],[126.42329,34.71932],[126.46286,34.70947],[126.46998,34.71734],[126.46962,34.72047],[126.47158,34.72273],[126.47586,34.73032],[126.47593,34.7339],[126.47826,34.73538],[126.47818,34.73901]],[[126.76336,35.25653],[126.76031,35.25873],[126.75791,35.25835],[126.75508,35.25647],[126.75268,35.25686],[126.74949,35.25587],[126.7484,35.25334],[126.74186,35.25097],[126.74041,35.25114],[126.73721,35.2529],[126.73533,35.24954],[126.73228,35.24646],[126.72988,35.24333],[126.73039,35.24069],[126.72908,35.23727],[126.72697,35.2365],[126.72516,35.23425],[126.72356,35.23067],[126.72327,35.22869],[126.72008,35.22528],[126.71848,35.22182],[126.72073,35.21885],[126.72022,35.21604],[126.71775,35.21241],[126.71499,35.21202],[126.71071,35.2123],[126.70257,35.20757],[126.69669,35.20977],[126.69154,35.21312],[126.69045,35.21499],[126.68703,35.21521],[126.685,35.21197],[126.68457,35.20982],[126.68253,35.20861],[126.67999,35.20405],[126.67774,35.20284],[126.67738,35.20135],[126.67774,35.19392],[126.67709,35.19106],[126.6744,35.19117],[126.67208,35.19425],[126.66975,35.19436],[126.66815,35.19266],[126.65908,35.19227],[126.65624,35.19409],[126.65327,35.19244],[126.65537,35.18897],[126.65791,35.18628],[126.66176,35.18474],[126.66365,35.18221],[126.66256,35.18045],[126.66815,35.17544],[126.67033,35.17505],[126.67215,35.17307],[126.6704,35.1695],[126.6643,35.16845],[126.66285,35.16746],[126.65704,35.16664],[126.65399,35.16422],[126.65363,35.16125],[126.65465,35.15833],[126.65174,35.15552],[126.65174,35.1542],[126.65356,35.15299],[126.65123,35.15063],[126.65058,35.14793],[126.64913,35.14716],[126.64499,35.14656],[126.64753,35.14403],[126.65051,35.14436],[126.65334,35.14397],[126.65283,35.14089],[126.65486,35.13682],[126.65457,35.13352],[126.65312,35.12653],[126.65174,35.12466],[126.65174,35.12053],[126.65537,35.11701],[126.65523,35.11487],[126.65712,35.11327],[126.65995,35.11355],[126.66336,35.11481],[126.66532,35.11393],[126.6691,35.11124],[126.66895,35.10788],[126.66699,35.10656],[126.6675,35.10513],[126.66939,35.10458],[126.67636,35.10491],[126.67999,35.1075],[126.68348,35.10744],[126.68507,35.10843],[126.68319,35.1114],[126.68558,35.11201],[126.68987,35.11124],[126.69597,35.1075],[126.69829,35.10794],[126.70003,35.10942],[126.70163,35.11234],[126.70541,35.113],[126.7086,35.10953],[126.71274,35.10992],[126.7155,35.11074],[126.71913,35.10854],[126.72835,35.10739],[126.73075,35.10772],[126.73082,35.11201],[126.73278,35.11278],[126.73641,35.10821],[126.73859,35.1075],[126.74462,35.10403],[126.74905,35.10078],[126.75312,35.09468],[126.75399,35.09264],[126.7619,35.09105],[126.76307,35.08626],[126.76568,35.08274],[126.76481,35.07878],[126.76699,35.07548],[126.77055,35.07163],[126.77134,35.0702],[126.76699,35.06816],[126.76067,35.06871],[126.75697,35.06838],[126.75413,35.06684],[126.75333,35.06448],[126.75537,35.06255],[126.75588,35.05908],[126.75675,35.05826],[126.75813,35.05947],[126.75958,35.06239],[126.76161,35.0636],[126.7651,35.06437],[126.76684,35.06354],[126.76844,35.06139],[126.7675,35.05567],[126.76924,35.05397],[126.77439,35.0527],[126.7789,35.05424],[126.78158,35.05386],[126.78935,35.05897],[126.79465,35.06101],[126.79596,35.06079],[126.79749,35.05897],[126.79923,35.05941],[126.80119,35.0582],[126.80308,35.05518],[126.80359,35.05243],[126.80729,35.051],[126.81136,35.05309],[126.81441,35.05336],[126.81811,35.0527],[126.81884,35.05325],[126.82072,35.05848],[126.82189,35.05996],[126.82719,35.06233],[126.82987,35.06194],[126.83597,35.06387],[126.83685,35.06569],[126.84411,35.06541],[126.84585,35.06706],[126.84578,35.06833],[126.84846,35.07223],[126.8534,35.07383],[126.85493,35.07614],[126.85558,35.07834],[126.8611,35.07894],[126.86233,35.07674],[126.86538,35.07537],[126.8717,35.07432],[126.87635,35.07603],[126.87722,35.07724],[126.88543,35.08158],[126.88993,35.07878],[126.89196,35.07795],[126.89509,35.0807],[126.89763,35.08125],[126.89988,35.0807],[126.90453,35.08136],[126.90583,35.08203],[126.9107,35.08742],[126.91673,35.09127],[126.92057,35.09171],[126.92464,35.08802],[126.92609,35.08241],[126.92769,35.08043],[126.93256,35.07779],[126.93227,35.07438],[126.93597,35.07449],[126.94381,35.0735],[126.94672,35.07267],[126.95187,35.07317],[126.955,35.07482],[126.95826,35.07872],[126.95863,35.08258],[126.9624,35.08692],[126.96654,35.0894],[126.97961,35.09187],[126.98767,35.09396],[126.98898,35.09572],[126.98637,35.10596],[126.9892,35.10986],[126.99995,35.11404],[126.99871,35.11575],[127.00394,35.11971],[127.00459,35.12175],[127.00786,35.124],[127.01062,35.12433],[127.01186,35.1278],[127.0096,35.13077],[127.00866,35.13352],[127.00888,35.13995],[127.00721,35.14386],[127.00793,35.14804],[127.00895,35.15096],[127.00772,35.15591],[127.01113,35.15893],[127.01171,35.1613],[127.00997,35.16367],[127.01135,35.16614],[127.01679,35.16532],[127.02086,35.16724],[127.02224,35.17137],[127.02144,35.17302],[127.01854,35.17368],[127.01629,35.17527],[127.01178,35.181],[127.00699,35.18523],[126.99995,35.18881],[126.99668,35.18903],[126.99421,35.18699],[126.99109,35.18639],[126.98891,35.1871],[126.98717,35.18886],[126.9839,35.18705],[126.98477,35.18606],[126.98281,35.18402],[126.97998,35.1843],[126.97845,35.18545],[126.97395,35.18611],[126.97213,35.18496],[126.97242,35.18353],[126.9717,35.17984],[126.96894,35.18061],[126.96712,35.18248],[126.9664,35.1843],[126.9648,35.18501],[126.95993,35.19002],[126.95863,35.1931],[126.96044,35.19497],[126.96451,35.20025],[126.96625,35.20108],[126.96516,35.20366],[126.96313,35.20344],[126.96037,35.20493],[126.95616,35.20883],[126.95405,35.21202],[126.95028,35.21642],[126.9489,35.21907],[126.94897,35.22088],[126.95187,35.22457],[126.94759,35.23078],[126.94483,35.23089],[126.94352,35.23172],[126.94272,35.23502],[126.93844,35.23782],[126.93488,35.23904],[126.93263,35.24157],[126.93379,35.24679],[126.93277,35.24888],[126.92936,35.2524],[126.92152,35.25317],[126.91498,35.2573],[126.91462,35.25824],[126.91113,35.25846],[126.90547,35.25824],[126.90344,35.25741],[126.90017,35.25383],[126.89298,35.2507],[126.89095,35.24943],[126.88957,35.24668],[126.88724,35.24635],[126.88027,35.24762],[126.87882,35.24839],[126.87955,35.25152],[126.87657,35.25048],[126.86952,35.24635],[126.86393,35.2458],[126.86255,35.24525],[126.8611,35.24322],[126.8611,35.24151],[126.85943,35.24003],[126.85594,35.23871],[126.85035,35.23722],[126.8481,35.23573],[126.8473,35.23722],[126.84433,35.237],[126.84033,35.23397],[126.83968,35.23188],[126.83728,35.22996],[126.83532,35.2299],[126.83503,35.22875],[126.83285,35.22869],[126.82937,35.23062],[126.82537,35.23194],[126.82428,35.23073],[126.82501,35.22754],[126.82363,35.22572],[126.81964,35.226],[126.81506,35.22413],[126.80852,35.22055],[126.8054,35.21829],[126.80439,35.22132],[126.79538,35.21978],[126.78993,35.22374],[126.78761,35.2233],[126.78144,35.2249],[126.7797,35.22605],[126.7749,35.23045],[126.76829,35.23227],[126.76031,35.23397],[126.75914,35.23359],[126.75522,35.23436],[126.75384,35.23711],[126.75522,35.24113],[126.75675,35.24366],[126.75936,35.24564],[126.76081,35.24745],[126.76278,35.25246],[126.76372,35.25339],[126.76336,35.25653]]]]}},{"type":"Feature","id":"47","properties":{"sido_code":"47","sido_name":"경상북도","name_eng":"Gyeongsangbuk-do","kostat_code":"37","base_year":"2018"},"geometry":{"type":"MultiPolygon","coordinates":[[[[129.47623,35.69279],[129.47623,35.69279],[129.47623,35.69279]]],[[[129.40121,36.039],[129.40121,36.039],[129.40121,36.039]]],[[[129.4116,36.07244],[129.4116,36.07244]]],[[[129.41915,36.89237],[129.41915,36.89237]]],[[[129.41915,36.89237],[129.41813,36.89342],[129.41603,36.89188],[129.4153,36.88957],[129.41755,36.88198],[129.42205,36.87361],[129.42046,36.87108],[129.41988,36.86861],[129.42126,36.86443],[129.42757,36.85111],[129.42939,36.8482],[129.4344,36.84292],[129.44558,36.83224],[129.44595,36.82988],[129.44798,36.82779],[129.44551,36.8274],[129.44725,36.8246],[129.45437,36.81651],[129.45706,36.81431],[129.45684,36.81134],[129.45829,36.80408],[129.458,36.80281],[129.45953,36.79956],[129.46272,36.79648],[129.46323,36.79335],[129.46214,36.79181],[129.46236,36.78862],[129.46555,36.78482],[129.46882,36.78169],[129.47187,36.77618],[129.47819,36.76766],[129.47645,36.76408],[129.47318,36.76128],[129.46955,36.75968],[129.46802,36.75726],[129.46838,36.74972],[129.46933,36.74626],[129.4739,36.73734],[129.47623,36.73382],[129.47586,36.73129],[129.47695,36.72794],[129.47325,36.72475],[129.47202,36.72266],[129.47173,36.72045],[129.4739,36.71341],[129.47441,36.70577],[129.47543,36.70131],[129.47499,36.6979],[129.47427,36.69801],[129.46911,36.69504],[129.46831,36.6935],[129.4678,36.68833],[129.46635,36.68838],[129.46483,36.68613],[129.46454,36.68277],[129.46533,36.67969],[129.46294,36.67743],[129.45953,36.67606],[129.46185,36.67776],[129.45902,36.68178],[129.45669,36.68145],[129.45059,36.67864],[129.44718,36.6776],[129.44072,36.67347],[129.43854,36.67138],[129.436,36.66803],[129.43353,36.66285],[129.43106,36.65922],[129.4299,36.65306],[129.42823,36.64877],[129.42343,36.64503],[129.42314,36.64277],[129.42191,36.64162],[129.4177,36.63947],[129.41704,36.63716],[129.41712,36.63029],[129.41283,36.62445],[129.41203,36.62192],[129.41196,36.61824],[129.41349,36.61197],[129.41617,36.60465],[129.4161,36.60195],[129.4153,36.5992],[129.4124,36.5986],[129.41014,36.59579],[129.41065,36.59106],[129.41356,36.5827],[129.41704,36.57654],[129.42169,36.57071],[129.42619,36.56592],[129.43135,36.5624],[129.43186,36.56036],[129.4368,36.55866],[129.43585,36.55827],[129.43324,36.55948],[129.43179,36.55728],[129.43454,36.5575],[129.43854,36.55448],[129.44028,36.55228],[129.44079,36.54837],[129.43919,36.54485],[129.44072,36.5432],[129.43926,36.53709],[129.44014,36.53467],[129.4397,36.53236],[129.44035,36.52983],[129.44188,36.52697],[129.44166,36.52257],[129.44282,36.52152],[129.44478,36.51778],[129.44406,36.51553],[129.44413,36.51217],[129.44856,36.51228],[129.45284,36.51091],[129.45255,36.51047],[129.44856,36.51113],[129.44674,36.50882],[129.44798,36.50755],[129.4495,36.50777],[129.44943,36.50959],[129.45284,36.50953],[129.45248,36.5065],[129.45008,36.50524],[129.44871,36.5059],[129.44682,36.50458],[129.44609,36.50139],[129.44653,36.49693],[129.44398,36.4927],[129.44449,36.48896],[129.44239,36.4873],[129.43433,36.48345],[129.43295,36.4812],[129.43266,36.47691],[129.43447,36.47245],[129.43549,36.47196],[129.43752,36.46563],[129.43716,36.46194],[129.4352,36.45358],[129.43687,36.4472],[129.4352,36.44285],[129.43309,36.43966],[129.43302,36.43708],[129.43433,36.43246],[129.43592,36.42938],[129.43614,36.42624],[129.43324,36.42129],[129.43033,36.41518],[129.43011,36.411],[129.42939,36.40896],[129.42736,36.40665],[129.42365,36.40346],[129.42162,36.40005],[129.41712,36.39802],[129.41399,36.39153],[129.41087,36.38899],[129.40898,36.39021],[129.40731,36.3885],[129.40608,36.38179],[129.40419,36.37898],[129.40078,36.3753],[129.39758,36.36979],[129.39613,36.3693],[129.39475,36.36748],[129.39431,36.36374],[129.39504,36.36127],[129.39257,36.35808],[129.39134,36.35857],[129.38821,36.35593],[129.38749,36.35428],[129.38836,36.349],[129.38662,36.3446],[129.38378,36.34366],[129.3824,36.34212],[129.38132,36.33618],[129.37935,36.33316],[129.37921,36.3315],[129.38175,36.32221],[129.38095,36.31907],[129.37899,36.3183],[129.38008,36.31093],[129.37979,36.30939],[129.37739,36.30708],[129.37776,36.30411],[129.37892,36.30273],[129.37972,36.29894],[129.37834,36.29767],[129.37819,36.29536],[129.37965,36.29426],[129.37819,36.29294],[129.37834,36.2903],[129.37551,36.29002],[129.37456,36.28832],[129.37565,36.28331],[129.37841,36.27765],[129.38052,36.27721],[129.38139,36.27479],[129.37652,36.27082],[129.3758,36.26961],[129.3758,36.26609],[129.37434,36.25845],[129.37289,36.25515],[129.37594,36.24931],[129.37812,36.24612],[129.38226,36.24134],[129.3864,36.23985],[129.38487,36.2354],[129.38139,36.23242],[129.38095,36.23011],[129.38175,36.22769],[129.38357,36.22472],[129.38596,36.22186],[129.38582,36.21812],[129.38654,36.21741],[129.38567,36.21427],[129.38204,36.21047],[129.3811,36.21058],[129.37761,36.20844],[129.37405,36.20811],[129.37231,36.20657],[129.37173,36.20129],[129.37238,36.19771],[129.37427,36.19353],[129.37638,36.19034],[129.38161,36.18605],[129.38604,36.1839],[129.38836,36.18423],[129.38662,36.18643],[129.39185,36.18396],[129.39344,36.18143],[129.39286,36.17956],[129.39526,36.17449],[129.3954,36.17185],[129.39809,36.16833],[129.39824,36.16679],[129.40005,36.16448],[129.39824,36.16245],[129.3978,36.16085],[129.3986,36.15585],[129.40056,36.1537],[129.39751,36.14847],[129.39715,36.14583],[129.39497,36.14149],[129.3978,36.13477],[129.40441,36.129],[129.42104,36.11728],[129.42322,36.1153],[129.42917,36.11227],[129.43062,36.11216],[129.43222,36.11068],[129.4397,36.11062],[129.43956,36.09726],[129.43287,36.09709],[129.43251,36.10061],[129.43062,36.1005],[129.42917,36.09643],[129.42685,36.09577],[129.42184,36.08999],[129.41951,36.08878],[129.41741,36.08482],[129.41712,36.08191],[129.41792,36.07921],[129.41988,36.07657],[129.41799,36.07371],[129.4129,36.07222],[129.4116,36.07244],[129.40877,36.07272],[129.40564,36.07162],[129.40078,36.06898],[129.39954,36.06601],[129.39809,36.0643],[129.39591,36.06304],[129.38647,36.06386],[129.38284,36.06282],[129.38023,36.06023],[129.3787,36.05731],[129.37819,36.05236],[129.38161,36.05077],[129.38313,36.04785],[129.38023,36.05093],[129.37623,36.05187],[129.37282,36.05077],[129.3726,36.04989],[129.37623,36.04994],[129.37725,36.04538],[129.37718,36.04164],[129.38095,36.03426],[129.38582,36.02849],[129.3901,36.03047],[129.40136,36.03872],[129.41182,36.03575],[129.41182,36.03602],[129.40121,36.039],[129.4015,36.03911],[129.43099,36.03047],[129.43164,36.03019],[129.43179,36.02728],[129.41835,36.0264],[129.40818,36.02937],[129.40746,36.02931],[129.4031,36.02469],[129.3994,36.02123],[129.39715,36.02068],[129.39555,36.01792],[129.39998,36.01391],[129.40267,36.01259],[129.40492,36.01424],[129.40673,36.01385],[129.4039,36.01132],[129.40702,36.0089],[129.40971,36.01121],[129.41007,36.01605],[129.41276,36.01627],[129.4124,36.01182],[129.41566,36.01215],[129.41603,36.01666],[129.41828,36.01688],[129.41799,36.01286],[129.42249,36.01347],[129.42198,36.01451],[129.42234,36.01886],[129.42394,36.02238],[129.42314,36.01116],[129.41559,36.0061],[129.41414,36.00456],[129.41494,36.00406],[129.4177,36.00637],[129.4177,36.00533],[129.41995,36.00368],[129.42126,36.00131],[129.42336,35.99988],[129.42895,35.99718],[129.43665,35.99432],[129.4458,35.99163],[129.45146,35.99157],[129.45582,35.99317],[129.45756,35.99608],[129.45793,35.99779],[129.45633,35.99994],[129.45887,36.00346],[129.46236,36.00489],[129.46628,36.00819],[129.47753,36.01435],[129.48255,36.01655],[129.48799,36.01622],[129.49409,36.01958],[129.49583,36.02194],[129.4983,36.02337],[129.50114,36.02425],[129.50324,36.02568],[129.50411,36.03333],[129.50331,36.03432],[129.50484,36.03712],[129.50862,36.03982],[129.51029,36.0401],[129.51544,36.0434],[129.52009,36.05082],[129.52292,36.05236],[129.52299,36.05522],[129.52416,36.05698],[129.52633,36.05831],[129.53149,36.05665],[129.53352,36.05792],[129.53338,36.05985],[129.53614,36.06474],[129.53774,36.06672],[129.53955,36.06645],[129.54071,36.06909],[129.54035,36.072],[129.54129,36.07349],[129.54434,36.07459],[129.54601,36.07822],[129.54536,36.08059],[129.54732,36.08499],[129.55146,36.08422],[129.55553,36.08609],[129.5572,36.08559],[129.55923,36.08317],[129.55981,36.07998],[129.56192,36.07833],[129.56555,36.07921],[129.57027,36.07789],[129.57012,36.0736],[129.5686,36.06881],[129.57063,36.06628],[129.57259,36.06518],[129.57528,36.06238],[129.57709,36.05704],[129.5776,36.05247],[129.57869,36.04884],[129.58232,36.04813],[129.58363,36.04631],[129.58123,36.04406],[129.57876,36.03982],[129.58065,36.039],[129.58131,36.03707],[129.57738,36.03492],[129.57804,36.03234],[129.58145,36.03245],[129.58232,36.03151],[129.58196,36.02821],[129.5776,36.02667],[129.57731,36.02414],[129.58152,36.02035],[129.58443,36.01655],[129.58123,36.01506],[129.58102,36.01402],[129.57826,36.01275],[129.57717,36.00995],[129.57797,36.00731],[129.57375,36.00395],[129.57165,36.0034],[129.56969,36.00027],[129.56656,35.99724],[129.567,35.99476],[129.56649,35.99328],[129.56823,35.99152],[129.56693,35.9897],[129.56518,35.99031],[129.56134,35.98948],[129.55763,35.98662],[129.5572,35.98701],[129.56032,35.98954],[129.55836,35.99086],[129.5564,35.99069],[129.55255,35.98728],[129.5519,35.98558],[129.55487,35.98305],[129.55821,35.9842],[129.55821,35.98299],[129.55487,35.98035],[129.5524,35.97985],[129.55146,35.97776],[129.55168,35.97391],[129.55335,35.97138],[129.55429,35.96803],[129.55248,35.96709],[129.54921,35.96676],[129.54725,35.9639],[129.55044,35.96066],[129.54696,35.9573],[129.54645,35.95345],[129.54304,35.95158],[129.54275,35.9502],[129.53984,35.94954],[129.53897,35.94696],[129.53527,35.94415],[129.532,35.93628],[129.52989,35.9354],[129.52938,35.93392],[129.53098,35.93188],[129.52721,35.9315],[129.52815,35.93315],[129.52677,35.93364],[129.52336,35.93348],[129.52038,35.93128],[129.519,35.92897],[129.51835,35.9249],[129.51849,35.92033],[129.52052,35.91747],[129.52256,35.91648],[129.52292,35.91323],[129.52648,35.90966],[129.52575,35.90823],[129.52742,35.90498],[129.52866,35.90377],[129.53055,35.90377],[129.53403,35.90107],[129.53396,35.89887],[129.52677,35.89744],[129.52532,35.8959],[129.52488,35.89409],[129.52524,35.88936],[129.52633,35.88738],[129.52793,35.88639],[129.52924,35.88353],[129.52721,35.88127],[129.52466,35.88182],[129.52038,35.88176],[129.51885,35.8794],[129.51864,35.87461],[129.5206,35.87219],[129.52931,35.87065],[129.53294,35.87159],[129.53439,35.87054],[129.53432,35.86834],[129.52728,35.86378],[129.52648,35.86218],[129.52474,35.8558],[129.5251,35.85437],[129.51973,35.85096],[129.51733,35.84188],[129.51798,35.84188],[129.5206,35.83764],[129.51827,35.83709],[129.51457,35.83363],[129.51137,35.82719],[129.51043,35.8267],[129.50949,35.824],[129.51058,35.81993],[129.51275,35.81701],[129.51239,35.81525],[129.51079,35.81366],[129.51021,35.81184],[129.51116,35.80854],[129.51268,35.80854],[129.5121,35.8064],[129.50912,35.80706],[129.50622,35.80876],[129.5036,35.80744],[129.50317,35.80464],[129.50578,35.80337],[129.4999,35.80084],[129.49939,35.79748],[129.50041,35.79446],[129.50012,35.79314],[129.49794,35.79088],[129.49598,35.78984],[129.49583,35.79143],[129.49366,35.79105],[129.49148,35.78725],[129.4917,35.78312],[129.49663,35.77157],[129.49424,35.77009],[129.49402,35.76585],[129.4946,35.76194],[129.4914,35.75908],[129.49155,35.75556],[129.49409,35.75265],[129.48414,35.74395],[129.48392,35.74065],[129.48632,35.72976],[129.48269,35.72063],[129.47899,35.71689],[129.48008,35.71243],[129.4816,35.71056],[129.47891,35.71238],[129.47659,35.71056],[129.47942,35.70792],[129.47412,35.70704],[129.47318,35.70489],[129.4731,35.7022],[129.47557,35.69345],[129.47623,35.69279],[129.47412,35.69131],[129.47507,35.68922],[129.47383,35.68553],[129.47202,35.68261],[129.47158,35.68025],[129.46955,35.67915],[129.46635,35.6786],[129.46446,35.67656],[129.4641,35.67365],[129.46555,35.66842],[129.46526,35.66693],[129.46301,35.66611],[129.45778,35.66655],[129.45393,35.66462],[129.45292,35.66264],[129.45154,35.65577],[129.44979,35.65109],[129.44841,35.6512],[129.44536,35.65346],[129.43926,35.65527],[129.43687,35.65423],[129.43505,35.65247],[129.43309,35.65428],[129.4328,35.65665],[129.42837,35.6556],[129.42576,35.6572],[129.41436,35.6627],[129.41094,35.66385],[129.40789,35.66358],[129.40688,35.66281],[129.40332,35.66297],[129.4007,35.66721],[129.3986,35.66782],[129.39366,35.66804],[129.3888,35.6693],[129.3864,35.67035],[129.38073,35.67101],[129.37267,35.66925],[129.37158,35.67211],[129.36418,35.67673],[129.3641,35.67893],[129.35924,35.67937],[129.35358,35.67937],[129.34922,35.67744],[129.34588,35.67392],[129.34007,35.66963],[129.33571,35.66914],[129.33419,35.6698],[129.33252,35.66655],[129.33034,35.66506],[129.32859,35.66259],[129.32867,35.66039],[129.3278,35.65885],[129.31908,35.65791],[129.31734,35.65912],[129.31117,35.6605],[129.30449,35.6572],[129.30405,35.65665],[129.30332,35.6501],[129.30165,35.64806],[129.29839,35.64762],[129.29701,35.64647],[129.29642,35.6435],[129.29192,35.64498],[129.29018,35.64784],[129.28292,35.65175],[129.2811,35.6506],[129.27493,35.65307],[129.2697,35.65115],[129.26549,35.65362],[129.2599,35.65489],[129.25772,35.6589],[129.25547,35.66044],[129.25474,35.66638],[129.25656,35.66892],[129.25975,35.67227],[129.26106,35.67909],[129.25961,35.68047],[129.25866,35.68311],[129.26222,35.68591],[129.26258,35.69114],[129.26186,35.6934],[129.2591,35.69813],[129.25685,35.70071],[129.253,35.7017],[129.24646,35.70192],[129.24218,35.70313],[129.24138,35.70385],[129.23397,35.70385],[129.23368,35.70616],[129.23179,35.70842],[129.22831,35.7093],[129.22649,35.70864],[129.22439,35.70957],[129.22185,35.71199],[129.21901,35.7137],[129.21386,35.71557],[129.20928,35.71887],[129.20892,35.72107],[129.20522,35.72107],[129.20173,35.71887],[129.20057,35.71579],[129.1981,35.71452],[129.19716,35.71612],[129.19273,35.71843],[129.18648,35.72063],[129.18626,35.72129],[129.18132,35.72376],[129.18096,35.72151],[129.17842,35.71722],[129.17646,35.71568],[129.17348,35.71474],[129.17109,35.71463],[129.16811,35.71557],[129.16586,35.71502],[129.16034,35.7148],[129.15627,35.71975],[129.15482,35.72096],[129.14719,35.72464],[129.14451,35.72481],[129.14131,35.72409],[129.13754,35.72068],[129.1395,35.71826],[129.1379,35.71711],[129.13579,35.71364],[129.13681,35.71287],[129.1342,35.7121],[129.12737,35.71414],[129.12621,35.71359],[129.12425,35.70825],[129.11749,35.70665],[129.11568,35.70847],[129.11277,35.70836],[129.11038,35.70743],[129.1021,35.70616],[129.09367,35.70297],[129.09026,35.70269],[129.0899,35.70099],[129.08576,35.69807],[129.08307,35.69763],[129.08046,35.69593],[129.07719,35.69296],[129.07407,35.68801],[129.07414,35.68707],[129.06986,35.68239],[129.07073,35.67865],[129.07305,35.67739],[129.06811,35.67321],[129.06717,35.67134],[129.06906,35.66903],[129.06848,35.66374],[129.06724,35.66198],[129.06804,35.65857],[129.07218,35.65566],[129.07617,35.65093],[129.07973,35.64911],[129.08118,35.64669],[129.08082,35.64328],[129.07552,35.64036],[129.07225,35.64366],[129.06927,35.64542],[129.06332,35.64663],[129.05766,35.64823],[129.05206,35.64906],[129.04691,35.65054],[129.04509,35.6463],[129.04335,35.64097],[129.04066,35.63728],[129.03798,35.63486],[129.03696,35.63244],[129.03551,35.632],[129.02854,35.63486],[129.02658,35.6364],[129.02091,35.63508],[129.01801,35.62964],[129.01677,35.62876],[129.01024,35.62606],[129.0061,35.62347],[129.00276,35.62028],[129.00014,35.6172],[128.99709,35.615],[128.99136,35.61258],[128.98678,35.60912],[128.98264,35.60873],[128.97966,35.60956],[128.97799,35.61148],[128.97284,35.61346],[128.96536,35.61506],[128.96086,35.61561],[128.96144,35.61737],[128.96129,35.62056],[128.95759,35.6232],[128.95614,35.62347],[128.95418,35.62512],[128.9512,35.63013],[128.9467,35.63184],[128.94118,35.63508],[128.92927,35.63679],[128.92665,35.63833],[128.91503,35.64064],[128.91286,35.63998],[128.90574,35.63607],[128.90167,35.63321],[128.89194,35.62931],[128.88722,35.62909],[128.88468,35.632],[128.88482,35.63398],[128.88148,35.63547],[128.87705,35.63371],[128.87538,35.63233],[128.87386,35.62166],[128.87197,35.61825],[128.87016,35.61792],[128.86812,35.6161],[128.8679,35.61467],[128.86478,35.60906],[128.85934,35.6062],[128.85549,35.60097],[128.85411,35.59718],[128.85193,35.59492],[128.84474,35.58964],[128.84263,35.58898],[128.83559,35.5958],[128.83363,35.59734],[128.82629,35.59679],[128.82288,35.59575],[128.82194,35.59465],[128.81025,35.5892],[128.80887,35.58892],[128.80429,35.58942],[128.80262,35.58914],[128.80073,35.5876],[128.79972,35.5804],[128.79877,35.57831],[128.795,35.57336],[128.79238,35.57044],[128.78773,35.56747],[128.78556,35.56686],[128.78272,35.56703],[128.77103,35.56862],[128.76755,35.56989],[128.76493,35.56868],[128.75811,35.56747],[128.75564,35.5684],[128.75382,35.57033],[128.75041,35.57033],[128.74787,35.57116],[128.74039,35.576],[128.73741,35.57715],[128.73196,35.57594],[128.72761,35.57781],[128.72463,35.5815],[128.72056,35.58073],[128.71497,35.57759],[128.71243,35.57913],[128.70546,35.57792],[128.70328,35.57803],[128.69493,35.58342],[128.69319,35.59085],[128.69159,35.59333],[128.68759,35.59503],[128.6783,35.59476],[128.67423,35.59608],[128.67256,35.59586],[128.67002,35.59426],[128.66443,35.59377],[128.66203,35.59586],[128.65913,35.59745],[128.6563,35.59789],[128.65542,35.59701],[128.65063,35.59459],[128.6441,35.59305],[128.6409,35.58881],[128.63807,35.58859],[128.63705,35.58722],[128.63654,35.58469],[128.63197,35.58617],[128.63073,35.58744],[128.62877,35.587],[128.62681,35.58546],[128.62137,35.58496],[128.61686,35.58392],[128.61468,35.58166],[128.60583,35.58023],[128.60249,35.58012],[128.59602,35.58282],[128.59268,35.58485],[128.58818,35.58513],[128.58477,35.58645],[128.57293,35.59322],[128.57148,35.59811],[128.56973,35.59938],[128.56901,35.60246],[128.56625,35.60207],[128.56196,35.60268],[128.56008,35.60422],[128.55877,35.60735],[128.55877,35.61478],[128.55361,35.61709],[128.55122,35.61654],[128.54715,35.61962],[128.54461,35.62083],[128.5412,35.62155],[128.53691,35.6238],[128.53618,35.6276],[128.53815,35.63189],[128.53735,35.63679],[128.53473,35.64372],[128.53626,35.64818],[128.53785,35.65076],[128.538,35.65423],[128.53742,35.65978],[128.53553,35.66198],[128.53146,35.66215],[128.52682,35.67348],[128.52682,35.67557],[128.52892,35.67772],[128.52987,35.683],[128.53183,35.68333],[128.53132,35.68784],[128.53379,35.69147],[128.53466,35.69373],[128.5319,35.69664],[128.53263,35.70071],[128.53386,35.70324],[128.53132,35.70699],[128.53059,35.70941],[128.52791,35.71276],[128.53074,35.71375],[128.53328,35.71645],[128.5441,35.71942],[128.54664,35.72272],[128.55231,35.72635],[128.5555,35.72784],[128.56102,35.72971],[128.56356,35.73587],[128.56661,35.73697],[128.56799,35.73559],[128.57169,35.73455],[128.58048,35.73867],[128.58244,35.73834],[128.58513,35.73455],[128.58963,35.73152],[128.59217,35.73268],[128.59413,35.73554],[128.59428,35.73708],[128.59936,35.73664],[128.6027,35.73675],[128.6075,35.739],[128.61243,35.73851],[128.61389,35.73691],[128.61374,35.73246],[128.61483,35.73092],[128.61011,35.72624],[128.60996,35.72486],[128.61265,35.7225],[128.61403,35.72211],[128.61585,35.72019],[128.61694,35.71766],[128.61665,35.71639],[128.61396,35.71419],[128.61389,35.70985],[128.61744,35.70605],[128.61977,35.70451],[128.61977,35.70286],[128.62398,35.70231],[128.62449,35.70335],[128.63095,35.70677],[128.63821,35.70577],[128.64351,35.70699],[128.6462,35.7082],[128.64729,35.7115],[128.65346,35.71386],[128.65513,35.71529],[128.65659,35.71788],[128.66356,35.72052],[128.66632,35.71925],[128.67096,35.71887],[128.67176,35.72052],[128.6751,35.72123],[128.67961,35.72096],[128.68324,35.72145],[128.68316,35.72558],[128.69093,35.73092],[128.69202,35.73328],[128.69195,35.73532],[128.68905,35.73812],[128.68926,35.74021],[128.69362,35.74368],[128.69246,35.74671],[128.69377,35.74924],[128.69551,35.75573],[128.6942,35.75815],[128.6926,35.75925],[128.6913,35.76431],[128.68861,35.768],[128.68643,35.76855],[128.68607,35.77124],[128.68694,35.77284],[128.68709,35.77548],[128.686,35.77806],[128.68491,35.77823],[128.68295,35.78098],[128.68157,35.78395],[128.68142,35.78588],[128.68251,35.79017],[128.6873,35.79231],[128.68977,35.79275],[128.69122,35.79567],[128.69456,35.79677],[128.69551,35.79528],[128.69747,35.79435],[128.7003,35.79545],[128.70037,35.7966],[128.70255,35.79858],[128.70604,35.79996],[128.70778,35.80254],[128.71025,35.8043],[128.71751,35.80684],[128.71584,35.80937],[128.71417,35.81531],[128.71388,35.81751],[128.71214,35.81938],[128.70909,35.82158],[128.70865,35.82659],[128.71127,35.82956],[128.71918,35.83588],[128.72172,35.83467],[128.72499,35.83599],[128.72405,35.83847],[128.72441,35.84023],[128.7263,35.84248],[128.72695,35.8465],[128.72565,35.85129],[128.72543,35.85382],[128.72274,35.85547],[128.72187,35.85695],[128.72303,35.85789],[128.72557,35.85772],[128.72659,35.85684],[128.73501,35.85145],[128.73777,35.85118],[128.74017,35.85211],[128.74518,35.85569],[128.75055,35.85745],[128.75484,35.86328],[128.75978,35.86609],[128.75985,35.86845],[128.75883,35.8706],[128.76072,35.87384],[128.75832,35.87615],[128.75767,35.87808],[128.76014,35.88143],[128.76101,35.88353],[128.7613,35.88754],[128.76021,35.89084],[128.75782,35.89535],[128.75658,35.90355],[128.75789,35.90603],[128.75978,35.90685],[128.75745,35.91175],[128.75527,35.91499],[128.75222,35.91675],[128.75084,35.91681],[128.74562,35.91862],[128.74286,35.92027],[128.7401,35.92567],[128.73668,35.92957],[128.73835,35.93051],[128.73821,35.93309],[128.74082,35.93689],[128.73973,35.93749],[128.7438,35.943],[128.74409,35.94393],[128.74228,35.94778],[128.74242,35.9496],[128.73981,35.95482],[128.73799,35.95592],[128.73893,35.95724],[128.743,35.95994],[128.74424,35.96654],[128.7454,35.96924],[128.7462,35.97287],[128.74533,35.97402],[128.74031,35.97584],[128.73806,35.97749],[128.73668,35.98118],[128.73225,35.98376],[128.73095,35.98536],[128.73204,35.99009],[128.73487,35.99295],[128.73378,35.99542],[128.73189,35.99751],[128.73044,35.99801],[128.72782,36.00225],[128.72267,36.00615],[128.71788,36.00813],[128.71185,36.00918],[128.70444,36.01006],[128.70139,36.01083],[128.69682,36.01319],[128.69558,36.01616],[128.6865,36.01451],[128.68011,36.01484],[128.67743,36.01325],[128.66951,36.01325],[128.66675,36.01215],[128.66421,36.01011],[128.65659,36.00984],[128.65383,36.00901],[128.65099,36.00731],[128.64475,36.0105],[128.64075,36.0105],[128.63879,36.00923],[128.6348,36.00901],[128.63059,36.00714],[128.62609,36.00786],[128.62405,36.00747],[128.62362,36.00637],[128.61868,36.00643],[128.61701,36.00505],[128.6157,36.00098],[128.61156,35.99768],[128.60336,35.98783],[128.60285,35.98591],[128.59609,35.98453],[128.5929,35.98338],[128.59304,35.98085],[128.59014,35.97925],[128.58796,35.97897],[128.58324,35.97727],[128.57859,35.97842],[128.57286,35.97831],[128.56567,35.9749],[128.56472,35.97292],[128.56167,35.97254],[128.55855,35.97276],[128.55637,35.97171],[128.55594,35.96885],[128.55332,35.96077],[128.5486,35.96385],[128.54664,35.96566],[128.54628,35.96896],[128.54279,35.97523],[128.53727,35.97749],[128.53125,35.98057],[128.52878,35.98041],[128.52667,35.97545],[128.52929,35.96748],[128.53088,35.96154],[128.5335,35.96088],[128.5348,35.9584],[128.53321,35.95367],[128.53255,35.95042],[128.53364,35.94916],[128.53401,35.94608],[128.53335,35.94553],[128.5348,35.94184],[128.5351,35.93848],[128.5335,35.93287],[128.5303,35.9282],[128.52943,35.92363],[128.52558,35.92204],[128.52326,35.91961],[128.52319,35.91758],[128.51926,35.91466],[128.51687,35.91186],[128.51498,35.91098],[128.51346,35.91153],[128.51011,35.90993],[128.50692,35.90575],[128.50561,35.90212],[128.50583,35.89667],[128.5046,35.88914],[128.50227,35.88705],[128.50031,35.88644],[128.49915,35.88996],[128.49639,35.88925],[128.49472,35.89079],[128.49203,35.89634],[128.49065,35.89755],[128.48782,35.89755],[128.48513,35.89585],[128.48448,35.89436],[128.47845,35.89684],[128.47526,35.89447],[128.4733,35.89552],[128.46778,35.90019],[128.46734,35.90641],[128.46538,35.90861],[128.46662,35.91021],[128.46872,35.91087],[128.47279,35.91444],[128.47395,35.91741],[128.4733,35.92319],[128.4762,35.9282],[128.47664,35.93205],[128.47642,35.93441],[128.47533,35.93595],[128.46988,35.93826],[128.46342,35.9387],[128.45986,35.94146],[128.45783,35.94157],[128.45413,35.94316],[128.45376,35.93887],[128.45275,35.93661],[128.45035,35.93502],[128.44832,35.9348],[128.44236,35.93529],[128.44113,35.93496],[128.44011,35.93254],[128.43873,35.9315],[128.43096,35.93067],[128.42864,35.92941],[128.4266,35.92721],[128.42493,35.92803],[128.42472,35.92506],[128.42348,35.92281],[128.41854,35.92132],[128.41803,35.9178],[128.41651,35.91373],[128.41382,35.91125],[128.40968,35.9057],[128.40896,35.90317],[128.40714,35.90074],[128.39901,35.89992],[128.39915,35.89634],[128.39806,35.89271],[128.39603,35.88985],[128.39066,35.87896],[128.38848,35.87175],[128.38572,35.86856],[128.38419,35.86565],[128.38347,35.86091],[128.38354,35.85283],[128.38652,35.85129],[128.38761,35.85239],[128.38957,35.852],[128.416,35.85178],[128.4192,35.85057],[128.4314,35.84958],[128.43619,35.84832],[128.44469,35.84793],[128.44999,35.84667],[128.46037,35.8416],[128.46662,35.83973],[128.46887,35.83957],[128.46872,35.83847],[128.47257,35.83363],[128.47417,35.83253],[128.48107,35.83011],[128.48281,35.82433],[128.4831,35.82114],[128.48266,35.81553],[128.4815,35.81602],[128.47787,35.81234],[128.47279,35.80898],[128.47366,35.80717],[128.47047,35.8059],[128.4619,35.80585],[128.44105,35.80601],[128.44091,35.80931],[128.42079,35.80937],[128.42079,35.80629],[128.41578,35.80607],[128.41578,35.80282],[128.41244,35.80282],[128.4107,35.80111],[128.41056,35.79935],[128.40809,35.79919],[128.40148,35.78802],[128.39828,35.77993],[128.3969,35.77768],[128.39211,35.77328],[128.38964,35.76998],[128.38347,35.76007],[128.3834,35.75826],[128.38775,35.75358],[128.39124,35.74836],[128.39632,35.74533],[128.39915,35.74417],[128.41259,35.73796],[128.42167,35.73312],[128.42392,35.73103],[128.43183,35.72558],[128.43365,35.72228],[128.43488,35.71474],[128.43488,35.7115],[128.43401,35.7071],[128.43212,35.70489],[128.42544,35.69923],[128.42225,35.69725],[128.41912,35.69637],[128.41223,35.69582],[128.39705,35.70022],[128.39204,35.70093],[128.38274,35.70154],[128.37693,35.70308],[128.37207,35.70511],[128.36495,35.70743],[128.35885,35.70869],[128.35537,35.70732],[128.35181,35.70401],[128.35152,35.69747],[128.35333,35.69092],[128.35595,35.68437],[128.35718,35.68217],[128.36234,35.67557],[128.3725,35.6666],[128.38347,35.65874],[128.39284,35.65302],[128.39792,35.64884],[128.40003,35.64553],[128.40199,35.63574],[128.40126,35.63272],[128.39639,35.62776],[128.39327,35.62325],[128.38841,35.61792],[128.37839,35.61363],[128.37345,35.61247],[128.37178,35.61088],[128.3656,35.61341],[128.36422,35.61495],[128.36234,35.62782],[128.35972,35.63398],[128.35733,35.63833],[128.35478,35.64179],[128.35217,35.6446],[128.34919,35.64647],[128.34418,35.64608],[128.34171,35.64482],[128.33779,35.64482],[128.33445,35.64713],[128.33002,35.64845],[128.32675,35.64685],[128.32407,35.64663],[128.31927,35.65082],[128.31165,35.65373],[128.30598,35.65549],[128.30235,35.655],[128.29807,35.65621],[128.29625,35.65071],[128.28834,35.65252],[128.28122,35.65252],[128.27854,35.6517],[128.27824,35.64867],[128.27679,35.64696],[128.27425,35.6468],[128.26699,35.6452],[128.26234,35.64273],[128.25864,35.64779],[128.25225,35.65076],[128.24985,35.6512],[128.24542,35.65406],[128.24448,35.65544],[128.24186,35.65511],[128.23634,35.65109],[128.23772,35.64377],[128.23576,35.64042],[128.22915,35.63954],[128.22654,35.64152],[128.22189,35.64075],[128.22015,35.63998],[128.21383,35.6408],[128.2118,35.64141],[128.21013,35.64372],[128.2012,35.64372],[128.19974,35.64548],[128.19895,35.64895],[128.19611,35.65098],[128.19176,35.65494],[128.18522,35.65769],[128.1805,35.65681],[128.1768,35.65698],[128.17346,35.65505],[128.1659,35.65302],[128.16147,35.65379],[128.16017,35.65489],[128.15951,35.65753],[128.16169,35.65978],[128.16104,35.66363],[128.15988,35.66572],[128.16009,35.66748],[128.16293,35.67222],[128.16482,35.67348],[128.16699,35.67381],[128.1789,35.67293],[128.18268,35.67662],[128.18413,35.68003],[128.19226,35.68008],[128.19662,35.6814],[128.19822,35.68234],[128.19771,35.68322],[128.19931,35.68454],[128.2025,35.68371],[128.20483,35.68393],[128.20367,35.68635],[128.20265,35.69274],[128.20461,35.6962],[128.20338,35.70291],[128.20149,35.70517],[128.20025,35.7093],[128.20258,35.71227],[128.20229,35.71744],[128.20105,35.72327],[128.19662,35.73037],[128.19793,35.73389],[128.19807,35.73592],[128.1951,35.73796],[128.1935,35.7384],[128.19067,35.74764],[128.18849,35.74968],[128.18929,35.75177],[128.18609,35.75386],[128.18253,35.75468],[128.18072,35.75611],[128.17687,35.75787],[128.17251,35.75914],[128.16954,35.76051],[128.16503,35.76348],[128.16155,35.77003],[128.16169,35.77152],[128.16351,35.77702],[128.16046,35.77834],[128.15806,35.78147],[128.15901,35.78367],[128.15436,35.78643],[128.14797,35.784],[128.13751,35.78428],[128.13577,35.78483],[128.13054,35.78901],[128.12887,35.7894],[128.12872,35.79429],[128.12734,35.79561],[128.1219,35.80348],[128.12342,35.80563],[128.12161,35.80876],[128.12255,35.81443],[128.12458,35.81943],[128.12306,35.82246],[128.12088,35.82312],[128.11936,35.82488],[128.11703,35.82345],[128.11093,35.82389],[128.10926,35.82466],[128.10599,35.82774],[128.10353,35.82917],[128.09982,35.82994],[128.09655,35.8322],[128.093,35.83176],[128.09111,35.83055],[128.08624,35.83302],[128.08443,35.83698],[128.08,35.83814],[128.07738,35.83968],[128.07419,35.83896],[128.06976,35.84122],[128.06206,35.83566],[128.06162,35.83467],[128.05705,35.83357],[128.05487,35.83434],[128.05327,35.83335],[128.05168,35.82989],[128.0479,35.83016],[128.0434,35.83126],[128.03846,35.83407],[128.03403,35.83528],[128.02982,35.83566],[128.02691,35.83456],[128.0243,35.83291],[128.02161,35.83352],[128.01747,35.83253],[128.01181,35.82895],[128.00796,35.83077],[128.00651,35.83346],[128.00171,35.83577],[127.9991,35.83616],[127.99649,35.83764],[127.99591,35.84006],[127.99249,35.84314],[127.99075,35.84584],[127.99031,35.84771],[127.98646,35.852],[127.98654,35.85387],[127.98421,35.85767],[127.98174,35.85871],[127.97782,35.85563],[127.97543,35.85277],[127.97397,35.85206],[127.97078,35.85244],[127.96671,35.85497],[127.96257,35.85536],[127.96127,35.85624],[127.9596,35.86031],[127.95008,35.86168],[127.94703,35.8597],[127.94478,35.85591],[127.94224,35.85453],[127.93578,35.85453],[127.93033,35.85635],[127.92576,35.85563],[127.92576,35.85701],[127.92721,35.85844],[127.92924,35.858],[127.93193,35.85965],[127.93309,35.864],[127.93178,35.86774],[127.92881,35.87032],[127.92953,35.87417],[127.92844,35.87676],[127.93019,35.87863],[127.92881,35.88066],[127.92321,35.88226],[127.92205,35.88556],[127.91849,35.8904],[127.92024,35.89321],[127.91639,35.892],[127.91203,35.88985],[127.90666,35.8893],[127.90564,35.88996],[127.9023,35.88958],[127.89896,35.88782],[127.89351,35.88677],[127.89083,35.89035],[127.88821,35.89233],[127.8848,35.8931],[127.88277,35.89904],[127.88218,35.90317],[127.88509,35.9096],[127.88785,35.91208],[127.88792,35.91505],[127.88436,35.91741],[127.88255,35.91923],[127.88364,35.92479],[127.88226,35.92732],[127.88226,35.92886],[127.88531,35.93128],[127.88996,35.93183],[127.89569,35.93419],[127.89656,35.93573],[127.89896,35.9376],[127.90608,35.94063],[127.90825,35.94272],[127.91014,35.94591],[127.91138,35.94916],[127.91007,35.95125],[127.90397,35.95411],[127.9023,35.95691],[127.90121,35.96176],[127.89889,35.96836],[127.89642,35.9716],[127.89693,35.97408],[127.89635,35.97765],[127.89511,35.97842],[127.89163,35.9787],[127.88959,35.97963],[127.8917,35.98332],[127.89417,35.98464],[127.89322,35.98679],[127.8877,35.99058],[127.8811,35.99421],[127.87972,35.9941],[127.87558,35.99691],[127.8763,36.00016],[127.87826,36.00104],[127.87863,36.00274],[127.87797,36.00632],[127.87572,36.00879],[127.87529,36.01594],[127.87674,36.02249],[127.87732,36.02343],[127.88059,36.02524],[127.88349,36.02805],[127.88342,36.03234],[127.88487,36.03591],[127.88749,36.0347],[127.8938,36.03762],[127.89954,36.03828],[127.90266,36.03911],[127.90353,36.0434],[127.90615,36.0467],[127.90942,36.05],[127.91181,36.05049],[127.91668,36.05429],[127.91958,36.05368],[127.9206,36.05412],[127.92561,36.05242],[127.93019,36.04945],[127.93345,36.05082],[127.93629,36.0511],[127.94384,36.05627],[127.94747,36.0577],[127.94987,36.05974],[127.95219,36.06375],[127.95197,36.06469],[127.95459,36.06727],[127.95778,36.06925],[127.9609,36.07035],[127.96185,36.0758],[127.9617,36.08301],[127.96083,36.08559],[127.95938,36.08598],[127.95872,36.08752],[127.95858,36.09087],[127.95974,36.0945],[127.96461,36.09555],[127.9649,36.09863],[127.96664,36.10028],[127.96896,36.10435],[127.96795,36.10727],[127.96577,36.1098],[127.96519,36.11282],[127.96664,36.11612],[127.96679,36.11805],[127.97013,36.1219],[127.97296,36.12185],[127.97644,36.12273],[127.98407,36.12768],[127.98777,36.12883],[127.98886,36.13263],[127.98726,36.14088],[127.98915,36.14396],[127.98799,36.14501],[127.9877,36.14776],[127.99075,36.15144],[127.9962,36.15425],[127.99721,36.15546],[127.99482,36.1575],[127.99097,36.15843],[127.98988,36.16514],[127.98705,36.16663],[127.98298,36.16987],[127.98247,36.17257],[127.98414,36.17818],[127.98131,36.17912],[127.97971,36.18275],[127.97535,36.1877],[127.97615,36.18841],[127.97739,36.19232],[127.98116,36.1959],[127.97993,36.19595],[127.97804,36.1981],[127.98407,36.20052],[127.98922,36.19958],[127.99307,36.20002],[127.99474,36.2042],[127.99881,36.20745],[128.00004,36.20695],[128.006,36.20728],[128.00978,36.20937],[128.01145,36.20893],[128.01682,36.20871],[128.02408,36.20662],[128.0267,36.20519],[128.03345,36.20008],[128.0386,36.19413],[128.0463,36.19672],[128.04754,36.19832],[128.05291,36.20085],[128.05741,36.20079],[128.05625,36.20206],[128.05182,36.20508],[128.05051,36.20662],[128.04935,36.21075],[128.05015,36.21295],[128.0503,36.21592],[128.04761,36.21614],[128.04224,36.21757],[128.03897,36.22219],[128.04049,36.22467],[128.03933,36.22868],[128.03526,36.23264],[128.03316,36.23369],[128.02989,36.24002],[128.03563,36.24348],[128.03904,36.2503],[128.04027,36.25201],[128.04572,36.25212],[128.04732,36.25658],[128.04362,36.25839],[128.03962,36.25922],[128.03316,36.26153],[128.02982,36.26466],[128.02691,36.26538],[128.02626,36.26791],[128.01907,36.2673],[128.01558,36.26829],[128.01413,36.27011],[128.01079,36.27203],[128.00825,36.2717],[128.00048,36.26642],[127.99779,36.26818],[127.99438,36.26747],[127.99053,36.2634],[127.98414,36.26285],[127.98116,36.26367],[127.97768,36.26065],[127.97673,36.25927],[127.97869,36.25575],[127.97833,36.2546],[127.97463,36.25294],[127.97056,36.25041],[127.96809,36.2503],[127.96482,36.25316],[127.9625,36.25206],[127.95989,36.2525],[127.95459,36.25724],[127.94928,36.25663],[127.94834,36.25751],[127.9479,36.26626],[127.94732,36.26725],[127.94282,36.26675],[127.93796,36.26906],[127.9344,36.27258],[127.93374,36.27594],[127.93091,36.27803],[127.92648,36.27869],[127.9235,36.27869],[127.91268,36.28293],[127.91152,36.2832],[127.90709,36.2865],[127.90557,36.29123],[127.90637,36.29267],[127.90564,36.29861],[127.90426,36.30147],[127.90288,36.30103],[127.89845,36.29756],[127.89359,36.29267],[127.89213,36.29195],[127.88988,36.28925],[127.88814,36.28617],[127.88582,36.28018],[127.88262,36.27374],[127.87645,36.27578],[127.87042,36.2766],[127.86737,36.2766],[127.86519,36.27589],[127.86084,36.27704],[127.85212,36.27391],[127.85139,36.27545],[127.84922,36.28881],[127.84682,36.29134],[127.84566,36.29371],[127.8458,36.29679],[127.84689,36.30075],[127.8445,36.30543],[127.84152,36.30829],[127.84145,36.30999],[127.8458,36.31814],[127.84885,36.31896],[127.85074,36.32083],[127.85125,36.32672],[127.85256,36.32963],[127.8567,36.33128],[127.86033,36.33371],[127.86149,36.33508],[127.86577,36.33558],[127.86977,36.33954],[127.87064,36.34146],[127.87013,36.3435],[127.87362,36.34509],[127.87703,36.3457],[127.87935,36.34493],[127.88262,36.34592],[127.88553,36.35015],[127.88502,36.35247],[127.88567,36.35472],[127.89054,36.35659],[127.89126,36.35973],[127.89025,36.36121],[127.88654,36.36363],[127.88538,36.36605],[127.88523,36.36891],[127.88364,36.37062],[127.87993,36.37145],[127.88313,36.3742],[127.88313,36.37733],[127.88415,36.38003],[127.88218,36.38206],[127.87921,36.38338],[127.87732,36.38855],[127.87485,36.39103],[127.87006,36.39158],[127.86461,36.39147],[127.86301,36.39356],[127.86628,36.39477],[127.86389,36.39978],[127.86389,36.40302],[127.86955,36.40363],[127.87369,36.4066],[127.87325,36.40957],[127.87471,36.41122],[127.87572,36.41436],[127.87906,36.41661],[127.88262,36.42156],[127.88269,36.42437],[127.87776,36.42393],[127.87296,36.42426],[127.87492,36.42706],[127.8755,36.42965],[127.87449,36.43471],[127.87216,36.44087],[127.87318,36.44241],[127.8734,36.44538],[127.87478,36.4488],[127.87739,36.4494],[127.87972,36.45408],[127.87877,36.45512],[127.87899,36.45776],[127.88197,36.46183],[127.88022,36.46486],[127.87834,36.46706],[127.88081,36.46855],[127.88022,36.47064],[127.88102,36.47454],[127.8824,36.47586],[127.88059,36.48065],[127.87529,36.48318],[127.87609,36.48835],[127.8787,36.48951],[127.88044,36.49325],[127.88872,36.49314],[127.89286,36.496],[127.89489,36.49836],[127.89758,36.49847],[127.90078,36.50067],[127.90462,36.50403],[127.90622,36.50727],[127.90317,36.51102],[127.90252,36.51322],[127.90339,36.51729],[127.9015,36.51976],[127.90092,36.52499],[127.90245,36.52807],[127.89896,36.53027],[127.89635,36.53121],[127.89301,36.53049],[127.88872,36.53368],[127.88335,36.53489],[127.87899,36.53473],[127.87543,36.53792],[127.87514,36.54001],[127.87391,36.54133],[127.87049,36.54281],[127.871,36.54551],[127.87238,36.54876],[127.87282,36.55299],[127.87035,36.55915],[127.8665,36.56042],[127.86454,36.56399],[127.86025,36.56592],[127.8604,36.56796],[127.85742,36.56955],[127.85234,36.57115],[127.84885,36.57093],[127.84486,36.56911],[127.84326,36.569],[127.84261,36.57054],[127.83709,36.5701],[127.83418,36.57313],[127.83019,36.57428],[127.82736,36.57153],[127.82445,36.57093],[127.82155,36.57307],[127.81683,36.57588],[127.81618,36.57808],[127.81313,36.57918],[127.80811,36.58017],[127.80492,36.58138],[127.80441,36.58314],[127.79846,36.58644],[127.79955,36.58853],[127.79853,36.59079],[127.79657,36.59266],[127.79613,36.59524],[127.79758,36.60069],[127.79918,36.60239],[127.80201,36.60184],[127.80652,36.60366],[127.80833,36.60581],[127.81189,36.6074],[127.81429,36.60746],[127.81814,36.60839],[127.8209,36.61054],[127.82097,36.61329],[127.82663,36.61142],[127.8299,36.61263],[127.83215,36.61263],[127.83527,36.6112],[127.83767,36.60938],[127.84072,36.60828],[127.8498,36.61312],[127.85161,36.61323],[127.85517,36.61186],[127.85829,36.61351],[127.85575,36.61758],[127.85118,36.61835],[127.8498,36.61956],[127.84784,36.62495],[127.8506,36.62913],[127.8506,36.63128],[127.84675,36.63397],[127.84893,36.63463],[127.85307,36.6348],[127.85655,36.63447],[127.86062,36.63535],[127.86309,36.63766],[127.86352,36.64068],[127.86541,36.64129],[127.87231,36.65026],[127.87347,36.65218],[127.87391,36.65504],[127.87638,36.65642],[127.88001,36.65675],[127.88139,36.65191],[127.88233,36.64652],[127.88494,36.64277],[127.88872,36.64063],[127.8893,36.63694],[127.88792,36.63518],[127.88865,36.631],[127.89046,36.62875],[127.89816,36.6266],[127.90303,36.62754],[127.90717,36.62583],[127.90855,36.6239],[127.90862,36.6222],[127.91109,36.61681],[127.91138,36.61532],[127.91392,36.61224],[127.91878,36.60867],[127.91871,36.60344],[127.91995,36.60113],[127.92394,36.60201],[127.92525,36.60283],[127.92488,36.60784],[127.92423,36.60982],[127.92409,36.61543],[127.9251,36.61642],[127.92946,36.61747],[127.93236,36.61873],[127.93287,36.62038],[127.93193,36.62523],[127.93287,36.62875],[127.93592,36.63298],[127.9352,36.63496],[127.93382,36.63606],[127.93432,36.64107],[127.9357,36.64421],[127.93897,36.64597],[127.93868,36.64877],[127.93912,36.65273],[127.93411,36.65334],[127.93164,36.65537],[127.93157,36.65961],[127.93229,36.66142],[127.93222,36.66451],[127.92982,36.6666],[127.9296,36.66874],[127.92779,36.66896],[127.92321,36.66814],[127.9177,36.66786],[127.91298,36.67765],[127.90034,36.68222],[127.89475,36.68112],[127.8917,36.68244],[127.88763,36.67864],[127.88502,36.67947],[127.88001,36.6787],[127.87725,36.67974],[127.87427,36.68194],[127.87572,36.6831],[127.87877,36.68266],[127.88197,36.68343],[127.88189,36.68574],[127.88727,36.69119],[127.89388,36.69438],[127.89751,36.69344],[127.90252,36.69333],[127.90738,36.69262],[127.91225,36.69262],[127.91479,36.69333],[127.91748,36.69322],[127.92263,36.69212],[127.92655,36.69031],[127.92895,36.69086],[127.93062,36.69256],[127.93178,36.69559],[127.93098,36.70191],[127.9336,36.70648],[127.94289,36.70687],[127.94645,36.70621],[127.9495,36.70808],[127.94965,36.71264],[127.94885,36.71402],[127.94914,36.71974],[127.95146,36.72062],[127.954,36.72359],[127.95698,36.73558],[127.95843,36.73685],[127.96054,36.73718],[127.96315,36.73338],[127.96824,36.73129],[127.97071,36.73091],[127.97318,36.72618],[127.98022,36.72007],[127.98683,36.71754],[127.99017,36.71721],[127.99743,36.71831],[127.99932,36.71737],[128.00193,36.71726],[128.00607,36.72304],[128.00651,36.72546],[128.00934,36.72838],[128.0113,36.72959],[128.01486,36.73019],[128.01958,36.72502],[128.01936,36.7237],[128.02096,36.72194],[128.02561,36.71935],[128.03083,36.7193],[128.03309,36.71721],[128.03679,36.71495],[128.04318,36.71242],[128.04645,36.7094],[128.04972,36.70775],[128.05218,36.70775],[128.05872,36.70896],[128.06693,36.7083],[128.07041,36.70769],[128.07274,36.71187],[128.07172,36.71473],[128.06801,36.72222],[128.06061,36.72689],[128.05865,36.72992],[128.05727,36.73107],[128.0556,36.73041],[128.05291,36.73322],[128.05073,36.73668],[128.04238,36.7407],[128.03439,36.74554],[128.03236,36.74758],[128.03265,36.74939],[128.03236,36.75517],[128.03737,36.76105],[128.04165,36.76843],[128.04478,36.77107],[128.0447,36.77459],[128.04688,36.7786],[128.04558,36.78246],[128.04834,36.78323],[128.05008,36.78559],[128.05117,36.78884],[128.05327,36.7917],[128.05494,36.79269],[128.05611,36.79841],[128.05407,36.80562],[128.05792,36.80699],[128.05683,36.80914],[128.05749,36.81139],[128.05923,36.81359],[128.05923,36.8164],[128.06104,36.81717],[128.06417,36.81744],[128.06736,36.81678],[128.07179,36.81453],[128.07716,36.81101],[128.07913,36.80853],[128.08268,36.80683],[128.08537,36.80419],[128.08385,36.80221],[128.08385,36.79929],[128.08595,36.79808],[128.09009,36.79665],[128.0935,36.79676],[128.093,36.80287],[128.09416,36.80364],[128.10193,36.80628],[128.10585,36.80595],[128.10788,36.80892],[128.10825,36.81348],[128.10955,36.81799],[128.10984,36.82146],[128.11289,36.82102],[128.11841,36.82146],[128.11899,36.82234],[128.12458,36.82399],[128.12989,36.82515],[128.13395,36.82845],[128.13359,36.83279],[128.1418,36.83334],[128.14419,36.83015],[128.14746,36.82938],[128.14986,36.82757],[128.15145,36.82322],[128.15537,36.82201],[128.16002,36.82201],[128.16264,36.82097],[128.17135,36.82212],[128.1752,36.82086],[128.18479,36.81662],[128.19081,36.8164],[128.19364,36.81711],[128.20367,36.81337],[128.20715,36.81244],[128.2142,36.81167],[128.21623,36.81244],[128.21732,36.81937],[128.21637,36.82075],[128.21587,36.82614],[128.21434,36.83081],[128.21449,36.83483],[128.21303,36.83912],[128.21115,36.84116],[128.21078,36.8455],[128.21274,36.84919],[128.21666,36.8493],[128.22037,36.84831],[128.22378,36.84671],[128.2301,36.84539],[128.237,36.84534],[128.23874,36.85018],[128.2362,36.85183],[128.2346,36.85419],[128.23453,36.85766],[128.23547,36.85893],[128.23467,36.86283],[128.23947,36.86509],[128.24034,36.8713],[128.24179,36.87235],[128.24687,36.86932],[128.25428,36.86641],[128.25944,36.86509],[128.26503,36.86415],[128.26728,36.86261],[128.2688,36.86019],[128.27636,36.85711],[128.28021,36.857],[128.28246,36.85595],[128.28558,36.8499],[128.28551,36.84732],[128.28652,36.84501],[128.28943,36.84358],[128.29291,36.83945],[128.2956,36.83532],[128.30163,36.83268],[128.30497,36.82933],[128.31071,36.8263],[128.31586,36.82256],[128.31579,36.81744],[128.31644,36.81667],[128.32087,36.81563],[128.33336,36.817],[128.34099,36.81458],[128.34825,36.81299],[128.35319,36.81244],[128.35675,36.81062],[128.35711,36.80633],[128.36125,36.80287],[128.36408,36.80221],[128.36553,36.80303],[128.36836,36.8021],[128.37272,36.8054],[128.3733,36.80765],[128.3802,36.81266],[128.38332,36.81376],[128.39436,36.81486],[128.39966,36.81288],[128.40605,36.81194],[128.40816,36.81227],[128.4115,36.81139],[128.41513,36.81222],[128.42043,36.81156],[128.42522,36.8148],[128.42602,36.81838],[128.42798,36.82086],[128.43205,36.82405],[128.43365,36.82762],[128.43408,36.83417],[128.43938,36.83631],[128.44149,36.83758],[128.44258,36.84011],[128.44701,36.84363],[128.44904,36.84787],[128.44665,36.85337],[128.44781,36.86146],[128.44912,36.86289],[128.44803,36.86437],[128.44331,36.86844],[128.44251,36.86822],[128.43909,36.87174],[128.43641,36.87367],[128.43169,36.87554],[128.4282,36.87504],[128.42399,36.87653],[128.42479,36.87939],[128.42704,36.88126],[128.42813,36.88478],[128.42682,36.88924],[128.42907,36.89204],[128.4319,36.89287],[128.43358,36.89545],[128.43815,36.89986],[128.44018,36.90288],[128.44302,36.91064],[128.44476,36.91372],[128.44483,36.91768],[128.4428,36.91983],[128.44302,36.92192],[128.44178,36.92736],[128.44548,36.92813],[128.45042,36.93077],[128.45267,36.93072],[128.45689,36.93374],[128.46037,36.93402],[128.46008,36.93605],[128.46342,36.94376],[128.46277,36.94739],[128.4672,36.95146],[128.47707,36.95746],[128.48143,36.9579],[128.48492,36.95746],[128.48601,36.96191],[128.48956,36.96373],[128.49385,36.96444],[128.50227,36.96791],[128.5067,36.97011],[128.50641,36.97319],[128.50975,36.97462],[128.51462,36.97759],[128.51389,36.98062],[128.5152,36.98326],[128.51549,36.98683],[128.51694,36.98689],[128.52602,36.99008],[128.52965,36.99079],[128.53553,36.99024],[128.54301,36.99211],[128.5457,36.99437],[128.54947,36.99547],[128.5547,36.99828],[128.55557,37.00009],[128.55572,37.00284],[128.55681,37.00576],[128.56291,37.0079],[128.56349,37.0101],[128.56741,37.01153],[128.57032,37.01401],[128.57293,37.02078],[128.57264,37.02199],[128.56915,37.02375],[128.5669,37.026],[128.56545,37.03073],[128.56785,37.03387],[128.57155,37.03563],[128.57772,37.03558],[128.57888,37.03838],[128.58055,37.03921],[128.58215,37.04262],[128.58346,37.04372],[128.586,37.04295],[128.59072,37.04311],[128.59246,37.0419],[128.59682,37.04179],[128.59806,37.04311],[128.60161,37.0441],[128.60517,37.04333],[128.60713,37.04383],[128.60793,37.0474],[128.60706,37.04977],[128.60844,37.05279],[128.60975,37.05202],[128.61773,37.05065],[128.62173,37.04905],[128.62173,37.04669],[128.62282,37.04531],[128.62463,37.04548],[128.62826,37.04212],[128.63291,37.04053],[128.63284,37.04174],[128.63451,37.04658],[128.63785,37.05153],[128.64293,37.05714],[128.64613,37.0611],[128.65179,37.06391],[128.65208,37.06545],[128.656,37.06446],[128.65738,37.06116],[128.65942,37.06033],[128.66189,37.06105],[128.66733,37.06028],[128.67191,37.05857],[128.67423,37.05907],[128.67692,37.05808],[128.68178,37.05367],[128.68542,37.05213],[128.68905,37.05307],[128.69682,37.04427],[128.70037,37.0408],[128.70415,37.04091],[128.70909,37.03937],[128.71272,37.04267],[128.71867,37.04377],[128.72187,37.04267],[128.73465,37.04025],[128.73893,37.03789],[128.74496,37.03304],[128.74772,37.03002],[128.75099,37.02809],[128.75375,37.02782],[128.75455,37.03194],[128.75978,37.03563],[128.76217,37.03618],[128.76254,37.03783],[128.76217,37.04179],[128.76145,37.04443],[128.75912,37.04702],[128.75723,37.04757],[128.75302,37.05373],[128.7523,37.05593],[128.75259,37.05786],[128.75455,37.05973],[128.75585,37.06666],[128.75716,37.07001],[128.75818,37.06974],[128.75949,37.06737],[128.76479,37.06352],[128.76842,37.06781],[128.76856,37.07271],[128.77132,37.07634],[128.77423,37.07733],[128.77779,37.0797],[128.77786,37.08327],[128.77357,37.08751],[128.7767,37.08877],[128.77641,37.08976],[128.78025,37.09235],[128.78323,37.09097],[128.78577,37.08789],[128.79943,37.08696],[128.80153,37.08437],[128.80008,37.08129],[128.79993,37.07898],[128.80219,37.07772],[128.80378,37.07794],[128.80785,37.07601],[128.81235,37.07871],[128.81765,37.07777],[128.8194,37.07706],[128.82433,37.07783],[128.82579,37.07871],[128.82942,37.07849],[128.8321,37.07508],[128.83123,37.07409],[128.83094,37.07018],[128.83167,37.06743],[128.83595,37.06594],[128.84387,37.05725],[128.84394,37.05461],[128.84685,37.05158],[128.85534,37.0496],[128.85905,37.04966],[128.86594,37.04795],[128.8703,37.04493],[128.87248,37.04394],[128.87567,37.04476],[128.87684,37.04608],[128.87713,37.04905],[128.87858,37.05323],[128.88925,37.04938],[128.89397,37.04592],[128.89644,37.04454],[128.89761,37.04641],[128.89695,37.05054],[128.89717,37.0556],[128.89928,37.05874],[128.90487,37.06204],[128.90552,37.06396],[128.91039,37.06611],[128.91017,37.07023],[128.91322,37.07309],[128.91692,37.07871],[128.91649,37.08206],[128.91503,37.08371],[128.91794,37.08586],[128.91946,37.08899],[128.92179,37.09141],[128.92331,37.09213],[128.92861,37.09114],[128.93203,37.09086],[128.93304,37.09163],[128.94045,37.0934],[128.94568,37.09378],[128.95345,37.08492],[128.9533,37.08124],[128.95483,37.07959],[128.95926,37.07755],[128.96834,37.0797],[128.97182,37.08151],[128.97538,37.08102],[128.98184,37.08294],[128.98417,37.0847],[128.9886,37.08437],[128.99121,37.08256],[129.00907,37.07876],[129.01387,37.07854],[129.01517,37.07953],[129.01866,37.07799],[129.0204,37.07656],[129.02432,37.07832],[129.02948,37.077],[129.03238,37.07491],[129.03667,37.07618],[129.03928,37.07409],[129.0419,37.07106],[129.04379,37.07111],[129.04836,37.07007],[129.05003,37.06842],[129.05235,37.06787],[129.05344,37.07018],[129.05708,37.06792],[129.05649,37.06517],[129.05947,37.06523],[129.06397,37.06842],[129.06463,37.0704],[129.06739,37.07447],[129.06695,37.07722],[129.06557,37.07876],[129.06717,37.08096],[129.0708,37.08399],[129.07044,37.08822],[129.07697,37.09301],[129.07893,37.09301],[129.08285,37.09417],[129.0875,37.09714],[129.09128,37.09725],[129.09564,37.10033],[129.09818,37.09895],[129.10043,37.09945],[129.10449,37.09769],[129.10776,37.09351],[129.11197,37.09251],[129.118,37.09273],[129.12287,37.09125],[129.12643,37.08806],[129.1265,37.08503],[129.12722,37.08443],[129.13361,37.08179],[129.1379,37.0814],[129.1395,37.08228],[129.14218,37.08036],[129.14429,37.07656],[129.14857,37.07541],[129.153,37.07309],[129.15482,37.07172],[129.15852,37.07117],[129.15947,37.06968],[129.16179,37.0688],[129.16615,37.06913],[129.16578,37.06732],[129.16673,37.06528],[129.17043,37.06033],[129.17704,37.0567],[129.18045,37.05323],[129.18503,37.04658],[129.18445,37.04377],[129.18539,37.04174],[129.19062,37.04064],[129.19476,37.04064],[129.20217,37.04443],[129.20507,37.04498],[129.20805,37.04394],[129.21342,37.043],[129.21509,37.04394],[129.22533,37.04454],[129.23172,37.04168],[129.23891,37.03937],[129.23818,37.0408],[129.23267,37.04421],[129.23303,37.04878],[129.22954,37.05472],[129.22882,37.05824],[129.23078,37.05885],[129.2331,37.06391],[129.23092,37.06693],[129.23085,37.06891],[129.22853,37.07161],[129.22649,37.07216],[129.2254,37.0737],[129.22715,37.07502],[129.23085,37.07662],[129.23579,37.08157],[129.23724,37.08382],[129.24044,37.08503],[129.24341,37.08817],[129.24625,37.09317],[129.24901,37.09615],[129.25176,37.09714],[129.25314,37.09681],[129.25518,37.09802],[129.25525,37.09934],[129.2591,37.10104],[129.26563,37.10214],[129.26883,37.10627],[129.27035,37.11182],[129.27123,37.11639],[129.27631,37.11799],[129.28197,37.11612],[129.28539,37.11727],[129.28757,37.11562],[129.29258,37.1143],[129.29461,37.11436],[129.29526,37.1203],[129.29977,37.12442],[129.30114,37.12657],[129.30383,37.12822],[129.30616,37.12767],[129.30892,37.12794],[129.31117,37.13064],[129.31894,37.13361],[129.32293,37.13818],[129.323,37.13994],[129.32482,37.1423],[129.32787,37.14197],[129.33056,37.14049],[129.33324,37.14071],[129.33644,37.14197],[129.33833,37.14346],[129.33949,37.14681],[129.34101,37.14461],[129.34464,37.14604],[129.34784,37.14643],[129.35205,37.14632],[129.35663,37.14483],[129.36149,37.14483],[129.36338,37.14599],[129.36592,37.14461],[129.3657,37.14285],[129.36723,37.13994],[129.37202,37.13565],[129.37471,37.13559],[129.375,37.1335],[129.37333,37.13124],[129.37093,37.12992],[129.37129,37.12734],[129.37376,37.12244],[129.37623,37.1198],[129.38001,37.11892],[129.37877,37.11667],[129.37696,37.11546],[129.37442,37.11061],[129.37696,37.10407],[129.37914,37.10187],[129.38182,37.10236],[129.37856,37.10104],[129.37957,37.09906],[129.38262,37.09642],[129.38349,37.09703],[129.38146,37.09983],[129.38821,37.09284],[129.39148,37.09086],[129.38959,37.09037],[129.39482,37.0858],[129.39635,37.08333],[129.40179,37.07926],[129.41341,37.07216],[129.42031,37.06858],[129.4222,37.06644],[129.42677,37.06418],[129.42888,37.05929],[129.43019,37.0583],[129.42982,37.05665],[129.4251,37.05395],[129.42619,37.05571],[129.42452,37.05786],[129.42184,37.05813],[129.41857,37.05692],[129.41494,37.05301],[129.41319,37.04729],[129.41327,37.04372],[129.41487,37.03723],[129.41581,37.03552],[129.41443,37.03337],[129.41029,37.0309],[129.40942,37.02683],[129.41,37.02314],[129.41131,37.01968],[129.41603,37.01131],[129.41712,37.00625],[129.41784,37.00009],[129.41748,36.9947],[129.41654,36.99101],[129.41421,36.98909],[129.41102,36.98502],[129.40811,36.97996],[129.40818,36.97908],[129.41378,36.96835],[129.41508,36.96439],[129.41472,36.96219],[129.41624,36.95812],[129.41813,36.95476],[129.41959,36.95113],[129.41821,36.94816],[129.42104,36.94079],[129.42096,36.93699],[129.41871,36.93292],[129.41733,36.93149],[129.41915,36.92384],[129.41937,36.9201],[129.41871,36.91867],[129.41712,36.91867],[129.41566,36.91647],[129.41559,36.91421],[129.41668,36.91069],[129.41552,36.9091],[129.41675,36.90563],[129.42002,36.89925],[129.42053,36.89754],[129.41915,36.89237]]],[[[131.87016,37.24094],[131.87147,37.24006],[131.86965,37.23814],[131.86718,37.23891],[131.86849,37.24078],[131.87016,37.24094]]],[[[131.86624,37.2432],[131.86675,37.24193],[131.86493,37.24001],[131.86312,37.24061],[131.86275,37.24226],[131.86471,37.24265],[131.86529,37.24413],[131.86624,37.2432]]],[[[130.91145,37.54132],[130.91705,37.54159],[130.9185,37.54209],[130.91944,37.54033],[130.91189,37.53807],[130.91138,37.53532],[130.90804,37.52834],[130.9079,37.52702],[130.91036,37.52135],[130.91334,37.51849],[130.91494,37.51783],[130.91654,37.51865],[130.91755,37.51343],[130.91697,37.51035],[130.9145,37.50523],[130.91538,37.50275],[130.91523,37.50033],[130.91298,37.49967],[130.91007,37.49709],[130.91066,37.49219],[130.91356,37.4917],[130.91298,37.49516],[130.91378,37.4967],[130.91378,37.49043],[130.91334,37.48719],[130.91414,37.48636],[130.91661,37.48653],[130.91915,37.48763],[130.92089,37.48658],[130.91995,37.4851],[130.91574,37.48251],[130.91327,37.48218],[130.91116,37.48306],[130.90811,37.48146],[130.9092,37.47987],[130.9071,37.47695],[130.90085,37.47514],[130.89613,37.47574],[130.88974,37.47382],[130.88459,37.4709],[130.88204,37.46887],[130.87885,37.46546],[130.87616,37.45951],[130.8766,37.45869],[130.8819,37.46012],[130.87551,37.45803],[130.87558,37.45407],[130.87275,37.45374],[130.86984,37.45825],[130.86403,37.46028],[130.85641,37.4599],[130.8498,37.46386],[130.84297,37.46281],[130.83884,37.46518],[130.83339,37.46716],[130.83165,37.46661],[130.8299,37.46788],[130.83078,37.46914],[130.8278,37.47134],[130.82155,37.47277],[130.81654,37.47272],[130.81255,37.4736],[130.80993,37.47492],[130.8087,37.47789],[130.80877,37.4802],[130.8079,37.48141],[130.80187,37.48455],[130.8018,37.48922],[130.80333,37.49698],[130.805,37.49819],[130.8042,37.50006],[130.80216,37.50061],[130.80485,37.50259],[130.80398,37.50534],[130.80049,37.50721],[130.79752,37.5126],[130.79577,37.51376],[130.79294,37.51376],[130.79163,37.51821],[130.79367,37.52306],[130.79606,37.52355],[130.79556,37.52201],[130.79635,37.52003],[130.79991,37.51893],[130.80245,37.51898],[130.80579,37.52162],[130.8124,37.52195],[130.81516,37.52399],[130.82293,37.52894],[130.82257,37.5274],[130.82395,37.52674],[130.82765,37.52641],[130.82969,37.52691],[130.83041,37.52834],[130.83637,37.53136],[130.84101,37.53406],[130.84494,37.53538],[130.84748,37.53549],[130.8514,37.5345],[130.85721,37.53455],[130.86193,37.53598],[130.86621,37.53642],[130.87435,37.54292],[130.8803,37.54341],[130.88836,37.54126],[130.89214,37.5411],[130.89461,37.54264],[130.89678,37.546],[130.89954,37.54776],[130.90296,37.54902],[130.90572,37.54913],[130.90768,37.54847],[130.90913,37.54616],[130.90848,37.54418],[130.91044,37.54165],[130.91145,37.54132]]]]}},{"type":"Feature","id":"48","properties":{"sido_code":"48","sido_name":"경상남도","name_eng":"Gyeongsangnam-do","kostat_code":"38","base_year":"2018"},"geometry":{"type":"MultiPolygon","coordinates":[[[[128.35486,34.83886],[128.35696,34.84084],[128.35856,34.83969],[128.359,34.83787],[128.35718,34.83479],[128.35522,34.8332],[128.35609,34.83182],[128.36059,34.83292],[128.36698,34.83166],[128.37047,34.8343],[128.37337,34.83248],[128.3741,34.82929],[128.3757,34.83001],[128.37809,34.82957],[128.38427,34.81741],[128.38528,34.8135],[128.38775,34.81548],[128.38703,34.81878],[128.38572,34.81988],[128.38514,34.82472],[128.3839,34.82599],[128.38398,34.82951],[128.38536,34.82819],[128.38993,34.82714],[128.39167,34.82615],[128.39276,34.82324],[128.40082,34.82913],[128.40199,34.82869],[128.40438,34.8299],[128.40809,34.83397],[128.41099,34.8343],[128.41266,34.83331],[128.41491,34.8332],[128.41731,34.83485],[128.42145,34.83567],[128.42087,34.83391],[128.42188,34.83303],[128.42668,34.83215],[128.43082,34.82924],[128.43249,34.82984],[128.43532,34.82819],[128.43343,34.82731],[128.4351,34.82527],[128.43641,34.82533],[128.43982,34.82863],[128.44113,34.82659],[128.43997,34.82329],[128.44164,34.82087],[128.43938,34.81906],[128.43909,34.81636],[128.43946,34.81207],[128.44156,34.80943],[128.44236,34.80415],[128.44135,34.80217],[128.43677,34.80217],[128.4343,34.80431],[128.43343,34.80894],[128.4314,34.80569],[128.43118,34.80233],[128.43227,34.79958],[128.4351,34.79991],[128.43713,34.79898],[128.43931,34.797],[128.44011,34.79469],[128.43764,34.79199],[128.43452,34.78941],[128.42849,34.79056],[128.42079,34.79359],[128.41956,34.79243],[128.42152,34.78886],[128.42559,34.78825],[128.4319,34.78335],[128.43474,34.78264],[128.43583,34.77967],[128.43089,34.7767],[128.43031,34.7751],[128.42849,34.77345],[128.42435,34.77076],[128.42384,34.76949],[128.42544,34.76828],[128.42544,34.76558],[128.42399,34.76228],[128.42232,34.76294],[128.42225,34.76487],[128.42123,34.76525],[128.41448,34.76272],[128.41186,34.76327],[128.40656,34.76239],[128.40446,34.76393],[128.4046,34.76536],[128.40634,34.76597],[128.40765,34.76778],[128.40656,34.76817],[128.40177,34.76773],[128.39908,34.76536],[128.39712,34.76646],[128.39763,34.77048],[128.39538,34.77323],[128.39574,34.77626],[128.39734,34.77923],[128.39465,34.78104],[128.39029,34.77956],[128.38957,34.77796],[128.38601,34.77972],[128.38652,34.78214],[128.39088,34.78462],[128.39131,34.78632],[128.39022,34.78897],[128.38891,34.79029],[128.3855,34.79111],[128.38151,34.79309],[128.38318,34.79441],[128.38369,34.79689],[128.3826,34.79749],[128.37737,34.79557],[128.37744,34.79386],[128.37621,34.78924],[128.37468,34.78886],[128.37359,34.79073],[128.37367,34.79397],[128.37062,34.79496],[128.37011,34.79375],[128.36488,34.79524],[128.36372,34.7965],[128.36444,34.79749],[128.36909,34.8009],[128.37207,34.79997],[128.37163,34.80228],[128.37272,34.80294],[128.37446,34.80123],[128.37599,34.79843],[128.37831,34.79865],[128.37788,34.80211],[128.38071,34.8058],[128.37831,34.80739],[128.37613,34.80701],[128.37621,34.80866],[128.37773,34.81081],[128.38173,34.81119],[128.3794,34.8151],[128.37367,34.81735],[128.36945,34.8184],[128.36735,34.81845],[128.36437,34.82071],[128.36088,34.82219],[128.35733,34.82549],[128.35653,34.82428],[128.34912,34.82538],[128.34556,34.82538],[128.34193,34.82263],[128.34055,34.82065],[128.34026,34.81796],[128.33656,34.81719],[128.33496,34.81807],[128.3359,34.81977],[128.33097,34.82483],[128.32973,34.82962],[128.33155,34.82973],[128.33387,34.82725],[128.33576,34.82632],[128.33721,34.82753],[128.33619,34.8283],[128.33431,34.83325],[128.33307,34.83446],[128.33627,34.83303],[128.33656,34.83017],[128.33946,34.82808],[128.33975,34.82995],[128.33917,34.83809],[128.33714,34.84073],[128.33808,34.84266],[128.34186,34.84172],[128.34229,34.84024],[128.34171,34.83628],[128.34215,34.83468],[128.34455,34.83149],[128.34919,34.83523],[128.34745,34.83831],[128.34701,34.84024],[128.34868,34.84244],[128.35355,34.84271],[128.35457,34.84172],[128.35486,34.83886]]],[[[127.90383,34.8607],[127.90383,34.8607]]],[[[128.03272,34.92001],[128.03287,34.91665],[128.03134,34.91489],[128.02778,34.90642],[128.02459,34.90185],[128.01893,34.89756],[128.01508,34.89245],[128.01479,34.88617],[128.01362,34.88144],[128.01261,34.881],[128.0097,34.87451],[128.00985,34.8678],[128.01166,34.86587],[128.0158,34.86582],[128.02023,34.86351],[128.0243,34.86582],[128.02568,34.86775],[128.02248,34.87121],[128.02147,34.8804],[128.02183,34.88161],[128.03149,34.88926],[128.0296,34.89074],[128.0304,34.89256],[128.03388,34.89338],[128.03526,34.89718],[128.03788,34.89789],[128.03868,34.89641],[128.03839,34.89459],[128.03643,34.89305],[128.03882,34.89195],[128.04035,34.89267],[128.04122,34.8947],[128.04688,34.89707],[128.0479,34.8969],[128.04754,34.89421],[128.04347,34.89316],[128.04115,34.89338],[128.04071,34.88882],[128.04485,34.89025],[128.04725,34.89047],[128.05015,34.88717],[128.04645,34.88348],[128.04783,34.88199],[128.05001,34.88375],[128.05473,34.8848],[128.0585,34.88359],[128.05894,34.88172],[128.05785,34.87902],[128.05966,34.87825],[128.06032,34.87908],[128.06308,34.87875],[128.06417,34.87792],[128.06242,34.87523],[128.06308,34.87418],[128.06693,34.87435],[128.0646,34.87259],[128.06518,34.8705],[128.06664,34.86863],[128.06634,34.86593],[128.06431,34.86087],[128.06213,34.86103],[128.05741,34.85933],[128.05567,34.85729],[128.05327,34.85328],[128.05487,34.85185],[128.05857,34.85328],[128.06119,34.85548],[128.06308,34.85471],[128.05981,34.847],[128.06083,34.84464],[128.06351,34.84343],[128.06518,34.84376],[128.06722,34.84612],[128.0707,34.84475],[128.07361,34.84453],[128.07709,34.84326],[128.07695,34.84189],[128.07884,34.83853],[128.08167,34.83848],[128.08435,34.83688],[128.08523,34.8354],[128.08377,34.83402],[128.08399,34.83226],[128.08573,34.83067],[128.08682,34.82803],[128.08472,34.82896],[128.08247,34.82907],[128.07905,34.82797],[128.07767,34.82819],[128.07746,34.83039],[128.07818,34.83215],[128.07571,34.83457],[128.07056,34.83589],[128.06976,34.83529],[128.07019,34.83276],[128.06598,34.83061],[128.06373,34.83111],[128.06402,34.83243],[128.06242,34.83446],[128.05342,34.83864],[128.05109,34.83683],[128.04819,34.83595],[128.04587,34.83589],[128.04209,34.83991],[128.03621,34.84194],[128.03011,34.84447],[128.0259,34.84678],[128.02401,34.84728],[128.02219,34.8448],[128.02234,34.84233],[128.02379,34.8393],[128.02212,34.84007],[128.0211,34.84326],[128.01922,34.84326],[128.01834,34.84145],[128.019,34.83864],[128.01733,34.83787],[128.01384,34.83826],[128.00869,34.83738],[128.00375,34.83617],[128.0007,34.83595],[127.99445,34.83655],[127.9914,34.836],[127.98712,34.83666],[127.98276,34.83853],[127.97928,34.84112],[127.97535,34.84123],[127.97092,34.84211],[127.96925,34.84337],[127.97107,34.8453],[127.97063,34.84833],[127.9649,34.85251],[127.96424,34.85476],[127.96526,34.8579],[127.96156,34.86351],[127.96141,34.86769],[127.96207,34.86956],[127.96453,34.87215],[127.96686,34.87292],[127.97289,34.87792],[127.97739,34.87908],[127.97957,34.88232],[127.97775,34.8832],[127.97819,34.88529],[127.98182,34.8854],[127.98414,34.88832],[127.98538,34.8919],[127.98959,34.89371],[127.99082,34.89509],[127.99213,34.89888],[127.99046,34.90163],[127.99336,34.90378],[127.99612,34.90675],[127.99576,34.90956],[127.99641,34.91027],[127.99946,34.91071],[128.00317,34.91352],[128.00302,34.91539],[128.01181,34.91874],[128.01696,34.92001],[128.01747,34.92111],[128.02154,34.91946],[128.02582,34.92028],[128.02887,34.92182],[128.03083,34.92182],[128.03272,34.92001]]],[[[127.83135,34.93948],[127.83135,34.93948]]],[[[127.90383,34.8607],[127.906,34.85878],[127.91007,34.85256],[127.91043,34.85108],[127.91385,34.84904],[127.91428,34.8453],[127.91733,34.83611],[127.91719,34.83545],[127.92162,34.83501],[127.92409,34.83078],[127.92685,34.83072],[127.93077,34.83281],[127.93062,34.83342],[127.93527,34.83226],[127.94064,34.82775],[127.94188,34.82549],[127.94188,34.82197],[127.94101,34.81581],[127.94347,34.81345],[127.94362,34.81009],[127.94943,34.80789],[127.95393,34.80497],[127.9596,34.80552],[127.96185,34.80717],[127.96577,34.80861],[127.96359,34.8118],[127.95851,34.81372],[127.96548,34.81587],[127.97092,34.81609],[127.97826,34.82032],[127.97782,34.82197],[127.97514,34.82269],[127.97702,34.82566],[127.98153,34.82604],[127.98291,34.82659],[127.98973,34.83226],[127.99387,34.8321],[127.99852,34.83298],[128.0044,34.83204],[128.00789,34.83083],[128.01479,34.83078],[128.01675,34.83006],[128.01972,34.83023],[128.01849,34.83177],[128.01936,34.83287],[128.02764,34.83457],[128.03062,34.8343],[128.0328,34.82874],[128.03555,34.82593],[128.04144,34.8228],[128.04637,34.82362],[128.04935,34.82599],[128.05088,34.8261],[128.05139,34.8245],[128.05596,34.82153],[128.06039,34.82082],[128.06315,34.81873],[128.06627,34.8184],[128.06424,34.81719],[128.06329,34.81405],[128.06576,34.81273],[128.06308,34.80954],[128.06141,34.80563],[128.0625,34.80299],[128.06395,34.80178],[128.06286,34.7998],[128.06133,34.79969],[128.05865,34.80123],[128.05582,34.802],[128.05306,34.80085],[128.05175,34.79903],[128.05088,34.79584],[128.05102,34.79414],[128.05531,34.79221],[128.05778,34.79304],[128.05981,34.7954],[128.05821,34.79243],[128.05618,34.79062],[128.05625,34.78819],[128.05335,34.78511],[128.05284,34.78621],[128.05102,34.78517],[128.04906,34.78093],[128.04979,34.77422],[128.05117,34.77241],[128.0532,34.77136],[128.05458,34.76944],[128.05429,34.76437],[128.05371,34.76168],[128.05422,34.75552],[128.0569,34.75381],[128.05763,34.74968],[128.05647,34.74567],[128.05226,34.7438],[128.04935,34.74319],[128.04899,34.74033],[128.05088,34.73984],[128.04637,34.73879],[128.04434,34.73885],[128.04165,34.73786],[128.03548,34.73148],[128.03468,34.72938],[128.03396,34.72328],[128.03483,34.72141],[128.03911,34.71888],[128.04107,34.7186],[128.04485,34.71651],[128.04463,34.71415],[128.04667,34.71343],[128.0487,34.71481],[128.05342,34.71497],[128.05545,34.71387],[128.06039,34.70958],[128.05683,34.70831],[128.05545,34.71096],[128.05393,34.71184],[128.0532,34.70804],[128.04913,34.70628],[128.04797,34.70837],[128.04659,34.70848],[128.04267,34.70655],[128.04543,34.70386],[128.04434,34.70226],[128.03708,34.70248],[128.0357,34.70342],[128.0349,34.706],[128.03722,34.70584],[128.03664,34.70738],[128.02982,34.70853],[128.0267,34.70694],[128.0259,34.70512],[128.02778,34.70391],[128.02735,34.70281],[128.02495,34.70182],[128.02052,34.70215],[128.01914,34.7027],[128.02089,34.70908],[128.02619,34.71772],[128.02495,34.72014],[128.02067,34.72289],[128.01551,34.72416],[128.01217,34.72366],[128.00774,34.72141],[128.00694,34.71965],[128.01115,34.71613],[128.00796,34.71173],[128.00709,34.71112],[128.00382,34.71277],[128.00455,34.71431],[128.00142,34.71651],[127.99896,34.71712],[127.99685,34.71629],[127.99532,34.71475],[127.99286,34.71404],[127.99133,34.7169],[127.99227,34.71948],[127.98973,34.72042],[127.98545,34.71948],[127.98363,34.71827],[127.9853,34.71343],[127.98712,34.71294],[127.98777,34.71151],[127.98436,34.70925],[127.98029,34.70969],[127.97862,34.71151],[127.9739,34.71079],[127.971,34.71107],[127.96875,34.71299],[127.96642,34.71013],[127.96519,34.70963],[127.9588,34.70875],[127.95713,34.70936],[127.95386,34.71316],[127.95299,34.71508],[127.95459,34.71756],[127.95807,34.7169],[127.95894,34.71783],[127.95655,34.72003],[127.95691,34.72168],[127.95567,34.72295],[127.95066,34.72449],[127.94965,34.72674],[127.95197,34.72773],[127.95459,34.73098],[127.95321,34.73153],[127.9495,34.72971],[127.94812,34.72993],[127.94638,34.73351],[127.94623,34.73692],[127.94761,34.73973],[127.94485,34.74457],[127.94413,34.74693],[127.94587,34.75013],[127.9458,34.75244],[127.94652,34.75854],[127.94776,34.75975],[127.94819,34.76531],[127.95197,34.77037],[127.95451,34.77268],[127.95219,34.77648],[127.94899,34.77758],[127.94384,34.77802],[127.93861,34.77549],[127.9328,34.77604],[127.92757,34.77549],[127.92452,34.77351],[127.91966,34.77219],[127.91799,34.76883],[127.91668,34.76921],[127.90927,34.76883],[127.9055,34.76679],[127.9031,34.76465],[127.90274,34.76311],[127.90579,34.75992],[127.90637,34.757],[127.90513,34.75403],[127.90746,34.75062],[127.91029,34.75018],[127.91051,34.74941],[127.90934,34.74396],[127.91298,34.74039],[127.91239,34.73632],[127.90985,34.73197],[127.90608,34.72773],[127.89794,34.72636],[127.89184,34.72399],[127.89133,34.72179],[127.88553,34.72267],[127.87776,34.72526],[127.875,34.72751],[127.87028,34.72773],[127.86839,34.72713],[127.8572,34.72845],[127.86214,34.73126],[127.86178,34.73439],[127.8588,34.73659],[127.85677,34.73676],[127.85597,34.73522],[127.85277,34.73571],[127.85118,34.73824],[127.85561,34.74077],[127.85553,34.74396],[127.85343,34.74759],[127.84972,34.75002],[127.84849,34.75007],[127.84559,34.74732],[127.83767,34.7493],[127.83629,34.75084],[127.83542,34.75601],[127.83782,34.75755],[127.84188,34.75744],[127.8437,34.76261],[127.84348,34.76371],[127.84094,34.76718],[127.84537,34.768],[127.85038,34.76789],[127.85234,34.7691],[127.85023,34.77411],[127.85779,34.77604],[127.85481,34.77637],[127.85248,34.77521],[127.84907,34.77532],[127.84784,34.7789],[127.85045,34.78159],[127.85372,34.7817],[127.85394,34.78231],[127.85052,34.78242],[127.84733,34.77917],[127.8445,34.77895],[127.84566,34.78242],[127.84697,34.78462],[127.84515,34.78737],[127.84384,34.78808],[127.83905,34.78924],[127.83644,34.79166],[127.8344,34.79584],[127.83665,34.79909],[127.83498,34.8031],[127.83201,34.8042],[127.83121,34.80745],[127.83346,34.80839],[127.83288,34.81114],[127.83084,34.81004],[127.82816,34.81075],[127.82736,34.81273],[127.82816,34.8157],[127.82779,34.81713],[127.82612,34.81856],[127.82336,34.81944],[127.82119,34.82302],[127.81821,34.82681],[127.81574,34.83127],[127.81327,34.83391],[127.81167,34.83996],[127.81247,34.84106],[127.81269,34.84673],[127.81225,34.84833],[127.80768,34.85333],[127.81182,34.85405],[127.81029,34.85696],[127.81022,34.85944],[127.81109,34.86164],[127.81356,34.86164],[127.81494,34.86246],[127.8185,34.86813],[127.81777,34.8705],[127.81785,34.87457],[127.81922,34.87583],[127.82104,34.87616],[127.82286,34.87407],[127.82598,34.87341],[127.82729,34.87385],[127.82845,34.87578],[127.83012,34.88051],[127.82562,34.88265],[127.83034,34.88568],[127.8299,34.8875],[127.83186,34.88827],[127.83324,34.8903],[127.8331,34.89278],[127.8275,34.89305],[127.82395,34.89415],[127.82402,34.89613],[127.82576,34.89415],[127.82881,34.8941],[127.83113,34.89542],[127.83063,34.89701],[127.82808,34.90114],[127.82576,34.89943],[127.82532,34.90191],[127.82837,34.90361],[127.83084,34.90026],[127.83571,34.89839],[127.84188,34.89811],[127.84341,34.89932],[127.84043,34.90306],[127.84166,34.90675],[127.84333,34.90587],[127.8445,34.90163],[127.84733,34.90097],[127.8506,34.90268],[127.85728,34.90273],[127.86214,34.90141],[127.86432,34.90378],[127.8633,34.90537],[127.85931,34.90818],[127.85633,34.9111],[127.85437,34.91005],[127.85198,34.90978],[127.85169,34.91082],[127.85684,34.91269],[127.85314,34.91561],[127.85154,34.91588],[127.85307,34.92078],[127.85415,34.92215],[127.8588,34.92122],[127.85924,34.92276],[127.85837,34.92424],[127.85423,34.92755],[127.86054,34.92782],[127.86025,34.93008],[127.86577,34.93118],[127.8649,34.93387],[127.86534,34.93668],[127.87064,34.94196],[127.87333,34.94102],[127.8832,34.94421],[127.88959,34.9457],[127.89119,34.94686],[127.8946,34.94691],[127.89707,34.94399],[127.89881,34.94278],[127.90274,34.94124],[127.90542,34.94119],[127.90731,34.94311],[127.90898,34.94119],[127.90818,34.93904],[127.9108,34.93844],[127.91334,34.94146],[127.91537,34.94047],[127.91581,34.9386],[127.91813,34.93937],[127.91842,34.94229],[127.92314,34.94179],[127.92554,34.94064],[127.92576,34.9397],[127.92271,34.93695],[127.92082,34.93371],[127.92183,34.93217],[127.92743,34.92892],[127.93026,34.92579],[127.92939,34.92457],[127.92612,34.92788],[127.92372,34.92722],[127.92459,34.9249],[127.92438,34.92017],[127.92634,34.91957],[127.92881,34.91764],[127.92917,34.91528],[127.92663,34.9117],[127.92474,34.91049],[127.92786,34.90686],[127.92438,34.90438],[127.92176,34.90059],[127.9238,34.89663],[127.92539,34.89162],[127.92365,34.89118],[127.92016,34.89223],[127.91363,34.88893],[127.90985,34.88628],[127.90942,34.88364],[127.90673,34.88331],[127.90412,34.88507],[127.90121,34.88386],[127.90078,34.88183],[127.90128,34.87803],[127.89838,34.87539],[127.89831,34.87121],[127.90165,34.86433],[127.90383,34.8607]]],[[[128.02176,35.0307],[128.02176,35.0307]]],[[[128.67365,34.78665],[128.67292,34.78517],[128.67075,34.78401],[128.67002,34.78071],[128.66515,34.77989],[128.6624,34.77604],[128.65789,34.77422],[128.65535,34.77538],[128.65484,34.77653],[128.65128,34.77857],[128.64867,34.77906],[128.64606,34.77846],[128.64272,34.77609],[128.6401,34.77219],[128.63836,34.768],[128.63785,34.7652],[128.638,34.76184],[128.63945,34.7597],[128.6417,34.75827],[128.64395,34.75585],[128.64489,34.75348],[128.64671,34.75332],[128.64947,34.7504],[128.64678,34.74765],[128.64729,34.746],[128.65252,34.74231],[128.65724,34.74231],[128.65993,34.74281],[128.66225,34.74193],[128.66269,34.74484],[128.66871,34.74545],[128.67104,34.74391],[128.67568,34.74429],[128.6775,34.74209],[128.68099,34.74017],[128.68135,34.7383],[128.68309,34.73797],[128.68222,34.73654],[128.68004,34.73659],[128.67764,34.73813],[128.67539,34.73582],[128.67627,34.73313],[128.67656,34.73004],[128.67518,34.72839],[128.67133,34.73098],[128.67198,34.73351],[128.67082,34.73445],[128.67249,34.73797],[128.67162,34.73907],[128.66944,34.73868],[128.66893,34.7372],[128.6669,34.73549],[128.66414,34.73676],[128.66196,34.73912],[128.65818,34.7378],[128.65521,34.73984],[128.65223,34.73907],[128.65281,34.73692],[128.65143,34.73412],[128.64526,34.73467],[128.64199,34.73582],[128.63872,34.73571],[128.63567,34.73362],[128.62921,34.73126],[128.62797,34.73269],[128.6303,34.73318],[128.63044,34.73533],[128.62739,34.73698],[128.62463,34.73373],[128.62166,34.73296],[128.62006,34.73115],[128.62195,34.72806],[128.62333,34.72916],[128.62507,34.72911],[128.62696,34.72707],[128.62928,34.72278],[128.6303,34.71998],[128.63291,34.71833],[128.63625,34.71827],[128.64184,34.71486],[128.64192,34.71294],[128.63901,34.7114],[128.63923,34.70941],[128.6372,34.70754],[128.63182,34.7093],[128.62783,34.71343],[128.62521,34.7136],[128.62057,34.71167],[128.62035,34.70903],[128.61839,34.70578],[128.61636,34.70584],[128.61026,34.70182],[128.60691,34.70193],[128.60176,34.7032],[128.59914,34.70435],[128.59791,34.70743],[128.59595,34.7082],[128.58985,34.70859],[128.58462,34.7071],[128.58143,34.70358],[128.58128,34.70276],[128.57801,34.70237],[128.57671,34.70281],[128.57634,34.70749],[128.57852,34.70919],[128.57896,34.71497],[128.58135,34.71646],[128.58571,34.71503],[128.58803,34.71723],[128.58767,34.71987],[128.58549,34.72042],[128.58477,34.72262],[128.58564,34.72306],[128.59442,34.72339],[128.60263,34.7263],[128.60459,34.72757],[128.60742,34.73181],[128.60655,34.73483],[128.60495,34.73582],[128.60009,34.73703],[128.59747,34.73527],[128.59399,34.73676],[128.59029,34.73775],[128.58811,34.73698],[128.58557,34.7372],[128.5836,34.73918],[128.57859,34.73973],[128.57663,34.73813],[128.57569,34.73984],[128.57707,34.74176],[128.57736,34.74765],[128.57671,34.74809],[128.57816,34.75304],[128.58215,34.7564],[128.58063,34.75997],[128.57903,34.76135],[128.57983,34.76239],[128.58506,34.76437],[128.58498,34.76261],[128.58731,34.76146],[128.59058,34.76371],[128.59936,34.76283],[128.60103,34.76399],[128.60154,34.76657],[128.5982,34.76822],[128.59159,34.77065],[128.59806,34.77615],[128.5974,34.77758],[128.59479,34.77851],[128.59239,34.77769],[128.59072,34.7762],[128.58506,34.77637],[128.58237,34.77571],[128.57823,34.77824],[128.57453,34.77824],[128.57424,34.77554],[128.57278,34.77472],[128.56785,34.77362],[128.56705,34.77285],[128.56748,34.77043],[128.56378,34.76624],[128.56298,34.76597],[128.55543,34.76652],[128.55369,34.7674],[128.55274,34.76933],[128.55231,34.77411],[128.55289,34.77598],[128.55703,34.77895],[128.56087,34.77802],[128.56567,34.78335],[128.56828,34.78412],[128.56908,34.78539],[128.56676,34.78781],[128.55884,34.78996],[128.55637,34.78935],[128.55521,34.78792],[128.55434,34.78418],[128.55274,34.78275],[128.55013,34.78165],[128.54562,34.77835],[128.54446,34.77571],[128.54236,34.7756],[128.5412,34.77752],[128.5417,34.78104],[128.54272,34.7828],[128.54446,34.78313],[128.54381,34.78583],[128.5409,34.78544],[128.53865,34.7872],[128.5404,34.78836],[128.54272,34.78852],[128.54621,34.78781],[128.54998,34.79023],[128.55064,34.79414],[128.55383,34.79408],[128.55376,34.79188],[128.55594,34.79023],[128.56262,34.79056],[128.56872,34.79309],[128.5775,34.79353],[128.5799,34.7943],[128.58426,34.79799],[128.58535,34.80156],[128.58484,34.80437],[128.58527,34.80706],[128.58658,34.81042],[128.58571,34.81317],[128.58462,34.81416],[128.58469,34.81785],[128.58673,34.82005],[128.58905,34.8212],[128.59457,34.82593],[128.59544,34.82742],[128.59457,34.82918],[128.59254,34.82825],[128.58985,34.83078],[128.58687,34.8316],[128.58498,34.83369],[128.58651,34.83501],[128.58636,34.83644],[128.58477,34.83886],[128.58114,34.83974],[128.57947,34.84079],[128.57859,34.84321],[128.58135,34.84425],[128.58317,34.8431],[128.58324,34.84161],[128.58738,34.84095],[128.58898,34.84645],[128.58622,34.84915],[128.58273,34.84987],[128.57823,34.8535],[128.57322,34.85432],[128.57061,34.85185],[128.57046,34.85091],[128.56734,34.84629],[128.56451,34.84552],[128.56247,34.84288],[128.56284,34.84002],[128.56429,34.8349],[128.56378,34.83298],[128.56117,34.83259],[128.55572,34.83287],[128.54976,34.83369],[128.5433,34.83375],[128.54032,34.83589],[128.53756,34.83364],[128.53923,34.83166],[128.53785,34.82951],[128.53582,34.8294],[128.53277,34.83149],[128.53343,34.83336],[128.5295,34.8338],[128.52413,34.83254],[128.52348,34.83116],[128.52638,34.83094],[128.52769,34.8294],[128.52667,34.8283],[128.52115,34.82703],[128.52304,34.82577],[128.52725,34.82527],[128.52827,34.82137],[128.52246,34.82401],[128.51919,34.8223],[128.52406,34.81708],[128.52072,34.81257],[128.51767,34.81114],[128.51629,34.80827],[128.5107,34.80894],[128.50953,34.81185],[128.50924,34.81768],[128.50372,34.82186],[128.50205,34.82241],[128.50089,34.8239],[128.50104,34.82703],[128.50234,34.82792],[128.50227,34.83061],[128.50147,34.83298],[128.50474,34.8354],[128.50438,34.83578],[128.49791,34.83347],[128.49457,34.83468],[128.4929,34.83661],[128.48521,34.83952],[128.48237,34.84007],[128.48099,34.84189],[128.48172,34.84376],[128.48041,34.84678],[128.47824,34.84871],[128.47918,34.85201],[128.48085,34.85229],[128.48099,34.85504],[128.4762,34.85498],[128.47497,34.85894],[128.47562,34.86296],[128.47591,34.86824],[128.47395,34.86945],[128.47264,34.87209],[128.47337,34.87633],[128.47606,34.881],[128.47657,34.88386],[128.48426,34.88827],[128.4855,34.89052],[128.49073,34.89564],[128.49189,34.90064],[128.49305,34.90158],[128.49552,34.90059],[128.49639,34.89888],[128.49886,34.89954],[128.50227,34.90251],[128.49799,34.90312],[128.49661,34.90466],[128.49748,34.90725],[128.49944,34.90576],[128.503,34.90422],[128.50532,34.90416],[128.50663,34.90532],[128.50503,34.90708],[128.50227,34.90862],[128.50009,34.91088],[128.50176,34.91115],[128.50416,34.91005],[128.50692,34.90714],[128.5099,34.90758],[128.51578,34.90967],[128.51926,34.91561],[128.52398,34.92105],[128.52733,34.92353],[128.52856,34.92171],[128.53277,34.92012],[128.53517,34.92226],[128.53844,34.92116],[128.5372,34.91874],[128.54047,34.91632],[128.54308,34.91352],[128.54388,34.91088],[128.54962,34.90692],[128.55557,34.90537],[128.55717,34.90565],[128.56015,34.90334],[128.56029,34.90169],[128.56538,34.89921],[128.56879,34.89844],[128.57366,34.89927],[128.57634,34.90158],[128.57634,34.90378],[128.57373,34.90626],[128.57264,34.90653],[128.5722,34.9089],[128.5754,34.90972],[128.58172,34.91286],[128.57772,34.9139],[128.577,34.91764],[128.57794,34.91775],[128.57867,34.91335],[128.5823,34.91368],[128.58368,34.9144],[128.58825,34.915],[128.58956,34.90637],[128.59101,34.9057],[128.59617,34.90637],[128.59501,34.91357],[128.5953,34.91363],[128.59718,34.90257],[128.60111,34.90306],[128.59907,34.91385],[128.59936,34.91385],[128.60125,34.90306],[128.60488,34.9035],[128.60554,34.90697],[128.6075,34.90681],[128.60619,34.89872],[128.60786,34.89756],[128.60902,34.90218],[128.61193,34.90185],[128.61439,34.89872],[128.61483,34.89459],[128.61795,34.89113],[128.62398,34.89206],[128.62478,34.89289],[128.62572,34.8985],[128.62086,34.90378],[128.61803,34.90637],[128.6165,34.90923],[128.6173,34.91214],[128.61708,34.91374],[128.61519,34.91594],[128.61178,34.91352],[128.60931,34.91357],[128.60815,34.91489],[128.60888,34.91885],[128.61113,34.92078],[128.61134,34.92314],[128.60924,34.92435],[128.60844,34.92386],[128.60357,34.92479],[128.60045,34.92837],[128.60118,34.92925],[128.60031,34.93151],[128.59762,34.93019],[128.59232,34.93514],[128.59319,34.93591],[128.59246,34.93838],[128.58796,34.9413],[128.586,34.943],[128.58593,34.94675],[128.58724,34.94713],[128.58891,34.95093],[128.58803,34.95258],[128.59181,34.95142],[128.59312,34.94911],[128.59646,34.95065],[128.599,34.95368],[128.60045,34.95802],[128.60016,34.95978],[128.59849,34.96187],[128.59791,34.96573],[128.5998,34.96787],[128.60626,34.96996],[128.60757,34.96914],[128.61055,34.96567],[128.60888,34.96496],[128.60466,34.9589],[128.6051,34.95791],[128.60909,34.95808],[128.612,34.96061],[128.61737,34.96319],[128.61926,34.96121],[128.62035,34.96127],[128.62275,34.96314],[128.62478,34.96385],[128.6287,34.96253],[128.63131,34.96116],[128.63422,34.96242],[128.63349,34.9649],[128.63139,34.96573],[128.63248,34.96694],[128.63495,34.96589],[128.63516,34.96413],[128.6425,34.9589],[128.64475,34.95846],[128.64722,34.96006],[128.64918,34.95846],[128.6494,34.95731],[128.65136,34.9616],[128.64773,34.96242],[128.64707,34.96319],[128.64715,34.96595],[128.64932,34.96941],[128.65056,34.97959],[128.6531,34.9797],[128.65535,34.97849],[128.65789,34.97942],[128.65964,34.9814],[128.65949,34.98239],[128.65564,34.98327],[128.65419,34.98278],[128.65339,34.98427],[128.65361,34.98768],[128.65521,34.99032],[128.65913,34.98999],[128.66363,34.99043],[128.66624,34.98795],[128.66719,34.99015],[128.66457,34.99224],[128.65978,34.994],[128.65927,34.99692],[128.65978,34.99774],[128.66385,34.99763],[128.66465,34.99604],[128.66682,34.9956],[128.66908,34.99813],[128.6714,34.99868],[128.67474,34.99362],[128.67423,34.98839],[128.6791,34.98724],[128.68149,34.98982],[128.68113,34.99208],[128.67859,34.99664],[128.67474,34.9973],[128.67314,34.99912],[128.67358,35.00115],[128.67815,35.00137],[128.68011,35.00033],[128.68244,35.00203],[128.68178,35.00704],[128.68004,35.00875],[128.67779,35.00589],[128.67583,35.00435],[128.6677,35.00682],[128.66784,35.011],[128.67111,35.0121],[128.67169,35.01667],[128.67089,35.01854],[128.6722,35.02162],[128.67597,35.02156],[128.67547,35.02299],[128.67489,35.03064],[128.67576,35.03218],[128.67779,35.03328],[128.67932,35.03257],[128.6828,35.03229],[128.68476,35.034],[128.68454,35.03576],[128.6804,35.0379],[128.67946,35.03752],[128.67627,35.03862],[128.67496,35.04032],[128.67873,35.04076],[128.68113,35.03911],[128.68309,35.03977],[128.68607,35.03884],[128.68774,35.03658],[128.6897,35.03224],[128.69355,35.03048],[128.6966,35.03048],[128.69965,35.03158],[128.69994,35.03444],[128.69936,35.03675],[128.70168,35.03515],[128.70342,35.03301],[128.70575,35.03163],[128.70923,35.03218],[128.71236,35.03152],[128.71453,35.02784],[128.71795,35.02459],[128.71933,35.02404],[128.71998,35.0192],[128.71926,35.01568],[128.71708,35.01161],[128.71788,35.0099],[128.71417,35.00754],[128.71148,35.00655],[128.71011,35.00836],[128.70785,35.00941],[128.70517,35.00869],[128.70284,35.00715],[128.70168,35.0055],[128.7011,35.00258],[128.7019,35.00104],[128.70401,35.00154],[128.70669,35.00082],[128.70735,34.99736],[128.70655,34.9962],[128.70328,34.99758],[128.69427,34.99774],[128.69289,34.99571],[128.69456,34.99098],[128.69703,34.99004],[128.69827,34.99191],[128.69987,34.9923],[128.70096,34.99081],[128.69769,34.98559],[128.69834,34.98498],[128.69754,34.98201],[128.69507,34.98052],[128.69515,34.97711],[128.6966,34.97326],[128.6982,34.97123],[128.69979,34.97068],[128.70299,34.97161],[128.70415,34.97084],[128.70582,34.96705],[128.70865,34.96457],[128.71584,34.96446],[128.71758,34.96308],[128.71788,34.96083],[128.71599,34.96088],[128.71497,34.95769],[128.7194,34.95082],[128.72615,34.94796],[128.7271,34.94609],[128.72623,34.94135],[128.72703,34.93893],[128.72536,34.9369],[128.72303,34.93712],[128.72274,34.9386],[128.72013,34.94141],[128.71809,34.94108],[128.7149,34.93607],[128.71599,34.93503],[128.71918,34.93431],[128.71984,34.93321],[128.717,34.92953],[128.71969,34.92859],[128.71904,34.92584],[128.71766,34.9254],[128.71773,34.92188],[128.72063,34.91781],[128.72325,34.91814],[128.7239,34.91511],[128.72332,34.9133],[128.71998,34.90945],[128.71846,34.90972],[128.71693,34.91203],[128.71381,34.91297],[128.71141,34.91209],[128.7104,34.91038],[128.71185,34.90945],[128.71352,34.90592],[128.71279,34.90444],[128.71439,34.90312],[128.71606,34.90306],[128.71751,34.90108],[128.71533,34.90064],[128.7133,34.89932],[128.71127,34.89982],[128.70793,34.8996],[128.70488,34.89608],[128.70386,34.89322],[128.70437,34.89118],[128.7027,34.89184],[128.70023,34.88959],[128.69914,34.89124],[128.69667,34.89129],[128.69609,34.88953],[128.69798,34.88529],[128.69551,34.88062],[128.69515,34.87864],[128.69805,34.88364],[128.70168,34.88623],[128.69703,34.8815],[128.69645,34.88018],[128.70001,34.87858],[128.69791,34.87616],[128.69878,34.87418],[128.70742,34.88144],[128.70793,34.881],[128.70662,34.87814],[128.70902,34.87655],[128.70524,34.8727],[128.70604,34.87154],[128.70981,34.8689],[128.71809,34.87748],[128.71693,34.87979],[128.72093,34.88447],[128.72427,34.88733],[128.72978,34.88871],[128.73138,34.89091],[128.73429,34.89041],[128.73625,34.88551],[128.73995,34.88485],[128.74148,34.8875],[128.74533,34.89091],[128.74794,34.89168],[128.75034,34.8947],[128.7523,34.89531],[128.75215,34.89294],[128.74823,34.88805],[128.74525,34.88684],[128.74031,34.87985],[128.73864,34.87869],[128.73973,34.87655],[128.74148,34.87545],[128.74358,34.87154],[128.74387,34.86824],[128.74017,34.8651],[128.73654,34.86439],[128.73327,34.86208],[128.72884,34.86274],[128.73015,34.86428],[128.72935,34.8672],[128.72477,34.86692],[128.72376,34.86433],[128.72906,34.85872],[128.72833,34.85586],[128.72978,34.85284],[128.73269,34.85251],[128.73436,34.8508],[128.73625,34.84552],[128.73429,34.84255],[128.73254,34.84299],[128.7263,34.84117],[128.72499,34.84156],[128.72034,34.84937],[128.71606,34.84932],[128.70931,34.84596],[128.70851,34.84458],[128.70292,34.84216],[128.70183,34.83892],[128.70292,34.83259],[128.70459,34.83078],[128.70727,34.82896],[128.7104,34.82841],[128.71642,34.83573],[128.71846,34.83694],[128.71896,34.83562],[128.72325,34.83364],[128.72521,34.83166],[128.72615,34.82797],[128.72565,34.82698],[128.72274,34.8256],[128.7202,34.82582],[128.71896,34.82516],[128.71838,34.82329],[128.71955,34.82192],[128.72136,34.82186],[128.72238,34.8168],[128.7218,34.81405],[128.72615,34.81152],[128.72804,34.81152],[128.72935,34.80965],[128.73509,34.79975],[128.73632,34.79958],[128.7377,34.79722],[128.73654,34.79634],[128.73981,34.79243],[128.74053,34.79062],[128.73988,34.78693],[128.73748,34.78583],[128.73596,34.78638],[128.73538,34.78814],[128.73073,34.79238],[128.72775,34.79337],[128.72579,34.79232],[128.72027,34.79238],[128.71512,34.79403],[128.70996,34.7948],[128.70945,34.79612],[128.7104,34.79854],[128.71359,34.79898],[128.71533,34.80063],[128.71512,34.80255],[128.71366,34.80464],[128.7125,34.80503],[128.70952,34.81235],[128.7056,34.81284],[128.70299,34.81031],[128.69682,34.80739],[128.69536,34.80475],[128.69863,34.80283],[128.69907,34.79804],[128.69558,34.79683],[128.69043,34.797],[128.68832,34.79782],[128.68876,34.80013],[128.69086,34.80096],[128.69348,34.80525],[128.69202,34.80783],[128.69014,34.80888],[128.67968,34.81202],[128.67387,34.814],[128.67053,34.81361],[128.66719,34.81196],[128.66617,34.81042],[128.66813,34.80657],[128.66929,34.80596],[128.66748,34.80481],[128.66632,34.8003],[128.66828,34.79848],[128.66828,34.79722],[128.66632,34.79425],[128.66632,34.79276],[128.66762,34.79073],[128.67096,34.78946],[128.67365,34.78665]]],[[[128.4611,35.08967],[128.4611,35.08967],[128.4611,35.08967]]],[[[128.4611,35.08967],[128.46139,35.0889],[128.46531,35.08566],[128.47359,35.08285],[128.47911,35.08169],[128.47976,35.08026],[128.47925,35.07839],[128.4762,35.07586],[128.47279,35.07614],[128.47286,35.07773],[128.47097,35.08136],[128.46836,35.08164],[128.4656,35.07966],[128.46509,35.0785],[128.46487,35.07416],[128.46168,35.07179],[128.46023,35.07168],[128.45718,35.07322],[128.45311,35.07405],[128.44628,35.07168],[128.4441,35.07218],[128.43938,35.07234],[128.44047,35.06959],[128.43895,35.06679],[128.43561,35.06525],[128.43394,35.06112],[128.43198,35.0576],[128.42718,35.05507],[128.42392,35.05705],[128.42181,35.05705],[128.41949,35.05485],[128.41535,35.05512],[128.41469,35.05655],[128.41731,35.05996],[128.41593,35.06167],[128.4123,35.06194],[128.41114,35.06145],[128.40809,35.05848],[128.40286,35.05793],[128.39981,35.05485],[128.3961,35.05265],[128.39102,35.0521],[128.38347,35.05023],[128.38441,35.04814],[128.38354,35.04621],[128.38093,35.04698],[128.38216,35.04803],[128.38122,35.04891],[128.37555,35.04973],[128.37337,35.04957],[128.37381,35.04511],[128.37141,35.04445],[128.36713,35.04693],[128.36546,35.04847],[128.3643,35.04687],[128.36953,35.04396],[128.37599,35.03922],[128.37926,35.03972],[128.38056,35.03922],[128.38223,35.03592],[128.38173,35.03499],[128.37475,35.02998],[128.3725,35.03152],[128.36945,35.03136],[128.36953,35.0285],[128.3712,35.02564],[128.37504,35.02437],[128.37374,35.022],[128.37156,35.02399],[128.3688,35.02338],[128.36648,35.02184],[128.36677,35.01848],[128.36916,35.01601],[128.37279,35.01518],[128.37555,35.0154],[128.38245,35.01865],[128.38594,35.01804],[128.38891,35.01694],[128.38891,35.01947],[128.38804,35.02476],[128.38906,35.02822],[128.38913,35.03257],[128.38296,35.03427],[128.38325,35.03521],[128.38906,35.03306],[128.39029,35.03466],[128.39683,35.03878],[128.40257,35.0412],[128.40932,35.04319],[128.41615,35.04319],[128.41811,35.04263],[128.42167,35.045],[128.42501,35.0455],[128.4282,35.04473],[128.43278,35.04737],[128.43466,35.04726],[128.43735,35.04561],[128.43968,35.0477],[128.43909,35.04957],[128.44258,35.05061],[128.44577,35.05067],[128.45042,35.05155],[128.44875,35.05364],[128.44599,35.05413],[128.44243,35.06029],[128.44272,35.06189],[128.44519,35.06701],[128.45013,35.07047],[128.4526,35.0713],[128.45587,35.06948],[128.4587,35.06354],[128.46023,35.06316],[128.46698,35.06684],[128.46872,35.06855],[128.46763,35.07509],[128.46901,35.07559],[128.47148,35.07383],[128.47657,35.06915],[128.47867,35.06613],[128.48136,35.06602],[128.48245,35.06354],[128.48092,35.06376],[128.47954,35.06272],[128.47874,35.05903],[128.47511,35.05501],[128.47598,35.05364],[128.48136,35.05386],[128.48208,35.05243],[128.47947,35.04709],[128.47896,35.04693],[128.47003,35.04814],[128.4685,35.04946],[128.46168,35.04962],[128.45921,35.0483],[128.45906,35.04676],[128.46248,35.04352],[128.46669,35.04269],[128.46988,35.04148],[128.47177,35.03966],[128.47097,35.03713],[128.47373,35.03455],[128.47497,35.03697],[128.47504,35.04131],[128.47649,35.04214],[128.47903,35.04153],[128.48557,35.03867],[128.48637,35.03779],[128.48499,35.03433],[128.48179,35.03092],[128.4815,35.02828],[128.48826,35.02492],[128.49051,35.02333],[128.49632,35.02272],[128.50046,35.02074],[128.50162,35.01579],[128.50126,35.01364],[128.50017,35.01276],[128.49523,35.01205],[128.49581,35.00974],[128.49305,35.00589],[128.49116,35.00539],[128.48855,35.00875],[128.48702,35.01155],[128.48521,35.01216],[128.48332,35.01034],[128.4831,35.00842],[128.4839,35.00655],[128.48063,35.00396],[128.48346,35.00104],[128.48208,34.99939],[128.47671,34.99868],[128.47598,34.99752],[128.47867,34.99615],[128.47831,34.99301],[128.47279,34.99417],[128.4693,34.9962],[128.46807,34.99769],[128.46437,34.99796],[128.46451,34.99725],[128.47047,34.99021],[128.46676,34.98812],[128.46364,34.98795],[128.45754,34.99169],[128.45514,34.99109],[128.44715,34.99241],[128.43692,34.99477],[128.42915,34.99334],[128.42675,34.99318],[128.42116,34.99411],[128.41782,34.99604],[128.41448,34.99686],[128.40736,34.99406],[128.40751,34.98867],[128.4062,34.98608],[128.40961,34.98349],[128.41295,34.98564],[128.41782,34.9868],[128.42486,34.98559],[128.43445,34.98504],[128.43663,34.98327],[128.44142,34.98195],[128.44367,34.97766],[128.44309,34.97326],[128.44098,34.97062],[128.44381,34.96848],[128.43706,34.96209],[128.43132,34.95698],[128.42907,34.95692],[128.42915,34.94999],[128.43023,34.94515],[128.4274,34.94278],[128.42537,34.94201],[128.42501,34.9397],[128.42798,34.93574],[128.4335,34.93129],[128.43604,34.93151],[128.43445,34.9303],[128.42842,34.92832],[128.42864,34.92551],[128.4298,34.92111],[128.42965,34.91792],[128.42856,34.91401],[128.42726,34.91654],[128.42551,34.91643],[128.42065,34.91363],[128.41811,34.91126],[128.41818,34.90802],[128.42079,34.90444],[128.42275,34.904],[128.42384,34.90499],[128.4258,34.90394],[128.42421,34.90196],[128.42203,34.90185],[128.42167,34.89949],[128.41876,34.89333],[128.4184,34.89151],[128.41949,34.8892],[128.42319,34.88447],[128.42355,34.88348],[128.42181,34.87506],[128.42101,34.87385],[128.42232,34.8722],[128.42501,34.87292],[128.42951,34.87677],[128.43031,34.87627],[128.43256,34.87726],[128.43452,34.88117],[128.43452,34.88441],[128.43161,34.88419],[128.43067,34.88678],[128.43205,34.88838],[128.43394,34.88777],[128.4412,34.88865],[128.44505,34.88832],[128.4457,34.88898],[128.44345,34.89047],[128.44171,34.89047],[128.43888,34.893],[128.4444,34.90009],[128.44817,34.90196],[128.45115,34.90218],[128.45144,34.9029],[128.44926,34.90554],[128.44599,34.90587],[128.44338,34.91016],[128.44105,34.91038],[128.43837,34.91187],[128.4404,34.91335],[128.44672,34.91385],[128.44948,34.91506],[128.4526,34.91478],[128.45347,34.91313],[128.45238,34.91033],[128.4603,34.90515],[128.46001,34.90389],[128.45827,34.90372],[128.45434,34.90174],[128.45398,34.90064],[128.45928,34.89817],[128.46001,34.89971],[128.46226,34.90015],[128.46524,34.89883],[128.46574,34.89586],[128.46378,34.89487],[128.46473,34.89278],[128.46676,34.89129],[128.47112,34.89173],[128.47315,34.89399],[128.47548,34.89014],[128.47489,34.88948],[128.47032,34.88865],[128.46865,34.88755],[128.47097,34.88485],[128.47047,34.88348],[128.46872,34.88249],[128.46676,34.87721],[128.46662,34.87462],[128.46792,34.87231],[128.46633,34.8711],[128.46219,34.87127],[128.46037,34.87303],[128.46095,34.87418],[128.46066,34.87979],[128.45986,34.88122],[128.45739,34.88254],[128.45551,34.88205],[128.45587,34.87913],[128.45529,34.87457],[128.45347,34.87501],[128.45187,34.87396],[128.45318,34.87154],[128.45507,34.87055],[128.45652,34.86549],[128.45601,34.86455],[128.45369,34.86444],[128.45166,34.86582],[128.45028,34.86808],[128.44686,34.86565],[128.44686,34.86367],[128.44984,34.86048],[128.45246,34.85685],[128.45318,34.85405],[128.45115,34.85256],[128.45071,34.8502],[128.45224,34.84899],[128.45231,34.84667],[128.44875,34.84585],[128.44752,34.84475],[128.44127,34.84255],[128.43539,34.84365],[128.43365,34.84464],[128.43176,34.84277],[128.4327,34.84112],[128.43554,34.84051],[128.44004,34.84035],[128.43517,34.8382],[128.42994,34.83864],[128.42748,34.83963],[128.42631,34.84216],[128.42689,34.84425],[128.42457,34.84447],[128.42355,34.84277],[128.42559,34.84161],[128.42515,34.83958],[128.4221,34.83886],[128.42196,34.83947],[128.41818,34.8398],[128.41593,34.83809],[128.41056,34.8349],[128.40736,34.83441],[128.40496,34.83259],[128.40308,34.8332],[128.40199,34.83606],[128.39872,34.83529],[128.3969,34.83347],[128.39589,34.82951],[128.39269,34.82946],[128.39247,34.83111],[128.39429,34.83166],[128.39334,34.83419],[128.39146,34.83523],[128.38754,34.83573],[128.38579,34.83391],[128.3834,34.83562],[128.3834,34.83798],[128.38891,34.83903],[128.38826,34.84205],[128.38543,34.84392],[128.38165,34.84392],[128.38136,34.84222],[128.37737,34.84018],[128.37497,34.84117],[128.37185,34.84425],[128.37686,34.8437],[128.37722,34.84618],[128.37316,34.84871],[128.36989,34.84926],[128.3696,34.85003],[128.37236,34.85306],[128.37497,34.85124],[128.3786,34.85185],[128.38507,34.85779],[128.38412,34.8612],[128.38637,34.85944],[128.3879,34.85977],[128.38964,34.86169],[128.38833,34.86274],[128.39705,34.86268],[128.39741,34.86103],[128.39589,34.85894],[128.39843,34.85867],[128.40024,34.86175],[128.40155,34.8623],[128.40794,34.86092],[128.41143,34.85988],[128.41404,34.85966],[128.41462,34.86142],[128.41578,34.86136],[128.41803,34.85944],[128.41963,34.86037],[128.42072,34.86274],[128.41949,34.86538],[128.41644,34.86736],[128.41411,34.86764],[128.41048,34.86664],[128.40867,34.86736],[128.40489,34.86769],[128.40504,34.86543],[128.39618,34.8672],[128.39327,34.86653],[128.38819,34.8672],[128.38485,34.86879],[128.38463,34.87044],[128.38608,34.8727],[128.38754,34.87347],[128.39066,34.87242],[128.39095,34.87369],[128.38848,34.87622],[128.38666,34.87578],[128.38557,34.87396],[128.38194,34.87242],[128.38085,34.87457],[128.38202,34.87908],[128.38318,34.87891],[128.38499,34.88045],[128.38521,34.88172],[128.38383,34.88326],[128.38114,34.8892],[128.37635,34.89113],[128.37519,34.89041],[128.3773,34.88937],[128.38013,34.88568],[128.37882,34.8832],[128.37504,34.88188],[128.37091,34.88584],[128.36887,34.88529],[128.37047,34.88249],[128.37178,34.87847],[128.37149,34.87589],[128.37548,34.87286],[128.37606,34.87154],[128.37504,34.86973],[128.37229,34.86945],[128.36815,34.87259],[128.36299,34.86995],[128.35885,34.87011],[128.35595,34.8711],[128.35522,34.87259],[128.35529,34.87517],[128.3574,34.87721],[128.35747,34.88001],[128.35653,34.88067],[128.35311,34.87913],[128.35217,34.88106],[128.35217,34.88392],[128.35123,34.88651],[128.34912,34.8875],[128.34796,34.88662],[128.34956,34.88474],[128.34948,34.88183],[128.3505,34.87671],[128.34832,34.87308],[128.34571,34.87275],[128.34287,34.87341],[128.34164,34.87501],[128.34164,34.87787],[128.34237,34.88078],[128.3407,34.88232],[128.33402,34.88293],[128.333,34.88117],[128.33721,34.87754],[128.33264,34.87743],[128.32908,34.87578],[128.32799,34.876],[128.32566,34.87897],[128.32516,34.88106],[128.32792,34.88293],[128.32951,34.88513],[128.32748,34.88673],[128.32566,34.88667],[128.32174,34.88397],[128.32182,34.88221],[128.31956,34.8793],[128.31688,34.87985],[128.3163,34.88353],[128.31063,34.88744],[128.30962,34.89272],[128.30519,34.89723],[128.30315,34.89795],[128.30134,34.89756],[128.298,34.89982],[128.29821,34.90235],[128.30526,34.90714],[128.3086,34.90879],[128.31673,34.90884],[128.31978,34.90796],[128.32007,34.90697],[128.32203,34.90675],[128.32704,34.9073],[128.32886,34.90835],[128.33205,34.90884],[128.33895,34.90851],[128.34542,34.90532],[128.34977,34.90526],[128.35449,34.90802],[128.35442,34.91093],[128.35188,34.91379],[128.35101,34.91583],[128.35253,34.91572],[128.35471,34.91803],[128.35362,34.92012],[128.35057,34.91929],[128.34868,34.91951],[128.34629,34.92105],[128.3473,34.92248],[128.35065,34.92248],[128.35065,34.92364],[128.34382,34.92573],[128.34157,34.92369],[128.3367,34.92237],[128.33547,34.92144],[128.33743,34.92672],[128.33859,34.92617],[128.33808,34.92402],[128.3415,34.92413],[128.3452,34.92936],[128.34658,34.93261],[128.34563,34.93695],[128.34425,34.93739],[128.34433,34.93992],[128.33837,34.93772],[128.33772,34.93558],[128.33605,34.93558],[128.33503,34.93679],[128.33714,34.93871],[128.34012,34.93877],[128.34179,34.94042],[128.34186,34.94333],[128.34041,34.94856],[128.33895,34.94823],[128.33634,34.9451],[128.3338,34.94482],[128.33009,34.94785],[128.3298,34.94895],[128.33118,34.95329],[128.33271,34.95632],[128.33169,34.95703],[128.3285,34.95538],[128.3261,34.95621],[128.32349,34.95824],[128.32232,34.95709],[128.31964,34.96215],[128.31659,34.96099],[128.31579,34.9589],[128.31702,34.95582],[128.31811,34.955],[128.31818,34.95258],[128.31586,34.95159],[128.3168,34.94895],[128.31927,34.94691],[128.31993,34.94449],[128.31804,34.94454],[128.31419,34.943],[128.31383,34.94036],[128.31499,34.93926],[128.31419,34.93827],[128.31078,34.93965],[128.30867,34.94174],[128.30744,34.94124],[128.30664,34.93921],[128.30766,34.93684],[128.30439,34.93547],[128.30199,34.9375],[128.2993,34.93591],[128.30061,34.93074],[128.29945,34.92788],[128.30083,34.92545],[128.30112,34.92331],[128.29988,34.92204],[128.3017,34.91979],[128.30461,34.92017],[128.30402,34.91841],[128.29829,34.91693],[128.30061,34.9144],[128.30032,34.91264],[128.29829,34.91291],[128.29742,34.91396],[128.29451,34.91258],[128.29059,34.90994],[128.28812,34.91011],[128.2866,34.91137],[128.28427,34.91577],[128.28115,34.9161],[128.28166,34.91143],[128.27999,34.90884],[128.28166,34.9078],[128.28296,34.90493],[128.28166,34.90367],[128.27737,34.90427],[128.27418,34.90345],[128.27302,34.90257],[128.27294,34.89971],[128.27069,34.90015],[128.27127,34.90449],[128.27374,34.9051],[128.27556,34.90444],[128.27614,34.90554],[128.27628,34.90906],[128.27549,34.91033],[128.27265,34.91066],[128.27077,34.91181],[128.27164,34.91445],[128.26866,34.91379],[128.26663,34.91176],[128.26575,34.91258],[128.26612,34.91555],[128.26801,34.91726],[128.26655,34.9194],[128.26387,34.92061],[128.26183,34.92248],[128.26096,34.92623],[128.25849,34.92837],[128.25755,34.93019],[128.25835,34.93096],[128.26125,34.92716],[128.26568,34.92755],[128.26859,34.93002],[128.2683,34.93387],[128.26924,34.9353],[128.26772,34.93888],[128.26575,34.93915],[128.26387,34.93739],[128.26045,34.93904],[128.25886,34.94036],[128.2566,34.9364],[128.25552,34.9369],[128.25217,34.94113],[128.24811,34.94102],[128.24811,34.93871],[128.24557,34.93558],[128.2447,34.93651],[128.24382,34.94014],[128.2468,34.94135],[128.24724,34.94273],[128.24586,34.94333],[128.2415,34.94388],[128.2391,34.94372],[128.23569,34.94218],[128.23162,34.94218],[128.22669,34.94091],[128.22451,34.94245],[128.2248,34.94454],[128.22284,34.94631],[128.21921,34.94465],[128.21921,34.94163],[128.21775,34.93888],[128.21645,34.93943],[128.21572,34.94124],[128.2139,34.94262],[128.21122,34.94234],[128.20926,34.93629],[128.20853,34.93618],[128.20751,34.93981],[128.20628,34.94047],[128.20033,34.9397],[128.19698,34.93723],[128.19662,34.93569],[128.19815,34.93387],[128.20229,34.93365],[128.20396,34.93173],[128.20127,34.93173],[128.19945,34.93316],[128.19924,34.93167],[128.2004,34.92964],[128.20381,34.92727],[128.20359,34.92512],[128.19967,34.91935],[128.19873,34.9166],[128.1964,34.91214],[128.19735,34.90791],[128.1988,34.90345],[128.20047,34.90097],[128.20338,34.8996],[128.20345,34.8958],[128.202,34.89388],[128.19989,34.89349],[128.19742,34.89393],[128.18972,34.89448],[128.18747,34.89366],[128.18689,34.89487],[128.18675,34.89899],[128.18958,34.90015],[128.18921,34.90499],[128.1858,34.90598],[128.18529,34.90405],[128.18624,34.90235],[128.18602,34.90075],[128.18406,34.89514],[128.18123,34.89635],[128.17767,34.90031],[128.17752,34.9024],[128.17919,34.90449],[128.17883,34.90548],[128.17426,34.90592],[128.17222,34.904],[128.17433,34.90207],[128.17636,34.89652],[128.17622,34.89536],[128.16917,34.89685],[128.16881,34.89965],[128.17012,34.90048],[128.16881,34.90174],[128.16605,34.90279],[128.16511,34.90213],[128.16431,34.89927],[128.16619,34.89723],[128.16227,34.89965],[128.16002,34.90323],[128.16053,34.90659],[128.1585,34.90862],[128.15516,34.90873],[128.15196,34.90592],[128.15182,34.90394],[128.15029,34.904],[128.1479,34.90559],[128.14622,34.90543],[128.1455,34.90411],[128.14877,34.90075],[128.14862,34.89971],[128.14608,34.89888],[128.14448,34.89998],[128.14441,34.90229],[128.14303,34.90334],[128.14085,34.90246],[128.14042,34.89855],[128.14107,34.89509],[128.14049,34.89349],[128.13802,34.89415],[128.13526,34.88942],[128.13359,34.88827],[128.13221,34.88854],[128.13097,34.89157],[128.12836,34.89311],[128.12662,34.89536],[128.12647,34.89861],[128.12277,34.90394],[128.12081,34.90477],[128.11761,34.90416],[128.11376,34.90609],[128.11282,34.90273],[128.1142,34.90273],[128.10309,34.90015],[128.10302,34.90053],[128.111,34.90229],[128.10403,34.91121],[128.10098,34.91467],[128.10316,34.91544],[128.10796,34.91572],[128.10963,34.91682],[128.10454,34.91577],[128.10316,34.91632],[128.10396,34.91946],[128.11188,34.92298],[128.11282,34.92303],[128.1166,34.92072],[128.12146,34.92127],[128.12161,34.92287],[128.11936,34.92237],[128.11427,34.92314],[128.11311,34.92391],[128.11042,34.9238],[128.10781,34.92248],[128.10563,34.9221],[128.10287,34.92292],[128.10244,34.92507],[128.09968,34.92496],[128.09939,34.92105],[128.09815,34.92039],[128.09706,34.92182],[128.09808,34.92435],[128.09699,34.92601],[128.09561,34.92639],[128.09358,34.92474],[128.09459,34.92413],[128.09016,34.92061],[128.08871,34.91896],[128.08319,34.91698],[128.08254,34.91803],[128.08595,34.91902],[128.08798,34.92617],[128.08602,34.927],[128.08138,34.92705],[128.07898,34.92815],[128.07564,34.9238],[128.07419,34.92265],[128.07194,34.92408],[128.0731,34.92612],[128.07201,34.92738],[128.0699,34.92661],[128.06489,34.92628],[128.06279,34.92804],[128.05669,34.92931],[128.05625,34.92804],[128.05327,34.92986],[128.05233,34.93118],[128.04819,34.93431],[128.04637,34.93514],[128.0402,34.9413],[128.0394,34.94653],[128.03069,34.9556],[128.02982,34.9578],[128.03112,34.9589],[128.03381,34.95852],[128.04332,34.96578],[128.04536,34.96639],[128.05008,34.96914],[128.05102,34.97046],[128.05131,34.97502],[128.05233,34.97695],[128.05168,34.97827],[128.04834,34.97898],[128.04412,34.98278],[128.04347,34.98399],[128.04449,34.98542],[128.0434,34.98817],[128.04129,34.98988],[128.03933,34.99257],[128.03875,34.99648],[128.03911,35.00154],[128.03969,35.00297],[128.0426,35.00589],[128.04768,35.00996],[128.04913,35.01166],[128.05051,35.01612],[128.04979,35.01645],[128.04492,35.02432],[128.0426,35.02443],[128.03781,35.02123],[128.03744,35.01826],[128.03541,35.02316],[128.03548,35.02432],[128.03839,35.02778],[128.04209,35.03108],[128.04202,35.03229],[128.0402,35.03422],[128.03875,35.03779],[128.03998,35.04423],[128.0426,35.04698],[128.0402,35.04726],[128.03831,35.04896],[128.03839,35.05281],[128.03948,35.05677],[128.04369,35.06558],[128.04623,35.06816],[128.05705,35.07597],[128.06133,35.07834],[128.06126,35.07911],[128.05785,35.07795],[128.05414,35.08169],[128.05255,35.08142],[128.05124,35.07894],[128.04608,35.07592],[128.04289,35.07641],[128.04115,35.07828],[128.03599,35.07823],[128.03461,35.0774],[128.0365,35.07619],[128.03904,35.07625],[128.04049,35.07548],[128.04122,35.07245],[128.04035,35.07119],[128.03635,35.06882],[128.03258,35.06937],[128.0328,35.06717],[128.03461,35.0636],[128.03461,35.06244],[128.03221,35.06194],[128.02895,35.06002],[128.02582,35.05655],[128.02539,35.05347],[128.0264,35.05089],[128.02887,35.04962],[128.03054,35.05094],[128.03105,35.05001],[128.0288,35.04539],[128.02633,35.04247],[128.02706,35.04098],[128.02582,35.03752],[128.02539,35.03317],[128.02096,35.03141],[128.02176,35.0307],[128.02089,35.02894],[128.01893,35.02811],[128.01493,35.02943],[128.0142,35.02855],[128.00919,35.03059],[128.006,35.03301],[128.00629,35.03416],[128.00818,35.03427],[128.01471,35.03746],[128.01791,35.03873],[128.01943,35.04076],[128.01704,35.04324],[128.01573,35.04561],[128.01312,35.04682],[128.01145,35.04907],[128.00992,35.0499],[128.00861,35.04742],[128.01101,35.04473],[128.01406,35.04291],[128.01457,35.03988],[128.00883,35.03845],[128.00673,35.03972],[128.00491,35.04236],[128.00418,35.04467],[128.00288,35.04434],[128.00266,35.04252],[128.00019,35.0428],[127.99387,35.04566],[127.98712,35.04654],[127.98429,35.04511],[127.98349,35.04225],[127.98341,35.03939],[127.98254,35.03691],[127.97848,35.03394],[127.97608,35.03301],[127.97811,35.03163],[127.9845,35.03185],[127.98806,35.03323],[127.98908,35.03422],[127.98748,35.03559],[127.9877,35.03884],[127.98937,35.03928],[127.99605,35.03774],[127.99699,35.03719],[127.99699,35.03455],[127.99431,35.03202],[127.99881,35.03015],[128.00317,35.02531],[128.00578,35.02509],[128.00898,35.02222],[128.00956,35.01661],[128.0076,35.01771],[128.00702,35.01485],[128.00803,35.01249],[128.00999,35.01249],[128.01842,35.01007],[128.0174,35.00864],[128.01987,35.00457],[128.01842,35.00335],[128.01595,34.99752],[128.01479,34.99169],[128.01297,34.99175],[128.01217,34.99428],[128.0089,34.99664],[128.00738,34.9951],[128.00948,34.99274],[128.00854,34.99131],[128.00956,34.98718],[128.00825,34.98261],[128.00658,34.98206],[128.00404,34.98311],[128.00389,34.98454],[128.00593,34.98526],[128.00571,34.98801],[128.00375,34.98762],[128.00193,34.98597],[128.00099,34.98388],[127.99983,34.98355],[127.9999,34.98652],[128.00208,34.98834],[128.00208,34.98988],[128.00012,34.99516],[127.99721,34.99576],[127.99344,34.99169],[127.99409,34.98949],[127.99532,34.98944],[127.99634,34.98751],[127.99518,34.98449],[127.99373,34.9846],[127.99445,34.98702],[127.99046,34.98922],[127.98922,34.98922],[127.98784,34.98537],[127.99162,34.98124],[127.98835,34.97689],[127.98334,34.97574],[127.98058,34.97805],[127.97877,34.98085],[127.97681,34.98228],[127.97702,34.98443],[127.97572,34.98608],[127.97405,34.98471],[127.97267,34.98751],[127.97463,34.99021],[127.9718,34.99395],[127.96838,34.99351],[127.96744,34.99169],[127.96482,34.99488],[127.96163,34.9945],[127.96221,34.99263],[127.96185,34.98993],[127.96032,34.98773],[127.95669,34.98449],[127.95415,34.9852],[127.95313,34.98658],[127.94783,34.98432],[127.94689,34.98283],[127.95161,34.98223],[127.9535,34.98091],[127.94965,34.98113],[127.94819,34.98014],[127.94834,34.97871],[127.95081,34.97739],[127.95212,34.97783],[127.9527,34.97563],[127.94957,34.97634],[127.94122,34.97909],[127.93491,34.98157],[127.93454,34.98245],[127.93658,34.98432],[127.93955,34.98443],[127.93883,34.98713],[127.93665,34.98762],[127.93541,34.98636],[127.9336,34.98806],[127.93178,34.99164],[127.93193,34.99312],[127.93418,34.99626],[127.93737,34.99686],[127.94028,34.99802],[127.94086,34.99934],[127.93658,34.9978],[127.93491,34.9984],[127.93955,35.00104],[127.94122,35.00143],[127.94064,35.00424],[127.93846,35.00517],[127.93708,35.00462],[127.93273,35.00688],[127.93026,35.00908],[127.92931,35.01172],[127.92663,35.01337],[127.92271,35.01419],[127.91864,35.01045],[127.92082,35.0082],[127.9222,35.00501],[127.91958,35.00424],[127.91646,34.99714],[127.91639,34.99494],[127.91857,34.99499],[127.91973,34.99345],[127.91857,34.99186],[127.91726,34.99186],[127.91704,34.99334],[127.9145,34.99257],[127.91653,34.98982],[127.92242,34.99021],[127.9235,34.98916],[127.92125,34.98823],[127.91733,34.98867],[127.919,34.98173],[127.91661,34.98162],[127.91566,34.98371],[127.91414,34.98498],[127.90905,34.9841],[127.90738,34.98256],[127.90985,34.98162],[127.91101,34.97997],[127.91072,34.97508],[127.91189,34.97238],[127.90898,34.97425],[127.90157,34.97205],[127.90157,34.97007],[127.89998,34.9671],[127.90019,34.96479],[127.89911,34.96259],[127.89802,34.96231],[127.89736,34.95654],[127.89584,34.95604],[127.89431,34.95797],[127.88887,34.95555],[127.88763,34.95445],[127.88778,34.95285],[127.88661,34.95159],[127.88531,34.95626],[127.88131,34.95307],[127.88102,34.95197],[127.88211,34.94955],[127.87107,34.94702],[127.86338,34.94702],[127.8588,34.94933],[127.85539,34.94944],[127.85314,34.94884],[127.85067,34.94735],[127.84718,34.9473],[127.84856,34.949],[127.84733,34.95065],[127.845,34.94983],[127.84413,34.95258],[127.84406,34.95511],[127.84573,34.95808],[127.84421,34.96077],[127.84123,34.96275],[127.8405,34.96253],[127.83992,34.95692],[127.83745,34.95758],[127.8376,34.95962],[127.83418,34.95863],[127.83498,34.95681],[127.83869,34.95599],[127.83927,34.95093],[127.83782,34.94939],[127.83498,34.94889],[127.83244,34.94972],[127.83041,34.95126],[127.82525,34.95203],[127.82235,34.95505],[127.82424,34.95098],[127.82794,34.95038],[127.8291,34.94801],[127.82206,34.94576],[127.81683,34.94922],[127.81538,34.94889],[127.81799,34.94625],[127.81937,34.94339],[127.81763,34.94025],[127.81647,34.93926],[127.81095,34.93987],[127.80608,34.93651],[127.80289,34.93486],[127.80477,34.92826],[127.8055,34.92424],[127.80318,34.93222],[127.79526,34.93063],[127.79207,34.94025],[127.78981,34.94267],[127.78735,34.94344],[127.78488,34.94212],[127.78154,34.94377],[127.77921,34.9501],[127.77689,34.95296],[127.77333,34.955],[127.77188,34.96055],[127.77217,34.96264],[127.77006,34.9671],[127.76817,34.9665],[127.75939,34.96677],[127.76287,34.97398],[127.76353,34.97607],[127.76621,34.97843],[127.76955,34.97964],[127.77406,34.98311],[127.77682,34.9868],[127.77907,34.98812],[127.78059,34.99043],[127.78045,34.994],[127.78154,34.99758],[127.78451,35.00341],[127.78676,35.01095],[127.78647,35.01634],[127.78488,35.02096],[127.78168,35.02333],[127.77878,35.0247],[127.77413,35.03103],[127.77166,35.03372],[127.77079,35.03735],[127.7705,35.04186],[127.7697,35.04621],[127.7681,35.05039],[127.76534,35.05364],[127.76345,35.05485],[127.75714,35.05501],[127.75154,35.05672],[127.74327,35.06095],[127.73993,35.06338],[127.73927,35.06525],[127.73869,35.06998],[127.73637,35.07361],[127.73252,35.07625],[127.72518,35.07966],[127.7172,35.08285],[127.71357,35.08593],[127.71298,35.08709],[127.70659,35.09539],[127.70275,35.09864],[127.6973,35.10178],[127.69483,35.10629],[127.6949,35.11404],[127.69527,35.1207],[127.69396,35.12752],[127.692,35.1311],[127.68866,35.13517],[127.68365,35.13929],[127.67842,35.14425],[127.67573,35.14733],[127.67239,35.14969],[127.66825,35.15206],[127.66477,35.15481],[127.66222,35.15602],[127.65932,35.15899],[127.657,35.15965],[127.65387,35.15959],[127.64835,35.16037],[127.64211,35.16713],[127.64,35.17076],[127.63746,35.17313],[127.63202,35.17621],[127.62809,35.18111],[127.62461,35.18259],[127.62265,35.18496],[127.62105,35.18793],[127.61815,35.1909],[127.62149,35.19178],[127.62003,35.19788],[127.61807,35.20174],[127.61691,35.20652],[127.61706,35.2096],[127.62076,35.21268],[127.62083,35.22165],[127.62112,35.22462],[127.61909,35.23056],[127.61916,35.23546],[127.61669,35.23893],[127.61372,35.24047],[127.61284,35.24162],[127.61335,35.24839],[127.61524,35.25037],[127.61263,35.25345],[127.61146,35.25873],[127.61016,35.26203],[127.60573,35.26352],[127.60108,35.26671],[127.59571,35.26814],[127.59556,35.27199],[127.59345,35.27314],[127.59113,35.2754],[127.58968,35.28002],[127.58627,35.28717],[127.58409,35.29108],[127.57733,35.29515],[127.57683,35.3012],[127.5761,35.30351],[127.5761,35.3061],[127.57748,35.3089],[127.57958,35.30956],[127.58568,35.30912],[127.59186,35.31149],[127.60478,35.31837],[127.60653,35.32068],[127.60769,35.32502],[127.61517,35.33074],[127.62076,35.33256],[127.6209,35.33492],[127.62265,35.33856],[127.6233,35.34219],[127.62061,35.34725],[127.61582,35.34994],[127.61437,35.3539],[127.61226,35.35583],[127.61146,35.3588],[127.61168,35.36144],[127.61023,35.3659],[127.61263,35.36892],[127.62011,35.37145],[127.62127,35.37222],[127.62562,35.3769],[127.6249,35.3824],[127.62526,35.38471],[127.6273,35.38812],[127.6318,35.3923],[127.6363,35.39918],[127.63949,35.40133],[127.64342,35.4016],[127.64647,35.40265],[127.64886,35.40622],[127.65685,35.41393],[127.66048,35.41442],[127.66324,35.42113],[127.66353,35.42619],[127.66578,35.4274],[127.66615,35.43213],[127.6652,35.43566],[127.66745,35.43813],[127.67065,35.43962],[127.67384,35.44468],[127.67275,35.44781],[127.66774,35.44908],[127.66419,35.44792],[127.66114,35.44754],[127.65787,35.44864],[127.65336,35.45161],[127.64981,35.45161],[127.64516,35.44913],[127.64254,35.45299],[127.63971,35.45568],[127.63666,35.45937],[127.63565,35.46223],[127.63768,35.47125],[127.63782,35.47428],[127.63659,35.47818],[127.63739,35.47928],[127.64102,35.48022],[127.65053,35.48572],[127.65307,35.48687],[127.65075,35.48902],[127.65002,35.49133],[127.65039,35.49788],[127.64705,35.49804],[127.64414,35.50008],[127.64182,35.50492],[127.63703,35.50904],[127.6363,35.51174],[127.63427,35.51207],[127.63303,35.51526],[127.63456,35.51691],[127.63427,35.52043],[127.63107,35.52049],[127.62635,35.5245],[127.62504,35.52692],[127.62533,35.53138],[127.62599,35.53237],[127.62882,35.53375],[127.62867,35.536],[127.62475,35.53369],[127.62069,35.53386],[127.61916,35.53661],[127.61698,35.5365],[127.61553,35.53551],[127.61205,35.53595],[127.60921,35.53903],[127.60929,35.54084],[127.60653,35.54288],[127.60239,35.54469],[127.60043,35.54502],[127.59382,35.54948],[127.59338,35.5513],[127.59026,35.55399],[127.58489,35.55388],[127.58728,35.55702],[127.58881,35.56477],[127.59237,35.56686],[127.59469,35.57033],[127.59607,35.57369],[127.59919,35.57583],[127.60348,35.57787],[127.60486,35.57759],[127.60682,35.58007],[127.60631,35.58161],[127.60798,35.58276],[127.6103,35.58298],[127.61117,35.58392],[127.60972,35.58925],[127.60805,35.59107],[127.60747,35.59492],[127.60885,35.59773],[127.61212,35.59888],[127.61306,35.60438],[127.61241,35.60686],[127.6143,35.60934],[127.61749,35.60983],[127.61873,35.6122],[127.62141,35.61511],[127.62562,35.61489],[127.62737,35.61654],[127.631,35.61775],[127.63303,35.61748],[127.63536,35.61847],[127.63187,35.6232],[127.62926,35.62479],[127.6257,35.62914],[127.62425,35.63178],[127.62446,35.63805],[127.6233,35.63959],[127.6212,35.6402],[127.61989,35.64273],[127.62011,35.64614],[127.62207,35.64812],[127.62279,35.64999],[127.62214,35.65104],[127.62947,35.65665],[127.62795,35.6622],[127.62897,35.66402],[127.63514,35.66704],[127.63906,35.66991],[127.64044,35.67282],[127.63913,35.67645],[127.63906,35.67898],[127.64066,35.68443],[127.64029,35.68674],[127.6424,35.68988],[127.64182,35.6929],[127.64371,35.6951],[127.64559,35.69879],[127.64973,35.70143],[127.64944,35.70379],[127.65547,35.70638],[127.65743,35.70583],[127.66099,35.7099],[127.6599,35.71584],[127.6607,35.71991],[127.66143,35.7203],[127.6631,35.72486],[127.6623,35.7285],[127.66251,35.73207],[127.66041,35.73746],[127.66317,35.74159],[127.66317,35.74605],[127.66186,35.74918],[127.66368,35.75595],[127.6623,35.76084],[127.66586,35.76882],[127.6684,35.77108],[127.66978,35.77135],[127.67573,35.77086],[127.67943,35.76849],[127.68125,35.77212],[127.68437,35.77498],[127.68481,35.77768],[127.6928,35.78274],[127.69977,35.78824],[127.70028,35.78912],[127.70652,35.79204],[127.70943,35.79138],[127.71451,35.79473],[127.71937,35.79732],[127.72083,35.80232],[127.72337,35.80408],[127.72424,35.8059],[127.72344,35.81069],[127.72526,35.81316],[127.72969,35.813],[127.73114,35.81487],[127.73223,35.81839],[127.73245,35.82092],[127.73557,35.82532],[127.73862,35.82708],[127.73949,35.82972],[127.73833,35.83176],[127.73804,35.83517],[127.74131,35.83935],[127.74443,35.84441],[127.74581,35.84342],[127.74973,35.84254],[127.75256,35.84138],[127.75409,35.83896],[127.75779,35.83676],[127.76099,35.83737],[127.76433,35.83885],[127.76883,35.8383],[127.77275,35.83957],[127.77725,35.84325],[127.77921,35.84573],[127.77914,35.84722],[127.78379,35.85085],[127.78756,35.85261],[127.79207,35.85239],[127.80027,35.85569],[127.80434,35.85871],[127.8071,35.85712],[127.80928,35.85508],[127.81189,35.85387],[127.81436,35.85387],[127.8145,35.85679],[127.81726,35.85915],[127.81944,35.85965],[127.81944,35.86251],[127.82322,35.86647],[127.82656,35.86834],[127.82954,35.86911],[127.83273,35.86889],[127.83498,35.86691],[127.84174,35.86625],[127.8445,35.86933],[127.84421,35.87236],[127.84486,35.8756],[127.84675,35.87791],[127.8498,35.87698],[127.85103,35.87764],[127.85365,35.88132],[127.85074,35.89007],[127.85706,35.89497],[127.85829,35.897],[127.85887,35.89986],[127.85815,35.9019],[127.85837,35.90421],[127.85989,35.90663],[127.8641,35.90663],[127.86701,35.90421],[127.87071,35.90432],[127.87732,35.90768],[127.8795,35.90988],[127.88509,35.9096],[127.88218,35.90317],[127.88277,35.89904],[127.8848,35.8931],[127.88821,35.89233],[127.89083,35.89035],[127.89351,35.88677],[127.89896,35.88782],[127.9023,35.88958],[127.90564,35.88996],[127.90666,35.8893],[127.91203,35.88985],[127.91639,35.892],[127.92024,35.89321],[127.91849,35.8904],[127.92205,35.88556],[127.92321,35.88226],[127.92881,35.88066],[127.93019,35.87863],[127.92844,35.87676],[127.92953,35.87417],[127.92881,35.87032],[127.93178,35.86774],[127.93309,35.864],[127.93193,35.85965],[127.92924,35.858],[127.92721,35.85844],[127.92576,35.85701],[127.92576,35.85563],[127.93033,35.85635],[127.93578,35.85453],[127.94224,35.85453],[127.94478,35.85591],[127.94703,35.8597],[127.95008,35.86168],[127.9596,35.86031],[127.96127,35.85624],[127.96257,35.85536],[127.96671,35.85497],[127.97078,35.85244],[127.97397,35.85206],[127.97543,35.85277],[127.97782,35.85563],[127.98174,35.85871],[127.98421,35.85767],[127.98654,35.85387],[127.98646,35.852],[127.99031,35.84771],[127.99075,35.84584],[127.99249,35.84314],[127.99591,35.84006],[127.99649,35.83764],[127.9991,35.83616],[128.00171,35.83577],[128.00651,35.83346],[128.00796,35.83077],[128.01181,35.82895],[128.01747,35.83253],[128.02161,35.83352],[128.0243,35.83291],[128.02691,35.83456],[128.02982,35.83566],[128.03403,35.83528],[128.03846,35.83407],[128.0434,35.83126],[128.0479,35.83016],[128.05168,35.82989],[128.05327,35.83335],[128.05487,35.83434],[128.05705,35.83357],[128.06162,35.83467],[128.06206,35.83566],[128.06976,35.84122],[128.07419,35.83896],[128.07738,35.83968],[128.08,35.83814],[128.08443,35.83698],[128.08624,35.83302],[128.09111,35.83055],[128.093,35.83176],[128.09655,35.8322],[128.09982,35.82994],[128.10353,35.82917],[128.10599,35.82774],[128.10926,35.82466],[128.11093,35.82389],[128.11703,35.82345],[128.11936,35.82488],[128.12088,35.82312],[128.12306,35.82246],[128.12458,35.81943],[128.12255,35.81443],[128.12161,35.80876],[128.12342,35.80563],[128.1219,35.80348],[128.12734,35.79561],[128.12872,35.79429],[128.12887,35.7894],[128.13054,35.78901],[128.13577,35.78483],[128.13751,35.78428],[128.14797,35.784],[128.15436,35.78643],[128.15901,35.78367],[128.15806,35.78147],[128.16046,35.77834],[128.16351,35.77702],[128.16169,35.77152],[128.16155,35.77003],[128.16503,35.76348],[128.16954,35.76051],[128.17251,35.75914],[128.17687,35.75787],[128.18072,35.75611],[128.18253,35.75468],[128.18609,35.75386],[128.18929,35.75177],[128.18849,35.74968],[128.19067,35.74764],[128.1935,35.7384],[128.1951,35.73796],[128.19807,35.73592],[128.19793,35.73389],[128.19662,35.73037],[128.20105,35.72327],[128.20229,35.71744],[128.20258,35.71227],[128.20025,35.7093],[128.20149,35.70517],[128.20338,35.70291],[128.20461,35.6962],[128.20265,35.69274],[128.20367,35.68635],[128.20483,35.68393],[128.2025,35.68371],[128.19931,35.68454],[128.19771,35.68322],[128.19822,35.68234],[128.19662,35.6814],[128.19226,35.68008],[128.18413,35.68003],[128.18268,35.67662],[128.1789,35.67293],[128.16699,35.67381],[128.16482,35.67348],[128.16293,35.67222],[128.16009,35.66748],[128.15988,35.66572],[128.16104,35.66363],[128.16169,35.65978],[128.15951,35.65753],[128.16017,35.65489],[128.16147,35.65379],[128.1659,35.65302],[128.17346,35.65505],[128.1768,35.65698],[128.1805,35.65681],[128.18522,35.65769],[128.19176,35.65494],[128.19611,35.65098],[128.19895,35.64895],[128.19974,35.64548],[128.2012,35.64372],[128.21013,35.64372],[128.2118,35.64141],[128.21383,35.6408],[128.22015,35.63998],[128.22189,35.64075],[128.22654,35.64152],[128.22915,35.63954],[128.23576,35.64042],[128.23772,35.64377],[128.23634,35.65109],[128.24186,35.65511],[128.24448,35.65544],[128.24542,35.65406],[128.24985,35.6512],[128.25225,35.65076],[128.25864,35.64779],[128.26234,35.64273],[128.26699,35.6452],[128.27425,35.6468],[128.27679,35.64696],[128.27824,35.64867],[128.27854,35.6517],[128.28122,35.65252],[128.28834,35.65252],[128.29625,35.65071],[128.29807,35.65621],[128.30235,35.655],[128.30598,35.65549],[128.31165,35.65373],[128.31927,35.65082],[128.32407,35.64663],[128.32675,35.64685],[128.33002,35.64845],[128.33445,35.64713],[128.33779,35.64482],[128.34171,35.64482],[128.34418,35.64608],[128.34919,35.64647],[128.35217,35.6446],[128.35478,35.64179],[128.35733,35.63833],[128.35972,35.63398],[128.36234,35.62782],[128.36422,35.61495],[128.3656,35.61341],[128.37178,35.61088],[128.37134,35.60939],[128.37272,35.60845],[128.3778,35.6068],[128.38238,35.60653],[128.38398,35.60961],[128.38775,35.61016],[128.39015,35.61236],[128.40293,35.61731],[128.40416,35.61704],[128.40685,35.61451],[128.41302,35.61654],[128.41578,35.62001],[128.42072,35.62237],[128.42275,35.62512],[128.42537,35.62518],[128.42849,35.62309],[128.4322,35.62402],[128.43786,35.63074],[128.44047,35.63057],[128.44105,35.63398],[128.44577,35.63668],[128.44636,35.63827],[128.45318,35.6369],[128.45645,35.63739],[128.45754,35.63965],[128.46037,35.64058],[128.46625,35.63673],[128.47068,35.63662],[128.47439,35.6386],[128.4762,35.6402],[128.47947,35.64025],[128.48056,35.63893],[128.48136,35.63525],[128.48303,35.63503],[128.4884,35.63591],[128.49545,35.63877],[128.49966,35.63904],[128.50278,35.63871],[128.50627,35.63954],[128.5099,35.643],[128.51062,35.64658],[128.5083,35.64928],[128.50685,35.65016],[128.50714,35.65538],[128.50794,35.65846],[128.50801,35.66374],[128.50917,35.66545],[128.50895,35.67007],[128.50743,35.67227],[128.50946,35.67469],[128.51483,35.67541],[128.51818,35.67942],[128.52791,35.68316],[128.52987,35.683],[128.52892,35.67772],[128.52682,35.67557],[128.52682,35.67348],[128.53146,35.66215],[128.53553,35.66198],[128.53742,35.65978],[128.538,35.65423],[128.53785,35.65076],[128.53626,35.64818],[128.53473,35.64372],[128.53735,35.63679],[128.53815,35.63189],[128.53618,35.6276],[128.53691,35.6238],[128.5412,35.62155],[128.54461,35.62083],[128.54715,35.61962],[128.55122,35.61654],[128.55361,35.61709],[128.55877,35.61478],[128.55877,35.60735],[128.56008,35.60422],[128.56196,35.60268],[128.56625,35.60207],[128.56901,35.60246],[128.56973,35.59938],[128.57148,35.59811],[128.57293,35.59322],[128.58477,35.58645],[128.58818,35.58513],[128.59268,35.58485],[128.59602,35.58282],[128.60249,35.58012],[128.60583,35.58023],[128.61468,35.58166],[128.61686,35.58392],[128.62137,35.58496],[128.62681,35.58546],[128.62877,35.587],[128.63073,35.58744],[128.63197,35.58617],[128.63654,35.58469],[128.63705,35.58722],[128.63807,35.58859],[128.6409,35.58881],[128.6441,35.59305],[128.65063,35.59459],[128.65542,35.59701],[128.6563,35.59789],[128.65913,35.59745],[128.66203,35.59586],[128.66443,35.59377],[128.67002,35.59426],[128.67256,35.59586],[128.67423,35.59608],[128.6783,35.59476],[128.68759,35.59503],[128.69159,35.59333],[128.69319,35.59085],[128.69493,35.58342],[128.70328,35.57803],[128.70546,35.57792],[128.71243,35.57913],[128.71497,35.57759],[128.72056,35.58073],[128.72463,35.5815],[128.72761,35.57781],[128.73196,35.57594],[128.73741,35.57715],[128.74039,35.576],[128.74787,35.57116],[128.75041,35.57033],[128.75382,35.57033],[128.75564,35.5684],[128.75811,35.56747],[128.76493,35.56868],[128.76755,35.56989],[128.77103,35.56862],[128.78272,35.56703],[128.78556,35.56686],[128.78773,35.56747],[128.79238,35.57044],[128.795,35.57336],[128.79877,35.57831],[128.79972,35.5804],[128.80073,35.5876],[128.80262,35.58914],[128.80429,35.58942],[128.80887,35.58892],[128.81025,35.5892],[128.82194,35.59465],[128.82288,35.59575],[128.82629,35.59679],[128.83363,35.59734],[128.83559,35.5958],[128.84263,35.58898],[128.84474,35.58964],[128.85193,35.59492],[128.85411,35.59718],[128.85549,35.60097],[128.85934,35.6062],[128.86478,35.60906],[128.8679,35.61467],[128.86812,35.6161],[128.87016,35.61792],[128.87197,35.61825],[128.87386,35.62166],[128.87538,35.63233],[128.87705,35.63371],[128.88148,35.63547],[128.88482,35.63398],[128.88468,35.632],[128.88722,35.62909],[128.89194,35.62931],[128.90167,35.63321],[128.90574,35.63607],[128.91286,35.63998],[128.91503,35.64064],[128.92665,35.63833],[128.92927,35.63679],[128.94118,35.63508],[128.9467,35.63184],[128.9512,35.63013],[128.95418,35.62512],[128.95614,35.62347],[128.95759,35.6232],[128.96129,35.62056],[128.96144,35.61737],[128.96086,35.61561],[128.96536,35.61506],[128.97284,35.61346],[128.97799,35.61148],[128.97966,35.60956],[128.98264,35.60873],[128.98678,35.60912],[128.99136,35.61258],[128.99709,35.615],[129.00014,35.6172],[129.00276,35.62028],[129.00646,35.61852],[129.00849,35.61594],[129.01329,35.61533],[129.0167,35.61627],[129.01939,35.61561],[129.02302,35.61346],[129.0236,35.60923],[129.02265,35.60295],[129.02432,35.60152],[129.02461,35.59993],[129.02302,35.59624],[129.02273,35.59129],[129.02164,35.58936],[129.01895,35.58678],[129.01888,35.58381],[129.01445,35.5826],[129.01227,35.58271],[129.00791,35.58018],[128.99579,35.56791],[128.98932,35.56631],[128.98497,35.56461],[128.97959,35.56345],[128.97792,35.56345],[128.9756,35.56191],[128.97117,35.56032],[128.97291,35.55608],[128.97523,35.55322],[128.97966,35.54865],[128.9809,35.5464],[128.98547,35.54953],[128.98932,35.55163],[128.9923,35.54739],[128.99658,35.54403],[128.99833,35.54172],[128.99884,35.53853],[128.99593,35.53523],[128.99622,35.53226],[128.9947,35.53044],[128.99455,35.52813],[128.99542,35.5278],[129.00428,35.52918],[129.00762,35.52912],[129.00958,35.5283],[129.009,35.52401],[129.01292,35.52313],[129.02033,35.52412],[129.02737,35.52709],[129.03246,35.52566],[129.03928,35.52753],[129.04328,35.52912],[129.04822,35.52956],[129.05584,35.53226],[129.05686,35.53072],[129.05657,35.52709],[129.0533,35.52571],[129.05214,35.52439],[129.05221,35.52131],[129.05105,35.51983],[129.05265,35.51449],[129.06158,35.50965],[129.06441,35.50926],[129.06949,35.50651],[129.07973,35.50299],[129.08641,35.50184],[129.0907,35.49826],[129.09433,35.4976],[129.0968,35.49815],[129.09825,35.49694],[129.10043,35.49661],[129.10224,35.49766],[129.10399,35.49727],[129.10675,35.49513],[129.10624,35.49127],[129.10682,35.48946],[129.10936,35.4866],[129.10791,35.48363],[129.10834,35.4811],[129.10943,35.47967],[129.11568,35.47664],[129.11713,35.47516],[129.11887,35.47196],[129.12127,35.47009],[129.12171,35.46751],[129.12062,35.46547],[129.12178,35.46344],[129.12635,35.46168],[129.13086,35.45816],[129.13129,35.45634],[129.13812,35.4521],[129.13957,35.44853],[129.14313,35.44567],[129.14596,35.44413],[129.14778,35.44413],[129.15206,35.44187],[129.15344,35.44017],[129.15845,35.43648],[129.1652,35.43362],[129.16564,35.43213],[129.16804,35.4318],[129.17065,35.43329],[129.17675,35.43362],[129.17835,35.43224],[129.18445,35.4345],[129.18997,35.43489],[129.19338,35.43747],[129.19701,35.4389],[129.20195,35.43257],[129.19992,35.43043],[129.20093,35.42806],[129.20013,35.42416],[129.20217,35.42157],[129.20565,35.42025],[129.21023,35.41976],[129.21284,35.41734],[129.2148,35.41304],[129.21814,35.4115],[129.21887,35.40699],[129.21379,35.4021],[129.21059,35.39973],[129.20892,35.39946],[129.20783,35.39577],[129.20282,35.39263],[129.20115,35.38779],[129.19933,35.38906],[129.1936,35.38207],[129.19919,35.37597],[129.19781,35.3714],[129.19875,35.3665],[129.19382,35.36337],[129.19338,35.36122],[129.19018,35.35974],[129.18801,35.35974],[129.18575,35.35858],[129.18241,35.35517],[129.1782,35.35176],[129.17435,35.3517],[129.17036,35.35385],[129.16862,35.35379],[129.16281,35.35682],[129.16114,35.35941],[129.14879,35.36425],[129.14654,35.36381],[129.13877,35.36568],[129.13848,35.36606],[129.13354,35.36557],[129.131,35.36595],[129.12759,35.36771],[129.12367,35.36782],[129.1212,35.36738],[129.11815,35.36903],[129.11807,35.36755],[129.12214,35.36386],[129.12657,35.36271],[129.13325,35.35638],[129.1347,35.35302],[129.13369,35.35011],[129.12984,35.34873],[129.12737,35.34576],[129.12802,35.34329],[129.12621,35.34147],[129.12403,35.33806],[129.12541,35.33558],[129.12577,35.33206],[129.12105,35.32876],[129.11866,35.3231],[129.11611,35.32112],[129.11364,35.32024],[129.11197,35.31672],[129.11241,35.31011],[129.11147,35.30791],[129.10856,35.30456],[129.10558,35.30654],[129.09912,35.30401],[129.09309,35.30318],[129.09055,35.3034],[129.08634,35.30153],[129.08489,35.29955],[129.07893,35.29482],[129.07429,35.29075],[129.07363,35.29086],[129.07015,35.29432],[129.06187,35.29498],[129.05816,35.29465],[129.05352,35.28899],[129.05214,35.28585],[129.05388,35.28288],[129.05272,35.28101],[129.05076,35.2803],[129.048,35.27677],[129.04778,35.27452],[129.044,35.27452],[129.03689,35.27534],[129.03485,35.27628],[129.03071,35.27688],[129.02149,35.27611],[129.0167,35.27534],[129.0135,35.27375],[129.01481,35.2705],[129.01162,35.2633],[129.00174,35.24432],[128.99884,35.2381],[128.99426,35.23403],[128.98969,35.23166],[128.98417,35.22974],[128.97277,35.22721],[128.96826,35.22699],[128.95672,35.22523],[128.94851,35.22523],[128.94401,35.22831],[128.9398,35.22726],[128.93667,35.22545],[128.93471,35.22352],[128.92927,35.22006],[128.92012,35.21642],[128.91663,35.21697],[128.91249,35.22253],[128.91024,35.22292],[128.90951,35.22061],[128.9093,35.22297],[128.90501,35.22006],[128.90835,35.21675],[128.90465,35.21532],[128.89681,35.21318],[128.88918,35.21477],[128.88606,35.21439],[128.88403,35.21318],[128.8841,35.21219],[128.88163,35.21037],[128.87902,35.20999],[128.87495,35.20531],[128.87037,35.20157],[128.87255,35.19876],[128.87597,35.19315],[128.87567,35.19029],[128.87647,35.18754],[128.88156,35.18265],[128.88025,35.18028],[128.8801,35.17467],[128.88061,35.17148],[128.8735,35.17412],[128.87233,35.17225],[128.87575,35.17049],[128.87698,35.16499],[128.87887,35.1624],[128.88141,35.16136],[128.88083,35.15948],[128.8756,35.15937],[128.87444,35.15855],[128.87473,35.15354],[128.87633,35.15167],[128.87168,35.15046],[128.86522,35.15816],[128.86667,35.15976],[128.86921,35.15866],[128.87212,35.16262],[128.87154,35.16504],[128.8674,35.16774],[128.86515,35.16741],[128.85883,35.16801],[128.85411,35.1662],[128.84626,35.16471],[128.84401,35.16207],[128.84416,35.15993],[128.84292,35.158],[128.8406,35.15877],[128.83603,35.15915],[128.83392,35.15761],[128.82847,35.15657],[128.82753,35.15558],[128.82303,35.15618],[128.82216,35.15734],[128.81598,35.16015],[128.80872,35.15893],[128.80589,35.16042],[128.80233,35.15948],[128.80059,35.15805],[128.7971,35.15899],[128.79449,35.15855],[128.79369,35.15717],[128.79601,35.15288],[128.80175,35.14661],[128.80248,35.1437],[128.80211,35.14188],[128.80669,35.14249],[128.80734,35.13946],[128.81344,35.13451],[128.81533,35.13264],[128.82426,35.13104],[128.82738,35.12818],[128.82978,35.12824],[128.83298,35.12994],[128.8345,35.12879],[128.83508,35.12615],[128.83777,35.124],[128.83755,35.12081],[128.83595,35.11888],[128.83849,35.1152],[128.84169,35.11459],[128.843,35.11316],[128.84314,35.10915],[128.84162,35.1059],[128.83479,35.10178],[128.8316,35.10266],[128.82484,35.10233],[128.82332,35.10178],[128.8207,35.09704],[128.82005,35.09292],[128.8178,35.09083],[128.82019,35.09165],[128.82332,35.09429],[128.82869,35.08995],[128.82651,35.08813],[128.82644,35.08621],[128.8215,35.08582],[128.82157,35.08445],[128.81852,35.08302],[128.81148,35.08302],[128.81148,35.07757],[128.7857,35.07757],[128.78468,35.07773],[128.78468,35.07955],[128.78251,35.08263],[128.78251,35.08538],[128.78389,35.0867],[128.78999,35.09402],[128.79296,35.09457],[128.79383,35.09374],[128.79754,35.09314],[128.80044,35.0938],[128.80204,35.09644],[128.80255,35.09902],[128.79914,35.10045],[128.79696,35.1004],[128.7926,35.09831],[128.78904,35.09803],[128.78832,35.09869],[128.79158,35.10172],[128.79078,35.10387],[128.78904,35.10519],[128.78832,35.10695],[128.78882,35.11162],[128.78948,35.11316],[128.78468,35.11382],[128.78251,35.11245],[128.78113,35.11003],[128.78105,35.10821],[128.77982,35.1037],[128.77735,35.10244],[128.77227,35.09897],[128.76994,35.10326],[128.76893,35.10387],[128.76297,35.10519],[128.76312,35.10244],[128.76566,35.09935],[128.76559,35.09759],[128.78418,35.09759],[128.78418,35.09231],[128.77924,35.08632],[128.77924,35.08214],[128.77437,35.08219],[128.77314,35.08296],[128.77307,35.07696],[128.77365,35.07036],[128.77292,35.06486],[128.7706,35.06437],[128.76559,35.06244],[128.76384,35.05985],[128.76145,35.06095],[128.76246,35.06525],[128.76638,35.0669],[128.76638,35.06915],[128.76471,35.07234],[128.76471,35.07449],[128.76362,35.07746],[128.75687,35.07746],[128.75578,35.07784],[128.75121,35.08225],[128.74627,35.08142],[128.74562,35.0796],[128.74336,35.07801],[128.74169,35.07801],[128.74184,35.07938],[128.74511,35.08516],[128.74351,35.08588],[128.74024,35.08379],[128.74024,35.08296],[128.73574,35.08874],[128.73588,35.0911],[128.73944,35.09649],[128.7438,35.09825],[128.74365,35.09985],[128.7401,35.10018],[128.73814,35.09891],[128.73639,35.09561],[128.73654,35.09479],[128.73327,35.09176],[128.72906,35.08995],[128.72811,35.09017],[128.73087,35.09352],[128.73015,35.09446],[128.7279,35.09363],[128.72477,35.09715],[128.72151,35.09682],[128.71896,35.09523],[128.71453,35.09517],[128.71403,35.09572],[128.71519,35.10431],[128.71461,35.10645],[128.71199,35.10678],[128.71032,35.10359],[128.70386,35.10601],[128.7003,35.10326],[128.70088,35.1015],[128.70241,35.10106],[128.70132,35.09869],[128.69812,35.09803],[128.69718,35.09974],[128.69573,35.09974],[128.69471,35.09732],[128.69181,35.09957],[128.69159,35.10062],[128.68847,35.10266],[128.68796,35.10409],[128.68897,35.10755],[128.68803,35.10887],[128.69246,35.10843],[128.69544,35.10981],[128.69536,35.11096],[128.70052,35.11569],[128.70088,35.11663],[128.69958,35.12565],[128.69791,35.1284],[128.69696,35.12796],[128.6934,35.13297],[128.69391,35.13379],[128.69732,35.13445],[128.69645,35.13803],[128.69478,35.13973],[128.69072,35.13786],[128.69217,35.13528],[128.68781,35.14155],[128.68759,35.14265],[128.69093,35.14766],[128.68861,35.14716],[128.67961,35.14678],[128.67532,35.14529],[128.67082,35.14249],[128.67329,35.13962],[128.67292,35.13649],[128.67409,35.13231],[128.67656,35.12989],[128.67779,35.12626],[128.67735,35.12483],[128.67256,35.12351],[128.6706,35.12064],[128.66639,35.11855],[128.66283,35.12268],[128.66501,35.12505],[128.66305,35.1284],[128.66341,35.13022],[128.6592,35.13561],[128.65891,35.13693],[128.65332,35.13555],[128.64446,35.13561],[128.64213,35.1454],[128.64257,35.14788],[128.64562,35.14584],[128.64722,35.14639],[128.64715,35.15052],[128.64431,35.15052],[128.63785,35.14953],[128.63633,35.14832],[128.6372,35.14595],[128.63582,35.1459],[128.63102,35.14782],[128.62972,35.14876],[128.62616,35.14837],[128.62514,35.14722],[128.62587,35.14452],[128.62224,35.13869],[128.61875,35.13588],[128.61948,35.13429],[128.62137,35.13291],[128.61933,35.13308],[128.61701,35.13698],[128.61752,35.1383],[128.61599,35.13979],[128.61381,35.13968],[128.61105,35.13753],[128.60713,35.1377],[128.60764,35.14073],[128.61033,35.14364],[128.61352,35.14474],[128.61498,35.14463],[128.61498,35.147],[128.61214,35.14771],[128.60917,35.15184],[128.60866,35.158],[128.61069,35.16229],[128.608,35.16317],[128.60604,35.16053],[128.60481,35.16053],[128.59856,35.16499],[128.6006,35.16669],[128.60081,35.16779],[128.59871,35.16955],[128.59776,35.16939],[128.59392,35.17252],[128.59261,35.17467],[128.59203,35.1772],[128.59239,35.19134],[128.58927,35.1953],[128.59065,35.19607],[128.58934,35.19943],[128.60888,35.21202],[128.61294,35.21208],[128.61686,35.2112],[128.62333,35.21213],[128.62507,35.21296],[128.63313,35.21923],[128.63226,35.21984],[128.62768,35.2173],[128.62304,35.21609],[128.61686,35.21257],[128.61294,35.21334],[128.60822,35.21307],[128.60205,35.21087],[128.5937,35.2107],[128.59355,35.20988],[128.58767,35.20971],[128.58651,35.2107],[128.58419,35.20493],[128.57591,35.19948],[128.57634,35.19744],[128.57271,35.19348],[128.57126,35.19403],[128.56451,35.18672],[128.56581,35.18534],[128.56458,35.18452],[128.57039,35.175],[128.57692,35.1745],[128.57976,35.17274],[128.58564,35.16543],[128.58273,35.16367],[128.58477,35.16103],[128.58854,35.16031],[128.59079,35.15805],[128.59043,35.15607],[128.5844,35.15536],[128.58724,35.15376],[128.59087,35.15305],[128.59137,35.1503],[128.5852,35.14694],[128.58636,35.14612],[128.59116,35.14656],[128.59624,35.14381],[128.59726,35.14172],[128.59326,35.1366],[128.59007,35.13467],[128.58811,35.13115],[128.58709,35.13044],[128.5807,35.13731],[128.57903,35.13957],[128.57504,35.13748],[128.57504,35.13313],[128.57213,35.13264],[128.57518,35.13022],[128.58237,35.12741],[128.59079,35.12917],[128.59225,35.13181],[128.59406,35.13253],[128.59914,35.13269],[128.60016,35.13198],[128.60031,35.12928],[128.59893,35.12433],[128.59544,35.12241],[128.59058,35.12257],[128.58593,35.12037],[128.58753,35.11811],[128.59014,35.12009],[128.59203,35.12026],[128.59929,35.11921],[128.59944,35.11498],[128.60081,35.1097],[128.60118,35.10392],[128.60256,35.10194],[128.60561,35.10073],[128.60721,35.09941],[128.60844,35.09721],[128.61432,35.09473],[128.61752,35.09374],[128.6157,35.09237],[128.61171,35.09292],[128.61207,35.09149],[128.61519,35.08962],[128.61708,35.08934],[128.62187,35.09006],[128.62718,35.08494],[128.62797,35.08318],[128.62572,35.08406],[128.62275,35.08346],[128.6197,35.08164],[128.6157,35.08092],[128.61004,35.08125],[128.60539,35.08054],[128.60408,35.07944],[128.60249,35.07619],[128.60278,35.07465],[128.60539,35.07311],[128.60619,35.07471],[128.60982,35.0757],[128.6112,35.07526],[128.61163,35.07223],[128.60851,35.07135],[128.60779,35.07036],[128.61258,35.06932],[128.6149,35.06948],[128.61853,35.07185],[128.62413,35.07394],[128.62652,35.07377],[128.62899,35.07234],[128.63545,35.0713],[128.63567,35.07014],[128.63415,35.06833],[128.63001,35.06756],[128.6258,35.06492],[128.6189,35.06365],[128.6165,35.06216],[128.61418,35.06266],[128.61084,35.06073],[128.6088,35.06062],[128.60742,35.05776],[128.60655,35.05804],[128.60118,35.05633],[128.6006,35.05705],[128.58941,35.05639],[128.58694,35.05529],[128.58114,35.05408],[128.57678,35.05364],[128.57366,35.05375],[128.57278,35.05468],[128.57482,35.05584],[128.57816,35.05908],[128.57809,35.06046],[128.58324,35.06117],[128.58673,35.06283],[128.58999,35.06657],[128.59246,35.06684],[128.5966,35.06822],[128.59609,35.07031],[128.59021,35.07256],[128.58702,35.07278],[128.58615,35.0719],[128.58782,35.07064],[128.58644,35.06866],[128.58302,35.06558],[128.58034,35.06459],[128.5799,35.0669],[128.56915,35.07003],[128.56777,35.06739],[128.56385,35.0669],[128.56117,35.06904],[128.56211,35.06987],[128.56509,35.06954],[128.5661,35.07058],[128.56603,35.07284],[128.56509,35.07432],[128.56291,35.0757],[128.56407,35.08225],[128.5693,35.08247],[128.57358,35.08659],[128.57816,35.08758],[128.58099,35.08753],[128.58244,35.08863],[128.58317,35.09132],[128.57947,35.09154],[128.57692,35.09061],[128.57286,35.09143],[128.56959,35.0933],[128.56327,35.09391],[128.55833,35.09479],[128.55688,35.09561],[128.55056,35.09671],[128.54809,35.09589],[128.54867,35.09446],[128.5473,35.09275],[128.54621,35.09336],[128.54548,35.09825],[128.54751,35.09908],[128.54759,35.10095],[128.54141,35.1015],[128.54403,35.1042],[128.54737,35.10414],[128.54846,35.10535],[128.54875,35.10744],[128.54722,35.10909],[128.54475,35.11047],[128.54287,35.11063],[128.54149,35.1081],[128.53858,35.10678],[128.53691,35.10777],[128.53589,35.10959],[128.53669,35.11047],[128.53909,35.10821],[128.54083,35.10992],[128.53967,35.11096],[128.53858,35.11443],[128.54047,35.1163],[128.54105,35.11811],[128.53771,35.1207],[128.53589,35.1196],[128.53531,35.11712],[128.53321,35.113],[128.53074,35.11069],[128.53038,35.10733],[128.52667,35.10442],[128.52478,35.10579],[128.52202,35.10579],[128.51985,35.10502],[128.51963,35.10007],[128.51788,35.09798],[128.51295,35.09864],[128.51266,35.09974],[128.50576,35.09853],[128.49857,35.10271],[128.49581,35.10678],[128.48434,35.10849],[128.48659,35.10596],[128.4855,35.10167],[128.48129,35.09963],[128.48099,35.10249],[128.47962,35.10238],[128.47954,35.10073],[128.47787,35.09952],[128.47105,35.0982],[128.46807,35.09902],[128.464,35.10266],[128.45892,35.10618],[128.45144,35.10425],[128.45253,35.10299],[128.45079,35.10067],[128.4489,35.10062],[128.44723,35.09781],[128.44853,35.09605],[128.45507,35.09176],[128.4611,35.08967]]]]}},{"type":"Feature","id":"50","properties":{"sido_code":"50","sido_name":"제주특별자치도","name_eng":"Jeju-do","kostat_code":"39","base_year":"2018"},"geometry":{"type":"MultiPolygon","coordinates":[[[[126.26795,33.12429],[126.26948,33.1233],[126.27028,33.1156],[126.26875,33.11252],[126.26628,33.11296],[126.26512,33.11555],[126.26476,33.11802],[126.26795,33.12429]]],[[[126.22889,33.41213],[126.23215,33.41009],[126.23186,33.4074],[126.23077,33.40597],[126.22693,33.40498],[126.22627,33.40421],[126.22257,33.40591],[126.22242,33.41004],[126.22286,33.41158],[126.22736,33.41246],[126.22889,33.41213]]],[[[126.22446,33.41785],[126.22533,33.42032],[126.22656,33.41922],[126.22402,33.41455],[126.22293,33.41515],[126.22221,33.41774],[126.22329,33.42098],[126.22431,33.42115],[126.22344,33.41862],[126.22446,33.41785]]],[[[126.90177,33.51528],[126.90177,33.51528]]],[[[126.72988,33.56072],[126.72988,33.56072]]],[[[126.90177,33.51528],[126.8993,33.51368],[126.89879,33.51236],[126.89966,33.50967],[126.90634,33.51088],[126.90961,33.50967],[126.91317,33.50637],[126.91339,33.50235],[126.90939,33.49547],[126.90968,33.49366],[126.91135,33.49096],[126.91063,33.48909],[126.90721,33.48728],[126.90518,33.48865],[126.90227,33.4859],[126.90191,33.48178],[126.90358,33.47974],[126.90808,33.47836],[126.9099,33.47897],[126.91157,33.47396],[126.91273,33.47281],[126.92036,33.46945],[126.92486,33.47204],[126.92486,33.46896],[126.92348,33.46808],[126.92087,33.46428],[126.9221,33.46445],[126.92145,33.45955],[126.92326,33.45553],[126.92762,33.4574],[126.92871,33.45839],[126.93169,33.4639],[126.93139,33.46549],[126.92784,33.46731],[126.92972,33.47193],[126.92885,33.47352],[126.93524,33.47358],[126.93546,33.47847],[126.93604,33.47825],[126.93611,33.47363],[126.93561,33.47242],[126.93655,33.46412],[126.93742,33.46406],[126.93946,33.46164],[126.94316,33.46109],[126.94534,33.4596],[126.94628,33.45619],[126.9441,33.4552],[126.94084,33.45559],[126.93822,33.45696],[126.93459,33.46081],[126.93009,33.45883],[126.92849,33.45647],[126.93016,33.45597],[126.92551,33.45168],[126.92275,33.44981],[126.92174,33.44354],[126.92232,33.43958],[126.92522,33.43556],[126.92733,33.43413],[126.93154,33.43342],[126.93415,33.43188],[126.93655,33.42968],[126.93452,33.42847],[126.93183,33.42511],[126.9311,33.42258],[126.92936,33.42258],[126.92312,33.42643],[126.92551,33.43045],[126.92413,33.43402],[126.92014,33.43523],[126.91614,33.43397],[126.91535,33.43265],[126.91658,33.42907],[126.91796,33.42726],[126.91426,33.42401],[126.91462,33.42087],[126.91244,33.41939],[126.91135,33.41768],[126.91164,33.4135],[126.90837,33.40641],[126.90467,33.40465],[126.90271,33.40195],[126.90765,33.39821],[126.90641,33.39298],[126.90649,33.3915],[126.90482,33.39023],[126.89755,33.38798],[126.89283,33.38776],[126.88826,33.38446],[126.88347,33.38352],[126.88187,33.38187],[126.88158,33.37934],[126.87853,33.37642],[126.8765,33.3751],[126.87301,33.37191],[126.87134,33.37219],[126.87069,33.37103],[126.87366,33.37081],[126.87352,33.36823],[126.87178,33.3657],[126.86742,33.36383],[126.86749,33.36245],[126.86967,33.36179],[126.86793,33.36096],[126.86909,33.35739],[126.86858,33.35442],[126.86415,33.34859],[126.85987,33.34694],[126.85899,33.34507],[126.85921,33.34187],[126.8574,33.34292],[126.85623,33.34072],[126.85653,33.33802],[126.85362,33.33791],[126.85064,33.3356],[126.84963,33.3367],[126.84403,33.3328],[126.84316,33.32862],[126.84483,33.32548],[126.84905,33.32559],[126.84992,33.32499],[126.84788,33.32322],[126.84839,33.31954],[126.84643,33.32003],[126.84374,33.31904],[126.84316,33.31805],[126.83823,33.31321],[126.83735,33.31129],[126.83554,33.30991],[126.83576,33.30887],[126.8338,33.30887],[126.83009,33.30656],[126.82247,33.30535],[126.8208,33.3059],[126.81927,33.30755],[126.81622,33.30766],[126.81128,33.3048],[126.81179,33.30375],[126.80852,33.30188],[126.807,33.30193],[126.80533,33.30408],[126.80562,33.30557],[126.80322,33.30435],[126.80293,33.3032],[126.79843,33.30281],[126.79567,33.3038],[126.79175,33.30276],[126.78529,33.3059],[126.78325,33.30573],[126.77868,33.30689],[126.77665,33.30612],[126.7736,33.30155],[126.77243,33.30045],[126.76626,33.29852],[126.76503,33.295],[126.76466,33.29187],[126.76132,33.29176],[126.7598,33.29104],[126.75697,33.28774],[126.75275,33.2856],[126.75058,33.28504],[126.74854,33.28064],[126.74527,33.27855],[126.74281,33.27767],[126.73983,33.27745],[126.73554,33.28119],[126.73286,33.28152],[126.73133,33.27855],[126.72654,33.27943],[126.72356,33.27866],[126.7224,33.27646],[126.72124,33.27597],[126.71964,33.27685],[126.71339,33.27613],[126.71223,33.27509],[126.70853,33.27393],[126.70541,33.2736],[126.69945,33.27096],[126.69161,33.26986],[126.68333,33.26953],[126.68101,33.2708],[126.67847,33.27069],[126.67759,33.267],[126.6744,33.26926],[126.6691,33.27096],[126.66489,33.27019],[126.66227,33.27404],[126.6582,33.27388],[126.66075,33.26887],[126.65784,33.26849],[126.64811,33.26849],[126.64187,33.26563],[126.64158,33.2632],[126.64354,33.26194],[126.64208,33.25974],[126.63954,33.25891],[126.64012,33.25699],[126.63627,33.25677],[126.63431,33.25589],[126.63293,33.25363],[126.63076,33.25446],[126.62836,33.25396],[126.62887,33.25248],[126.62756,33.2511],[126.62436,33.25116],[126.61979,33.24973],[126.61914,33.24516],[126.61994,33.24406],[126.61826,33.24153],[126.61427,33.23993],[126.61231,33.23988],[126.60643,33.23823],[126.60476,33.23867],[126.60323,33.2379],[126.59989,33.23449],[126.5988,33.23438],[126.59408,33.23663],[126.5914,33.23839],[126.59132,33.24098],[126.5858,33.24356],[126.58457,33.24378],[126.58261,33.24224],[126.57796,33.24483],[126.57179,33.24428],[126.56881,33.24296],[126.56729,33.23993],[126.57114,33.23614],[126.57099,33.23526],[126.56765,33.23267],[126.5675,33.23366],[126.57019,33.2357],[126.56743,33.23817],[126.56562,33.23762],[126.5609,33.2407],[126.56097,33.24296],[126.55923,33.24098],[126.55915,33.23872],[126.56017,33.23751],[126.56293,33.23828],[126.56424,33.23614],[126.56424,33.23471],[126.56184,33.23487],[126.55944,33.2363],[126.55966,33.23713],[126.55777,33.23911],[126.55443,33.23894],[126.55037,33.24125],[126.54833,33.23933],[126.54492,33.23982],[126.54347,33.23861],[126.54281,33.23988],[126.54027,33.24158],[126.53875,33.24142],[126.53316,33.23911],[126.52132,33.24092],[126.52023,33.23856],[126.51841,33.2368],[126.51536,33.23619],[126.51326,33.23289],[126.5105,33.23042],[126.50861,33.22976],[126.50411,33.23014],[126.49859,33.22915],[126.49757,33.23157],[126.49641,33.23218],[126.49126,33.23251],[126.49097,33.23141],[126.48566,33.23003],[126.4832,33.22822],[126.47724,33.22772],[126.47644,33.22623],[126.47782,33.22381],[126.47274,33.22299],[126.47121,33.22376],[126.46932,33.2264],[126.46693,33.22849],[126.46148,33.23124],[126.46286,33.23328],[126.46199,33.23746],[126.45996,33.23944],[126.45647,33.2401],[126.45197,33.24153],[126.45008,33.24114],[126.44834,33.23955],[126.44238,33.23718],[126.43912,33.2379],[126.4381,33.23894],[126.43411,33.23493],[126.42924,33.23515],[126.42408,33.23696],[126.42234,33.23944],[126.41813,33.24362],[126.41312,33.24455],[126.40825,33.2445],[126.39845,33.24032],[126.39496,33.23784],[126.3909,33.23707],[126.38647,33.23454],[126.38255,33.2335],[126.38131,33.23405],[126.37594,33.23372],[126.37325,33.23179],[126.37289,33.2297],[126.37035,33.22932],[126.36795,33.23152],[126.36679,33.23102],[126.36657,33.22893],[126.36345,33.23174],[126.36163,33.23713],[126.36025,33.2363],[126.36112,33.2346],[126.35793,33.23465],[126.35844,33.23531],[126.35582,33.23614],[126.34994,33.23454],[126.34645,33.2363],[126.3442,33.23636],[126.34333,33.23498],[126.33883,33.23553],[126.3336,33.23394],[126.32924,33.23179],[126.32772,33.23174],[126.33542,33.23482],[126.33411,33.23894],[126.33077,33.24092],[126.32772,33.24081],[126.32068,33.23878],[126.31625,33.2363],[126.31494,33.23295],[126.31182,33.23229],[126.30978,33.22987],[126.30942,33.22701],[126.30644,33.22596],[126.30651,33.2269],[126.30862,33.22778],[126.30695,33.22822],[126.30187,33.22634],[126.29751,33.22194],[126.29628,33.21914],[126.29657,33.21771],[126.29519,33.21573],[126.29482,33.21325],[126.29294,33.21204],[126.29032,33.20566],[126.29061,33.20368],[126.29301,33.2028],[126.2949,33.19801],[126.29453,33.19669],[126.29097,33.19526],[126.28792,33.19587],[126.28633,33.19702],[126.28487,33.20054],[126.2771,33.19917],[126.27558,33.19851],[126.27718,33.19702],[126.27623,33.19576],[126.27217,33.19405],[126.27042,33.19422],[126.26432,33.19653],[126.26156,33.199],[126.26106,33.20038],[126.26352,33.20148],[126.26461,33.20549],[126.26323,33.20946],[126.26178,33.21072],[126.25605,33.21045],[126.25561,33.20979],[126.24995,33.21837],[126.25111,33.21958],[126.24995,33.22024],[126.24784,33.21776],[126.24493,33.21996],[126.24101,33.2215],[126.23992,33.22568],[126.236,33.23009],[126.23375,33.23476],[126.23288,33.23531],[126.2286,33.23586],[126.22693,33.23702],[126.22598,33.23922],[126.22213,33.2407],[126.2193,33.2429],[126.21574,33.24307],[126.21407,33.24257],[126.21008,33.24301],[126.20253,33.24554],[126.19432,33.25088],[126.19388,33.25259],[126.192,33.25418],[126.18677,33.25682],[126.18227,33.25974],[126.18052,33.26243],[126.18052,33.26414],[126.17892,33.26794],[126.17457,33.27135],[126.16898,33.27503],[126.16919,33.2785],[126.16869,33.28262],[126.16614,33.28427],[126.1644,33.2846],[126.1623,33.28659],[126.16084,33.29082],[126.16099,33.29269],[126.16317,33.29599],[126.16694,33.29786],[126.16738,33.30023],[126.16353,33.30623],[126.1636,33.30804],[126.16731,33.31602],[126.1684,33.31673],[126.16672,33.32339],[126.16295,33.32388],[126.16237,33.32873],[126.16295,33.32999],[126.16535,33.33093],[126.1644,33.33252],[126.1615,33.33406],[126.16411,33.33709],[126.16578,33.33747],[126.16731,33.33945],[126.16585,33.34105],[126.1668,33.34297],[126.16847,33.34165],[126.17195,33.3427],[126.17152,33.34341],[126.17428,33.34325],[126.17515,33.34446],[126.1798,33.34628],[126.18038,33.34699],[126.18205,33.35717],[126.18292,33.35849],[126.18699,33.35882],[126.19004,33.36267],[126.19592,33.36625],[126.19802,33.36652],[126.20078,33.36542],[126.20572,33.36905],[126.2055,33.37164],[126.20732,33.37318],[126.21284,33.37527],[126.21523,33.37813],[126.21458,33.38203],[126.21581,33.38363],[126.2193,33.38468],[126.22322,33.38996],[126.22496,33.38963],[126.23382,33.38919],[126.23586,33.39062],[126.23448,33.39144],[126.2347,33.39309],[126.23702,33.39524],[126.24,33.39436],[126.24188,33.39529],[126.24268,33.39837],[126.25031,33.40112],[126.25053,33.40415],[126.24886,33.40393],[126.24987,33.40542],[126.25125,33.4052],[126.25162,33.408],[126.25263,33.40938],[126.2551,33.40938],[126.25459,33.40822],[126.25648,33.40784],[126.25866,33.40943],[126.25721,33.41092],[126.25539,33.40921],[126.25379,33.41356],[126.2559,33.41268],[126.25953,33.41625],[126.2628,33.41675],[126.26185,33.42175],[126.2604,33.42313],[126.2588,33.42264],[126.25793,33.42087],[126.25815,33.41818],[126.25706,33.4217],[126.25982,33.42506],[126.26149,33.42302],[126.26302,33.42247],[126.26425,33.42368],[126.26382,33.42709],[126.26142,33.43419],[126.26316,33.43694],[126.26411,33.43633],[126.2689,33.43611],[126.27311,33.43507],[126.27616,33.43985],[126.27892,33.44228],[126.28364,33.44288],[126.28371,33.44442],[126.28553,33.44486],[126.28974,33.44299],[126.29308,33.44382],[126.29446,33.44563],[126.29744,33.44745],[126.2978,33.44651],[126.30209,33.44888],[126.3063,33.45295],[126.31036,33.45993],[126.31015,33.46208],[126.30819,33.46296],[126.30797,33.46615],[126.31247,33.46967],[126.31596,33.46945],[126.32162,33.46654],[126.32656,33.46714],[126.32794,33.46857],[126.33142,33.46956],[126.33266,33.4678],[126.33505,33.46676],[126.3381,33.46703],[126.34043,33.47066],[126.34631,33.47303],[126.35074,33.47341],[126.35386,33.47787],[126.35844,33.47963],[126.36889,33.47842],[126.37775,33.48431],[126.37986,33.48403],[126.38138,33.48508],[126.38276,33.48777],[126.38574,33.48937],[126.38923,33.48981],[126.39126,33.48942],[126.39293,33.48524],[126.39453,33.48414],[126.4007,33.48337],[126.40252,33.48557],[126.40404,33.48601],[126.40738,33.48508],[126.40876,33.487],[126.40833,33.4881],[126.41094,33.49019],[126.41668,33.48981],[126.42082,33.49074],[126.42002,33.49239],[126.42503,33.49536],[126.42801,33.49388],[126.43207,33.49421],[126.4405,33.49608],[126.44507,33.49883],[126.45211,33.49751],[126.45429,33.5007],[126.45182,33.50252],[126.45364,33.50444],[126.4564,33.50356],[126.46003,33.50422],[126.46054,33.50505],[126.46308,33.50312],[126.46352,33.50697],[126.467,33.50571],[126.4662,33.50862],[126.46911,33.50934],[126.47441,33.50967],[126.47797,33.50917],[126.48341,33.51104],[126.48363,33.51264],[126.48574,33.51748],[126.48893,33.51935],[126.49307,33.51979],[126.49416,33.52089],[126.49888,33.52012],[126.50091,33.51748],[126.51457,33.51583],[126.51624,33.51709],[126.51624,33.51852],[126.51762,33.51952],[126.53185,33.51742],[126.53359,33.51869],[126.5333,33.51974],[126.53526,33.51979],[126.53846,33.52188],[126.54281,33.52287],[126.54296,33.52738],[126.54165,33.52958],[126.54478,33.52788],[126.54623,33.52452],[126.55342,33.52425],[126.55342,33.52282],[126.55,33.52166],[126.54688,33.52194],[126.54899,33.52062],[126.55523,33.52111],[126.55908,33.52304],[126.56177,33.52749],[126.56416,33.52667],[126.56409,33.5248],[126.56533,33.52419],[126.56918,33.52705],[126.5707,33.5259],[126.57346,33.5254],[126.57484,33.52815],[126.5768,33.52815],[126.57665,33.5265],[126.5797,33.52502],[126.58493,33.52546],[126.58915,33.52903],[126.59016,33.53321],[126.59771,33.53772],[126.59873,33.53651],[126.60055,33.5369],[126.60309,33.53503],[126.61187,33.53629],[126.61354,33.53816],[126.62153,33.53811],[126.62589,33.53624],[126.628,33.53756],[126.63017,33.53734],[126.63453,33.53602],[126.63555,33.53662],[126.63664,33.54042],[126.63439,33.54108],[126.63395,33.54202],[126.63504,33.54532],[126.6386,33.54532],[126.64005,33.54752],[126.6407,33.55016],[126.6423,33.55164],[126.64463,33.55566],[126.64876,33.55318],[126.64993,33.55329],[126.64768,33.54955],[126.65116,33.54895],[126.65247,33.55065],[126.65283,33.5528],[126.65588,33.55032],[126.66118,33.54532],[126.66547,33.54279],[126.66997,33.5435],[126.6744,33.54515],[126.67382,33.54664],[126.67542,33.5506],[126.67781,33.55247],[126.68035,33.55241],[126.68406,33.54818],[126.68907,33.5484],[126.69633,33.55164],[126.69778,33.55269],[126.70497,33.55307],[126.70766,33.55406],[126.71361,33.55467],[126.71652,33.55362],[126.71862,33.55577],[126.71949,33.55797],[126.72574,33.55797],[126.72988,33.56072],[126.733,33.55902],[126.73591,33.55802],[126.73779,33.55494],[126.74128,33.55582],[126.74549,33.55599],[126.74368,33.55791],[126.74172,33.55692],[126.73932,33.55753],[126.74026,33.55984],[126.74215,33.55846],[126.74745,33.55769],[126.75239,33.55874],[126.75813,33.55714],[126.76147,33.55858],[126.76227,33.55973],[126.76256,33.56265],[126.76205,33.56534],[126.76546,33.56595],[126.77047,33.56441],[126.77185,33.56567],[126.77476,33.56496],[126.7757,33.5632],[126.77454,33.56116],[126.77701,33.56232],[126.77911,33.56606],[126.77926,33.56474],[126.78122,33.56408],[126.78376,33.5649],[126.78427,33.56265],[126.7895,33.56149],[126.79349,33.55973],[126.79531,33.55791],[126.7948,33.55681],[126.79821,33.55527],[126.80526,33.55659],[126.80882,33.55764],[126.8139,33.55995],[126.81361,33.56138],[126.81855,33.56039],[126.82494,33.55874],[126.82762,33.55907],[126.82566,33.55445],[126.82864,33.55269],[126.82966,33.55054],[126.82719,33.54763],[126.82857,33.54526],[126.82879,33.54306],[126.83154,33.54152],[126.83445,33.54075],[126.83648,33.53938],[126.84069,33.53371],[126.84367,33.53409],[126.84934,33.53316],[126.85166,33.53222],[126.85493,33.52815],[126.8587,33.52551],[126.86233,33.52491],[126.864,33.52524],[126.86611,33.52738],[126.86633,33.52942],[126.87141,33.53068],[126.87228,33.52997],[126.88129,33.52975],[126.88245,33.52716],[126.88376,33.52672],[126.88877,33.52788],[126.89283,33.52689],[126.89632,33.52419],[126.9006,33.52216],[126.90591,33.52067],[126.90569,33.51963],[126.90242,33.51902],[126.90111,33.51803],[126.90177,33.51528]]]]}}]}